subject_id,image,n_fix_clean,n_valid_trans
0,act_001.jpg,19.0,18.0
0,act_002.jpg,17.0,16.0
0,act_003.jpg,18.0,17.0
0,act_004.jpg,16.0,15.0
0,act_005.jpg,17.0,16.0
0,art_006.jpg,14.0,13.0
0,art_007.jpg,16.0,15.0
0,art_008.jpg,18.0,17.0
0,art_009.jpg,15.0,14.0
0,art_010.jpg,16.0,15.0
0,art_011.jpg,16.0,15.0
0,cat_012.jpg,16.0,15.0
0,cat_013.jpg,17.0,16.0
0,cat_014.jpg,18.0,17.0
0,cat_015.jpg,14.0,13.0
0,ind_016.jpg,16.0,15.0
0,ind_017.jpg,19.0,18.0
0,ind_018.jpg,17.0,16.0
0,ind_019.jpg,17.0,16.0
0,ind_020.jpg,16.0,15.0
0,ind_021.jpg,15.0,14.0
0,ind_022.jpg,18.0,17.0
0,ind_023.jpg,16.0,15.0
0,ind_024.jpg,16.0,15.0
0,ind_025.jpg,15.0,14.0
0,land_026.jpg,16.0,15.0
0,land_027.jpg,20.0,19.0
0,land_028.jpg,18.0,17.0
0,land_029.jpg,14.0,13.0
0,land_030.jpg,15.0,14.0
0,low_031.jpg,10.0,9.0
0,low_032.jpg,14.0,13.0
0,low_033.jpg,16.0,15.0
0,low_034.jpg,12.0,11.0
0,low_035.jpg,13.0,12.0
0,low_036.jpg,13.0,12.0
0,mood_37.jpg,18.0,17.0
0,mood_38.jpg,18.0,17.0
0,mood_39.jpg,15.0,14.0
0,mood_40.jpg,17.0,16.0
0,mood_41.jpg,13.0,12.0
0,mood_42.jpg,18.0,17.0
0,mood_43.jpg,16.0,15.0
0,mood_44.jpg,16.0,15.0
0,mood_45.jpg,16.0,15.0
0,mood_46.jpg,17.0,16.0
0,noi_047.jpg,14.0,13.0
0,noi_048.jpg,13.0,12.0
0,noi_049.jpg,15.0,14.0
0,noi_050.jpg,14.0,13.0
0,noi_051.jpg,13.0,12.0
0,noi_052.jpg,12.0,11.0
0,noi_053.jpg,16.0,15.0
0,outman_054.jpg,14.0,13.0
0,outman_055.jpg,12.0,11.0
0,outman_056.jpg,14.0,13.0
0,outman_057.jpg,14.0,13.0
0,outman_058.jpg,17.0,16.0
0,outman_059.jpg,17.0,16.0
0,outman_060.jpg,13.0,12.0
0,outman_061.jpg,19.0,18.0
0,pat_066.jpg,16.0,15.0
0,pat_067.jpg,13.0,12.0
0,pat_068.jpg,13.0,12.0
0,pat_069.jpg,11.0,10.0
0,pat_070.jpg,11.0,10.0
0,patch_062.jpg,13.0,12.0
0,patch_063.jpg,17.0,16.0
0,patch_064.jpg,15.0,14.0
0,patch_065.jpg,14.0,13.0
0,por_071.jpg,13.0,12.0
0,por_072.jpg,15.0,14.0
0,por_073.jpg,17.0,16.0
0,por_074.jpg,12.0,11.0
0,rand_075.jpg,13.0,12.0
0,rand_076.jpg,17.0,16.0
0,rand_077.jpg,17.0,16.0
0,rand_078.jpg,13.0,12.0
0,rand_079.jpg,18.0,17.0
0,sat_080.jpg,16.0,15.0
0,sat_081.jpg,17.0,16.0
0,sat_082.jpg,16.0,15.0
0,sat_083.jpg,15.0,14.0
0,sat_084.jpg,15.0,14.0
0,sat_085.jpg,12.0,11.0
0,sat_086.jpg,15.0,14.0
0,sat_087.jpg,12.0,11.0
0,soc_088.jpg,11.0,10.0
0,soc_089.jpg,18.0,17.0
0,soc_090.jpg,17.0,16.0
0,soc_091.jpg,18.0,17.0
0,soc_092.jpg,15.0,14.0
0,soc_093.jpg,11.0,10.0
0,soc_094.jpg,16.0,15.0
0,soc_095.jpg,12.0,11.0
0,soc_096.jpg,18.0,17.0
0,soc_097.jpg,16.0,15.0
0,soc_098.jpg,18.0,17.0
0,soc_099.jpg,18.0,17.0
0,soc_100.jpg,18.0,17.0
1,act_001.jpg,3.0,2.0
1,act_002.jpg,14.0,13.0
1,act_003.jpg,14.0,13.0
1,act_004.jpg,8.0,7.0
1,act_005.jpg,13.0,12.0
1,art_006.jpg,10.0,9.0
1,art_007.jpg,13.0,12.0
1,art_008.jpg,14.0,13.0
1,art_009.jpg,16.0,15.0
1,art_010.jpg,15.0,14.0
1,art_011.jpg,10.0,9.0
1,cat_012.jpg,12.0,11.0
1,cat_013.jpg,10.0,9.0
1,cat_014.jpg,13.0,12.0
1,cat_015.jpg,7.0,6.0
1,ind_016.jpg,14.0,13.0
1,ind_017.jpg,15.0,14.0
1,ind_018.jpg,5.0,4.0
1,ind_019.jpg,10.0,9.0
1,ind_020.jpg,14.0,13.0
1,ind_021.jpg,9.0,8.0
1,ind_022.jpg,10.0,9.0
1,ind_023.jpg,10.0,9.0
1,ind_024.jpg,12.0,11.0
1,ind_025.jpg,3.0,2.0
1,land_026.jpg,5.0,4.0
1,land_027.jpg,12.0,11.0
1,land_028.jpg,17.0,16.0
1,land_029.jpg,14.0,13.0
1,land_030.jpg,12.0,11.0
1,low_031.jpg,10.0,9.0
1,low_032.jpg,11.0,10.0
1,low_033.jpg,13.0,12.0
1,low_034.jpg,11.0,10.0
1,low_035.jpg,11.0,10.0
1,low_036.jpg,12.0,11.0
1,mood_37.jpg,17.0,16.0
1,mood_38.jpg,16.0,15.0
1,mood_39.jpg,19.0,18.0
1,mood_40.jpg,18.0,17.0
1,mood_41.jpg,10.0,9.0
1,mood_42.jpg,12.0,11.0
1,mood_43.jpg,12.0,11.0
1,mood_44.jpg,17.0,16.0
1,mood_45.jpg,19.0,18.0
1,mood_46.jpg,15.0,14.0
1,noi_047.jpg,7.0,6.0
1,noi_048.jpg,14.0,13.0
1,noi_049.jpg,11.0,10.0
1,noi_050.jpg,11.0,10.0
1,noi_051.jpg,4.0,3.0
1,noi_052.jpg,13.0,12.0
1,noi_053.jpg,14.0,13.0
1,outman_054.jpg,12.0,11.0
1,outman_055.jpg,15.0,14.0
1,outman_056.jpg,12.0,11.0
1,outman_057.jpg,14.0,13.0
1,outman_058.jpg,14.0,13.0
1,outman_059.jpg,6.0,5.0
1,outman_060.jpg,7.0,6.0
1,outman_061.jpg,10.0,9.0
1,pat_066.jpg,7.0,6.0
1,pat_067.jpg,10.0,9.0
1,pat_068.jpg,10.0,9.0
1,pat_069.jpg,14.0,13.0
1,pat_070.jpg,12.0,11.0
1,patch_062.jpg,11.0,10.0
1,patch_063.jpg,11.0,10.0
1,patch_064.jpg,12.0,11.0
1,patch_065.jpg,14.0,13.0
1,por_071.jpg,15.0,14.0
1,por_072.jpg,16.0,15.0
1,por_073.jpg,17.0,16.0
1,por_074.jpg,14.0,13.0
1,rand_075.jpg,16.0,15.0
1,rand_076.jpg,9.0,8.0
1,rand_077.jpg,14.0,13.0
1,rand_078.jpg,11.0,10.0
1,rand_079.jpg,4.0,3.0
1,sat_080.jpg,9.0,8.0
1,sat_081.jpg,7.0,6.0
1,sat_082.jpg,12.0,11.0
1,sat_083.jpg,8.0,7.0
1,sat_084.jpg,13.0,12.0
1,sat_085.jpg,11.0,10.0
1,sat_086.jpg,12.0,11.0
1,sat_087.jpg,12.0,11.0
1,soc_088.jpg,13.0,12.0
1,soc_089.jpg,12.0,11.0
1,soc_090.jpg,14.0,13.0
1,soc_091.jpg,17.0,16.0
1,soc_092.jpg,14.0,13.0
1,soc_093.jpg,18.0,17.0
1,soc_094.jpg,14.0,13.0
1,soc_095.jpg,15.0,14.0
1,soc_096.jpg,19.0,18.0
1,soc_097.jpg,15.0,14.0
1,soc_098.jpg,10.0,9.0
1,soc_099.jpg,15.0,14.0
1,soc_100.jpg,9.0,8.0
2,act_001.jpg,13.0,12.0
2,act_002.jpg,14.0,13.0
2,act_003.jpg,14.0,13.0
2,act_004.jpg,13.0,12.0
2,act_005.jpg,16.0,15.0
2,art_006.jpg,13.0,12.0
2,art_007.jpg,17.0,16.0
2,art_008.jpg,13.0,12.0
2,art_009.jpg,18.0,17.0
2,art_010.jpg,15.0,14.0
2,art_011.jpg,15.0,14.0
2,cat_012.jpg,15.0,14.0
2,cat_013.jpg,17.0,16.0
2,cat_014.jpg,19.0,18.0
2,cat_015.jpg,16.0,15.0
2,ind_016.jpg,10.0,9.0
2,ind_017.jpg,19.0,18.0
2,ind_018.jpg,16.0,15.0
2,ind_019.jpg,17.0,16.0
2,ind_020.jpg,11.0,10.0
2,ind_021.jpg,17.0,16.0
2,ind_022.jpg,16.0,15.0
2,ind_023.jpg,16.0,15.0
2,ind_024.jpg,15.0,14.0
2,ind_025.jpg,17.0,16.0
2,land_026.jpg,15.0,14.0
2,land_027.jpg,14.0,13.0
2,land_028.jpg,18.0,17.0
2,land_029.jpg,16.0,15.0
2,land_030.jpg,15.0,14.0
2,low_031.jpg,14.0,13.0
2,low_032.jpg,15.0,14.0
2,low_033.jpg,12.0,11.0
2,low_034.jpg,14.0,13.0
2,low_035.jpg,11.0,10.0
2,low_036.jpg,15.0,14.0
2,mood_37.jpg,15.0,14.0
2,mood_38.jpg,16.0,15.0
2,mood_39.jpg,18.0,17.0
2,mood_40.jpg,22.0,21.0
2,mood_41.jpg,18.0,17.0
2,mood_42.jpg,17.0,16.0
2,mood_43.jpg,19.0,18.0
2,mood_44.jpg,16.0,15.0
2,mood_45.jpg,15.0,14.0
2,mood_46.jpg,18.0,17.0
2,noi_047.jpg,16.0,15.0
2,noi_048.jpg,17.0,16.0
2,noi_049.jpg,18.0,17.0
2,noi_050.jpg,16.0,15.0
2,noi_051.jpg,13.0,12.0
2,noi_052.jpg,17.0,16.0
2,noi_053.jpg,14.0,13.0
2,outman_054.jpg,14.0,13.0
2,outman_055.jpg,12.0,11.0
2,outman_056.jpg,16.0,15.0
2,outman_057.jpg,14.0,13.0
2,outman_058.jpg,11.0,10.0
2,outman_059.jpg,16.0,15.0
2,outman_060.jpg,15.0,14.0
2,outman_061.jpg,16.0,15.0
2,pat_066.jpg,4.0,3.0
2,pat_067.jpg,11.0,10.0
2,pat_068.jpg,9.0,8.0
2,pat_069.jpg,14.0,13.0
2,pat_070.jpg,14.0,13.0
2,patch_062.jpg,19.0,18.0
2,patch_063.jpg,16.0,15.0
2,patch_064.jpg,18.0,17.0
2,patch_065.jpg,14.0,13.0
2,por_071.jpg,14.0,13.0
2,por_072.jpg,11.0,10.0
2,por_073.jpg,17.0,16.0
2,por_074.jpg,12.0,11.0
2,rand_075.jpg,16.0,15.0
2,rand_076.jpg,16.0,15.0
2,rand_077.jpg,13.0,12.0
2,rand_078.jpg,13.0,12.0
2,rand_079.jpg,15.0,14.0
2,sat_080.jpg,17.0,16.0
2,sat_081.jpg,16.0,15.0
2,sat_082.jpg,18.0,17.0
2,sat_083.jpg,17.0,16.0
2,sat_084.jpg,13.0,12.0
2,sat_085.jpg,15.0,14.0
2,sat_086.jpg,16.0,15.0
2,sat_087.jpg,14.0,13.0
2,soc_088.jpg,18.0,17.0
2,soc_089.jpg,20.0,19.0
2,soc_090.jpg,14.0,13.0
2,soc_091.jpg,19.0,18.0
2,soc_092.jpg,12.0,11.0
2,soc_093.jpg,16.0,15.0
2,soc_094.jpg,16.0,15.0
2,soc_095.jpg,19.0,18.0
2,soc_096.jpg,11.0,10.0
2,soc_097.jpg,15.0,14.0
2,soc_098.jpg,10.0,9.0
2,soc_099.jpg,18.0,17.0
2,soc_100.jpg,14.0,13.0
3,act_001.jpg,19.0,18.0
3,act_002.jpg,10.0,9.0
3,act_003.jpg,16.0,15.0
3,act_004.jpg,18.0,17.0
3,act_005.jpg,19.0,18.0
3,art_006.jpg,17.0,16.0
3,art_007.jpg,16.0,15.0
3,art_008.jpg,15.0,14.0
3,art_009.jpg,16.0,15.0
3,art_010.jpg,18.0,17.0
3,art_011.jpg,16.0,15.0
3,cat_012.jpg,19.0,18.0
3,cat_013.jpg,17.0,16.0
3,cat_014.jpg,18.0,17.0
3,cat_015.jpg,21.0,20.0
3,ind_016.jpg,17.0,16.0
3,ind_017.jpg,14.0,13.0
3,ind_018.jpg,18.0,17.0
3,ind_019.jpg,15.0,14.0
3,ind_020.jpg,15.0,14.0
3,ind_021.jpg,18.0,17.0
3,ind_022.jpg,19.0,18.0
3,ind_023.jpg,17.0,16.0
3,ind_024.jpg,16.0,15.0
3,ind_025.jpg,16.0,15.0
3,land_026.jpg,14.0,13.0
3,land_027.jpg,19.0,18.0
3,land_028.jpg,17.0,16.0
3,land_029.jpg,17.0,16.0
3,land_030.jpg,15.0,14.0
3,low_031.jpg,14.0,13.0
3,low_032.jpg,17.0,16.0
3,low_033.jpg,18.0,17.0
3,low_034.jpg,15.0,14.0
3,low_035.jpg,16.0,15.0
3,low_036.jpg,16.0,15.0
3,mood_37.jpg,8.0,7.0
3,mood_38.jpg,19.0,18.0
3,mood_39.jpg,15.0,14.0
3,mood_40.jpg,13.0,12.0
3,mood_41.jpg,14.0,13.0
3,mood_42.jpg,10.0,9.0
3,mood_43.jpg,20.0,19.0
3,mood_44.jpg,17.0,16.0
3,mood_45.jpg,19.0,18.0
3,mood_46.jpg,19.0,18.0
3,noi_047.jpg,18.0,17.0
3,noi_048.jpg,19.0,18.0
3,noi_049.jpg,14.0,13.0
3,noi_050.jpg,17.0,16.0
3,noi_051.jpg,15.0,14.0
3,noi_052.jpg,16.0,15.0
3,noi_053.jpg,21.0,20.0
3,outman_054.jpg,16.0,15.0
3,outman_055.jpg,16.0,15.0
3,outman_056.jpg,16.0,15.0
3,outman_057.jpg,17.0,16.0
3,outman_058.jpg,19.0,18.0
3,outman_059.jpg,18.0,17.0
3,outman_060.jpg,8.0,7.0
3,outman_061.jpg,15.0,14.0
3,pat_066.jpg,17.0,16.0
3,pat_067.jpg,13.0,12.0
3,pat_068.jpg,15.0,14.0
3,pat_069.jpg,9.0,8.0
3,pat_070.jpg,22.0,21.0
3,patch_062.jpg,13.0,12.0
3,patch_063.jpg,12.0,11.0
3,patch_064.jpg,10.0,9.0
3,patch_065.jpg,15.0,14.0
3,por_071.jpg,6.0,5.0
3,por_072.jpg,18.0,17.0
3,por_073.jpg,12.0,11.0
3,por_074.jpg,17.0,16.0
3,rand_075.jpg,17.0,16.0
3,rand_076.jpg,14.0,13.0
3,rand_077.jpg,17.0,16.0
3,rand_078.jpg,18.0,17.0
3,rand_079.jpg,13.0,12.0
3,sat_080.jpg,18.0,17.0
3,sat_081.jpg,15.0,14.0
3,sat_082.jpg,10.0,9.0
3,sat_083.jpg,16.0,15.0
3,sat_084.jpg,14.0,13.0
3,sat_085.jpg,17.0,16.0
3,sat_086.jpg,17.0,16.0
3,sat_087.jpg,11.0,10.0
3,soc_088.jpg,16.0,15.0
3,soc_089.jpg,15.0,14.0
3,soc_090.jpg,14.0,13.0
3,soc_091.jpg,15.0,14.0
3,soc_092.jpg,3.0,2.0
3,soc_093.jpg,16.0,15.0
3,soc_094.jpg,17.0,16.0
3,soc_095.jpg,21.0,20.0
3,soc_096.jpg,17.0,16.0
3,soc_097.jpg,18.0,17.0
3,soc_098.jpg,13.0,12.0
3,soc_099.jpg,14.0,13.0
3,soc_100.jpg,19.0,18.0
4,act_001.jpg,12.0,11.0
4,act_002.jpg,14.0,13.0
4,act_003.jpg,18.0,17.0
4,act_004.jpg,12.0,11.0
4,act_005.jpg,12.0,11.0
4,art_006.jpg,18.0,17.0
4,art_007.jpg,22.0,21.0
4,art_008.jpg,9.0,8.0
4,art_009.jpg,15.0,14.0
4,art_010.jpg,14.0,13.0
4,art_011.jpg,11.0,10.0
4,cat_012.jpg,20.0,19.0
4,cat_013.jpg,18.0,17.0
4,cat_014.jpg,15.0,14.0
4,cat_015.jpg,8.0,7.0
4,ind_016.jpg,13.0,12.0
4,ind_017.jpg,19.0,18.0
4,ind_018.jpg,18.0,17.0
4,ind_019.jpg,,
4,ind_020.jpg,16.0,15.0
4,ind_021.jpg,8.0,7.0
4,ind_022.jpg,8.0,7.0
4,ind_023.jpg,6.0,5.0
4,ind_024.jpg,18.0,17.0
4,ind_025.jpg,1.0,0.0
4,land_026.jpg,11.0,10.0
4,land_027.jpg,18.0,17.0
4,land_028.jpg,20.0,19.0
4,land_029.jpg,11.0,10.0
4,land_030.jpg,11.0,10.0
4,low_031.jpg,15.0,14.0
4,low_032.jpg,9.0,8.0
4,low_033.jpg,7.0,6.0
4,low_034.jpg,6.0,5.0
4,low_035.jpg,8.0,7.0
4,low_036.jpg,11.0,10.0
4,mood_37.jpg,13.0,12.0
4,mood_38.jpg,19.0,18.0
4,mood_39.jpg,20.0,19.0
4,mood_40.jpg,3.0,2.0
4,mood_41.jpg,18.0,17.0
4,mood_42.jpg,12.0,11.0
4,mood_43.jpg,22.0,21.0
4,mood_44.jpg,8.0,7.0
4,mood_45.jpg,16.0,15.0
4,mood_46.jpg,13.0,12.0
4,noi_047.jpg,13.0,12.0
4,noi_048.jpg,7.0,6.0
4,noi_049.jpg,16.0,15.0
4,noi_050.jpg,,
4,noi_051.jpg,11.0,10.0
4,noi_052.jpg,1.0,0.0
4,noi_053.jpg,2.0,1.0
4,outman_054.jpg,14.0,13.0
4,outman_055.jpg,17.0,16.0
4,outman_056.jpg,18.0,17.0
4,outman_057.jpg,18.0,17.0
4,outman_058.jpg,15.0,14.0
4,outman_059.jpg,20.0,19.0
4,outman_060.jpg,11.0,10.0
4,outman_061.jpg,19.0,18.0
4,pat_066.jpg,3.0,2.0
4,pat_067.jpg,1.0,0.0
4,pat_068.jpg,18.0,17.0
4,pat_069.jpg,15.0,14.0
4,pat_070.jpg,10.0,9.0
4,patch_062.jpg,16.0,15.0
4,patch_063.jpg,17.0,16.0
4,patch_064.jpg,2.0,1.0
4,patch_065.jpg,12.0,11.0
4,por_071.jpg,17.0,16.0
4,por_072.jpg,9.0,8.0
4,por_073.jpg,16.0,15.0
4,por_074.jpg,16.0,15.0
4,rand_075.jpg,18.0,17.0
4,rand_076.jpg,19.0,18.0
4,rand_077.jpg,8.0,7.0
4,rand_078.jpg,10.0,9.0
4,rand_079.jpg,10.0,9.0
4,sat_080.jpg,2.0,1.0
4,sat_081.jpg,19.0,18.0
4,sat_082.jpg,14.0,13.0
4,sat_083.jpg,13.0,12.0
4,sat_084.jpg,2.0,1.0
4,sat_085.jpg,20.0,19.0
4,sat_086.jpg,14.0,13.0
4,sat_087.jpg,15.0,14.0
4,soc_088.jpg,10.0,9.0
4,soc_089.jpg,9.0,8.0
4,soc_090.jpg,16.0,15.0
4,soc_091.jpg,12.0,11.0
4,soc_092.jpg,4.0,3.0
4,soc_093.jpg,18.0,17.0
4,soc_094.jpg,13.0,12.0
4,soc_095.jpg,11.0,10.0
4,soc_096.jpg,19.0,18.0
4,soc_097.jpg,11.0,10.0
4,soc_098.jpg,18.0,17.0
4,soc_099.jpg,16.0,15.0
4,soc_100.jpg,11.0,10.0
5,act_001.jpg,11.0,10.0
5,act_002.jpg,11.0,10.0
5,act_003.jpg,17.0,16.0
5,act_004.jpg,8.0,7.0
5,act_005.jpg,14.0,13.0
5,art_006.jpg,17.0,16.0
5,art_007.jpg,14.0,13.0
5,art_008.jpg,12.0,11.0
5,art_009.jpg,14.0,13.0
5,art_010.jpg,16.0,15.0
5,art_011.jpg,14.0,13.0
5,cat_012.jpg,13.0,12.0
5,cat_013.jpg,15.0,14.0
5,cat_014.jpg,14.0,13.0
5,cat_015.jpg,12.0,11.0
5,ind_016.jpg,14.0,13.0
5,ind_017.jpg,14.0,13.0
5,ind_018.jpg,16.0,15.0
5,ind_019.jpg,13.0,12.0
5,ind_020.jpg,14.0,13.0
5,ind_021.jpg,13.0,12.0
5,ind_022.jpg,15.0,14.0
5,ind_023.jpg,13.0,12.0
5,ind_024.jpg,15.0,14.0
5,ind_025.jpg,11.0,10.0
5,land_026.jpg,11.0,10.0
5,land_027.jpg,13.0,12.0
5,land_028.jpg,11.0,10.0
5,land_029.jpg,14.0,13.0
5,land_030.jpg,11.0,10.0
5,low_031.jpg,15.0,14.0
5,low_032.jpg,13.0,12.0
5,low_033.jpg,13.0,12.0
5,low_034.jpg,12.0,11.0
5,low_035.jpg,12.0,11.0
5,low_036.jpg,13.0,12.0
5,mood_37.jpg,17.0,16.0
5,mood_38.jpg,15.0,14.0
5,mood_39.jpg,16.0,15.0
5,mood_40.jpg,13.0,12.0
5,mood_41.jpg,15.0,14.0
5,mood_42.jpg,16.0,15.0
5,mood_43.jpg,16.0,15.0
5,mood_44.jpg,18.0,17.0
5,mood_45.jpg,17.0,16.0
5,mood_46.jpg,14.0,13.0
5,noi_047.jpg,15.0,14.0
5,noi_048.jpg,11.0,10.0
5,noi_049.jpg,12.0,11.0
5,noi_050.jpg,12.0,11.0
5,noi_051.jpg,13.0,12.0
5,noi_052.jpg,13.0,12.0
5,noi_053.jpg,14.0,13.0
5,outman_054.jpg,13.0,12.0
5,outman_055.jpg,11.0,10.0
5,outman_056.jpg,14.0,13.0
5,outman_057.jpg,11.0,10.0
5,outman_058.jpg,12.0,11.0
5,outman_059.jpg,13.0,12.0
5,outman_060.jpg,13.0,12.0
5,outman_061.jpg,12.0,11.0
5,pat_066.jpg,10.0,9.0
5,pat_067.jpg,6.0,5.0
5,pat_068.jpg,14.0,13.0
5,pat_069.jpg,11.0,10.0
5,pat_070.jpg,14.0,13.0
5,patch_062.jpg,13.0,12.0
5,patch_063.jpg,15.0,14.0
5,patch_064.jpg,15.0,14.0
5,patch_065.jpg,15.0,14.0
5,por_071.jpg,12.0,11.0
5,por_072.jpg,13.0,12.0
5,por_073.jpg,15.0,14.0
5,por_074.jpg,17.0,16.0
5,rand_075.jpg,17.0,16.0
5,rand_076.jpg,13.0,12.0
5,rand_077.jpg,11.0,10.0
5,rand_078.jpg,13.0,12.0
5,rand_079.jpg,15.0,14.0
5,sat_080.jpg,14.0,13.0
5,sat_081.jpg,15.0,14.0
5,sat_082.jpg,14.0,13.0
5,sat_083.jpg,15.0,14.0
5,sat_084.jpg,11.0,10.0
5,sat_085.jpg,13.0,12.0
5,sat_086.jpg,15.0,14.0
5,sat_087.jpg,12.0,11.0
5,soc_088.jpg,15.0,14.0
5,soc_089.jpg,14.0,13.0
5,soc_090.jpg,13.0,12.0
5,soc_091.jpg,16.0,15.0
5,soc_092.jpg,13.0,12.0
5,soc_093.jpg,14.0,13.0
5,soc_094.jpg,15.0,14.0
5,soc_095.jpg,14.0,13.0
5,soc_096.jpg,17.0,16.0
5,soc_097.jpg,15.0,14.0
5,soc_098.jpg,13.0,12.0
5,soc_099.jpg,15.0,14.0
5,soc_100.jpg,11.0,10.0
6,act_001.jpg,15.0,14.0
6,act_002.jpg,14.0,13.0
6,act_003.jpg,18.0,17.0
6,act_004.jpg,15.0,14.0
6,act_005.jpg,14.0,13.0
6,art_006.jpg,14.0,13.0
6,art_007.jpg,16.0,15.0
6,art_008.jpg,10.0,9.0
6,art_009.jpg,11.0,10.0
6,art_010.jpg,5.0,4.0
6,art_011.jpg,17.0,16.0
6,cat_012.jpg,13.0,12.0
6,cat_013.jpg,16.0,15.0
6,cat_014.jpg,16.0,15.0
6,cat_015.jpg,15.0,14.0
6,ind_016.jpg,12.0,11.0
6,ind_017.jpg,12.0,11.0
6,ind_018.jpg,13.0,12.0
6,ind_019.jpg,12.0,11.0
6,ind_020.jpg,10.0,9.0
6,ind_021.jpg,13.0,12.0
6,ind_022.jpg,14.0,13.0
6,ind_023.jpg,13.0,12.0
6,ind_024.jpg,14.0,13.0
6,ind_025.jpg,16.0,15.0
6,land_026.jpg,14.0,13.0
6,land_027.jpg,12.0,11.0
6,land_028.jpg,12.0,11.0
6,land_029.jpg,7.0,6.0
6,land_030.jpg,6.0,5.0
6,low_031.jpg,9.0,8.0
6,low_032.jpg,7.0,6.0
6,low_033.jpg,5.0,4.0
6,low_034.jpg,8.0,7.0
6,low_035.jpg,13.0,12.0
6,low_036.jpg,11.0,10.0
6,mood_37.jpg,16.0,15.0
6,mood_38.jpg,14.0,13.0
6,mood_39.jpg,19.0,18.0
6,mood_40.jpg,16.0,15.0
6,mood_41.jpg,17.0,16.0
6,mood_42.jpg,14.0,13.0
6,mood_43.jpg,19.0,18.0
6,mood_44.jpg,16.0,15.0
6,mood_45.jpg,14.0,13.0
6,mood_46.jpg,16.0,15.0
6,noi_047.jpg,12.0,11.0
6,noi_048.jpg,13.0,12.0
6,noi_049.jpg,13.0,12.0
6,noi_050.jpg,15.0,14.0
6,noi_051.jpg,8.0,7.0
6,noi_052.jpg,8.0,7.0
6,noi_053.jpg,9.0,8.0
6,outman_054.jpg,13.0,12.0
6,outman_055.jpg,12.0,11.0
6,outman_056.jpg,15.0,14.0
6,outman_057.jpg,9.0,8.0
6,outman_058.jpg,9.0,8.0
6,outman_059.jpg,15.0,14.0
6,outman_060.jpg,11.0,10.0
6,outman_061.jpg,15.0,14.0
6,pat_066.jpg,15.0,14.0
6,pat_067.jpg,8.0,7.0
6,pat_068.jpg,2.0,1.0
6,pat_069.jpg,11.0,10.0
6,pat_070.jpg,14.0,13.0
6,patch_062.jpg,16.0,15.0
6,patch_063.jpg,16.0,15.0
6,patch_064.jpg,11.0,10.0
6,patch_065.jpg,14.0,13.0
6,por_071.jpg,14.0,13.0
6,por_072.jpg,13.0,12.0
6,por_073.jpg,10.0,9.0
6,por_074.jpg,13.0,12.0
6,rand_075.jpg,16.0,15.0
6,rand_076.jpg,17.0,16.0
6,rand_077.jpg,15.0,14.0
6,rand_078.jpg,17.0,16.0
6,rand_079.jpg,12.0,11.0
6,sat_080.jpg,16.0,15.0
6,sat_081.jpg,17.0,16.0
6,sat_082.jpg,16.0,15.0
6,sat_083.jpg,14.0,13.0
6,sat_084.jpg,16.0,15.0
6,sat_085.jpg,12.0,11.0
6,sat_086.jpg,4.0,3.0
6,sat_087.jpg,16.0,15.0
6,soc_088.jpg,15.0,14.0
6,soc_089.jpg,14.0,13.0
6,soc_090.jpg,17.0,16.0
6,soc_091.jpg,2.0,1.0
6,soc_092.jpg,13.0,12.0
6,soc_093.jpg,10.0,9.0
6,soc_094.jpg,14.0,13.0
6,soc_095.jpg,16.0,15.0
6,soc_096.jpg,16.0,15.0
6,soc_097.jpg,13.0,12.0
6,soc_098.jpg,15.0,14.0
6,soc_099.jpg,16.0,15.0
6,soc_100.jpg,14.0,13.0
7,act_001.jpg,16.0,15.0
7,act_002.jpg,17.0,16.0
7,act_003.jpg,19.0,18.0
7,act_004.jpg,17.0,16.0
7,act_005.jpg,19.0,18.0
7,art_006.jpg,15.0,14.0
7,art_007.jpg,19.0,18.0
7,art_008.jpg,12.0,11.0
7,art_009.jpg,17.0,16.0
7,art_010.jpg,12.0,11.0
7,art_011.jpg,17.0,16.0
7,cat_012.jpg,19.0,18.0
7,cat_013.jpg,21.0,20.0
7,cat_014.jpg,20.0,19.0
7,cat_015.jpg,17.0,16.0
7,ind_016.jpg,17.0,16.0
7,ind_017.jpg,20.0,19.0
7,ind_018.jpg,17.0,16.0
7,ind_019.jpg,15.0,14.0
7,ind_020.jpg,17.0,16.0
7,ind_021.jpg,20.0,19.0
7,ind_022.jpg,17.0,16.0
7,ind_023.jpg,18.0,17.0
7,ind_024.jpg,19.0,18.0
7,ind_025.jpg,16.0,15.0
7,land_026.jpg,21.0,20.0
7,land_027.jpg,22.0,21.0
7,land_028.jpg,20.0,19.0
7,land_029.jpg,19.0,18.0
7,land_030.jpg,20.0,19.0
7,low_031.jpg,12.0,11.0
7,low_032.jpg,16.0,15.0
7,low_033.jpg,4.0,3.0
7,low_034.jpg,5.0,4.0
7,low_035.jpg,12.0,11.0
7,low_036.jpg,12.0,11.0
7,mood_37.jpg,20.0,19.0
7,mood_38.jpg,20.0,19.0
7,mood_39.jpg,23.0,22.0
7,mood_40.jpg,19.0,18.0
7,mood_41.jpg,20.0,19.0
7,mood_42.jpg,18.0,17.0
7,mood_43.jpg,20.0,19.0
7,mood_44.jpg,25.0,24.0
7,mood_45.jpg,19.0,18.0
7,mood_46.jpg,18.0,17.0
7,noi_047.jpg,19.0,18.0
7,noi_048.jpg,14.0,13.0
7,noi_049.jpg,19.0,18.0
7,noi_050.jpg,19.0,18.0
7,noi_051.jpg,17.0,16.0
7,noi_052.jpg,16.0,15.0
7,noi_053.jpg,16.0,15.0
7,outman_054.jpg,20.0,19.0
7,outman_055.jpg,19.0,18.0
7,outman_056.jpg,19.0,18.0
7,outman_057.jpg,18.0,17.0
7,outman_058.jpg,14.0,13.0
7,outman_059.jpg,20.0,19.0
7,outman_060.jpg,19.0,18.0
7,outman_061.jpg,20.0,19.0
7,pat_066.jpg,17.0,16.0
7,pat_067.jpg,17.0,16.0
7,pat_068.jpg,14.0,13.0
7,pat_069.jpg,16.0,15.0
7,pat_070.jpg,15.0,14.0
7,patch_062.jpg,20.0,19.0
7,patch_063.jpg,17.0,16.0
7,patch_064.jpg,20.0,19.0
7,patch_065.jpg,17.0,16.0
7,por_071.jpg,13.0,12.0
7,por_072.jpg,19.0,18.0
7,por_073.jpg,17.0,16.0
7,por_074.jpg,19.0,18.0
7,rand_075.jpg,20.0,19.0
7,rand_076.jpg,19.0,18.0
7,rand_077.jpg,14.0,13.0
7,rand_078.jpg,19.0,18.0
7,rand_079.jpg,19.0,18.0
7,sat_080.jpg,21.0,20.0
7,sat_081.jpg,20.0,19.0
7,sat_082.jpg,19.0,18.0
7,sat_083.jpg,15.0,14.0
7,sat_084.jpg,17.0,16.0
7,sat_085.jpg,17.0,16.0
7,sat_086.jpg,21.0,20.0
7,sat_087.jpg,17.0,16.0
7,soc_088.jpg,22.0,21.0
7,soc_089.jpg,21.0,20.0
7,soc_090.jpg,18.0,17.0
7,soc_091.jpg,23.0,22.0
7,soc_092.jpg,13.0,12.0
7,soc_093.jpg,19.0,18.0
7,soc_094.jpg,16.0,15.0
7,soc_095.jpg,19.0,18.0
7,soc_096.jpg,17.0,16.0
7,soc_097.jpg,19.0,18.0
7,soc_098.jpg,17.0,16.0
7,soc_099.jpg,20.0,19.0
7,soc_100.jpg,18.0,17.0
8,act_001.jpg,14.0,13.0
8,act_002.jpg,13.0,12.0
8,act_003.jpg,15.0,14.0
8,act_004.jpg,17.0,16.0
8,act_005.jpg,12.0,11.0
8,art_006.jpg,14.0,13.0
8,art_007.jpg,19.0,18.0
8,art_008.jpg,12.0,11.0
8,art_009.jpg,13.0,12.0
8,art_010.jpg,14.0,13.0
8,art_011.jpg,14.0,13.0
8,cat_012.jpg,12.0,11.0
8,cat_013.jpg,20.0,19.0
8,cat_014.jpg,17.0,16.0
8,cat_015.jpg,13.0,12.0
8,ind_016.jpg,14.0,13.0
8,ind_017.jpg,14.0,13.0
8,ind_018.jpg,14.0,13.0
8,ind_019.jpg,16.0,15.0
8,ind_020.jpg,15.0,14.0
8,ind_021.jpg,13.0,12.0
8,ind_022.jpg,13.0,12.0
8,ind_023.jpg,13.0,12.0
8,ind_024.jpg,16.0,15.0
8,ind_025.jpg,15.0,14.0
8,land_026.jpg,17.0,16.0
8,land_027.jpg,12.0,11.0
8,land_028.jpg,16.0,15.0
8,land_029.jpg,17.0,16.0
8,land_030.jpg,12.0,11.0
8,low_031.jpg,9.0,8.0
8,low_032.jpg,16.0,15.0
8,low_033.jpg,11.0,10.0
8,low_034.jpg,7.0,6.0
8,low_035.jpg,14.0,13.0
8,low_036.jpg,13.0,12.0
8,mood_37.jpg,16.0,15.0
8,mood_38.jpg,14.0,13.0
8,mood_39.jpg,16.0,15.0
8,mood_40.jpg,15.0,14.0
8,mood_41.jpg,12.0,11.0
8,mood_42.jpg,12.0,11.0
8,mood_43.jpg,11.0,10.0
8,mood_44.jpg,14.0,13.0
8,mood_45.jpg,15.0,14.0
8,mood_46.jpg,14.0,13.0
8,noi_047.jpg,13.0,12.0
8,noi_048.jpg,13.0,12.0
8,noi_049.jpg,12.0,11.0
8,noi_050.jpg,13.0,12.0
8,noi_051.jpg,14.0,13.0
8,noi_052.jpg,13.0,12.0
8,noi_053.jpg,17.0,16.0
8,outman_054.jpg,14.0,13.0
8,outman_055.jpg,16.0,15.0
8,outman_056.jpg,13.0,12.0
8,outman_057.jpg,12.0,11.0
8,outman_058.jpg,12.0,11.0
8,outman_059.jpg,16.0,15.0
8,outman_060.jpg,14.0,13.0
8,outman_061.jpg,12.0,11.0
8,pat_066.jpg,11.0,10.0
8,pat_067.jpg,12.0,11.0
8,pat_068.jpg,15.0,14.0
8,pat_069.jpg,10.0,9.0
8,pat_070.jpg,13.0,12.0
8,patch_062.jpg,14.0,13.0
8,patch_063.jpg,18.0,17.0
8,patch_064.jpg,13.0,12.0
8,patch_065.jpg,14.0,13.0
8,por_071.jpg,18.0,17.0
8,por_072.jpg,14.0,13.0
8,por_073.jpg,3.0,2.0
8,por_074.jpg,13.0,12.0
8,rand_075.jpg,14.0,13.0
8,rand_076.jpg,10.0,9.0
8,rand_077.jpg,14.0,13.0
8,rand_078.jpg,12.0,11.0
8,rand_079.jpg,15.0,14.0
8,sat_080.jpg,11.0,10.0
8,sat_081.jpg,14.0,13.0
8,sat_082.jpg,15.0,14.0
8,sat_083.jpg,14.0,13.0
8,sat_084.jpg,15.0,14.0
8,sat_085.jpg,14.0,13.0
8,sat_086.jpg,14.0,13.0
8,sat_087.jpg,11.0,10.0
8,soc_088.jpg,12.0,11.0
8,soc_089.jpg,20.0,19.0
8,soc_090.jpg,14.0,13.0
8,soc_091.jpg,17.0,16.0
8,soc_092.jpg,11.0,10.0
8,soc_093.jpg,13.0,12.0
8,soc_094.jpg,14.0,13.0
8,soc_095.jpg,9.0,8.0
8,soc_096.jpg,13.0,12.0
8,soc_097.jpg,12.0,11.0
8,soc_098.jpg,15.0,14.0
8,soc_099.jpg,10.0,9.0
8,soc_100.jpg,13.0,12.0
9,act_001.jpg,15.0,14.0
9,act_002.jpg,5.0,4.0
9,act_003.jpg,13.0,12.0
9,act_004.jpg,17.0,16.0
9,act_005.jpg,13.0,12.0
9,art_006.jpg,12.0,11.0
9,art_007.jpg,15.0,14.0
9,art_008.jpg,13.0,12.0
9,art_009.jpg,12.0,11.0
9,art_010.jpg,12.0,11.0
9,art_011.jpg,15.0,14.0
9,cat_012.jpg,12.0,11.0
9,cat_013.jpg,13.0,12.0
9,cat_014.jpg,17.0,16.0
9,cat_015.jpg,6.0,5.0
9,ind_016.jpg,15.0,14.0
9,ind_017.jpg,16.0,15.0
9,ind_018.jpg,10.0,9.0
9,ind_019.jpg,9.0,8.0
9,ind_020.jpg,14.0,13.0
9,ind_021.jpg,16.0,15.0
9,ind_022.jpg,16.0,15.0
9,ind_023.jpg,16.0,15.0
9,ind_024.jpg,17.0,16.0
9,ind_025.jpg,14.0,13.0
9,land_026.jpg,8.0,7.0
9,land_027.jpg,13.0,12.0
9,land_028.jpg,13.0,12.0
9,land_029.jpg,10.0,9.0
9,land_030.jpg,10.0,9.0
9,low_031.jpg,11.0,10.0
9,low_032.jpg,9.0,8.0
9,low_033.jpg,15.0,14.0
9,low_034.jpg,11.0,10.0
9,low_035.jpg,11.0,10.0
9,low_036.jpg,10.0,9.0
9,mood_37.jpg,17.0,16.0
9,mood_38.jpg,19.0,18.0
9,mood_39.jpg,13.0,12.0
9,mood_40.jpg,15.0,14.0
9,mood_41.jpg,10.0,9.0
9,mood_42.jpg,17.0,16.0
9,mood_43.jpg,15.0,14.0
9,mood_44.jpg,14.0,13.0
9,mood_45.jpg,17.0,16.0
9,mood_46.jpg,17.0,16.0
9,noi_047.jpg,9.0,8.0
9,noi_048.jpg,13.0,12.0
9,noi_049.jpg,16.0,15.0
9,noi_050.jpg,3.0,2.0
9,noi_051.jpg,8.0,7.0
9,noi_052.jpg,11.0,10.0
9,noi_053.jpg,14.0,13.0
9,outman_054.jpg,15.0,14.0
9,outman_055.jpg,13.0,12.0
9,outman_056.jpg,4.0,3.0
9,outman_057.jpg,10.0,9.0
9,outman_058.jpg,11.0,10.0
9,outman_059.jpg,12.0,11.0
9,outman_060.jpg,9.0,8.0
9,outman_061.jpg,15.0,14.0
9,pat_066.jpg,13.0,12.0
9,pat_067.jpg,13.0,12.0
9,pat_068.jpg,12.0,11.0
9,pat_069.jpg,14.0,13.0
9,pat_070.jpg,18.0,17.0
9,patch_062.jpg,16.0,15.0
9,patch_063.jpg,13.0,12.0
9,patch_064.jpg,11.0,10.0
9,patch_065.jpg,10.0,9.0
9,por_071.jpg,14.0,13.0
9,por_072.jpg,17.0,16.0
9,por_073.jpg,19.0,18.0
9,por_074.jpg,15.0,14.0
9,rand_075.jpg,14.0,13.0
9,rand_076.jpg,16.0,15.0
9,rand_077.jpg,12.0,11.0
9,rand_078.jpg,13.0,12.0
9,rand_079.jpg,12.0,11.0
9,sat_080.jpg,9.0,8.0
9,sat_081.jpg,13.0,12.0
9,sat_082.jpg,17.0,16.0
9,sat_083.jpg,8.0,7.0
9,sat_084.jpg,13.0,12.0
9,sat_085.jpg,12.0,11.0
9,sat_086.jpg,14.0,13.0
9,sat_087.jpg,14.0,13.0
9,soc_088.jpg,13.0,12.0
9,soc_089.jpg,14.0,13.0
9,soc_090.jpg,16.0,15.0
9,soc_091.jpg,16.0,15.0
9,soc_092.jpg,15.0,14.0
9,soc_093.jpg,18.0,17.0
9,soc_094.jpg,18.0,17.0
9,soc_095.jpg,16.0,15.0
9,soc_096.jpg,14.0,13.0
9,soc_097.jpg,13.0,12.0
9,soc_098.jpg,17.0,16.0
9,soc_099.jpg,7.0,6.0
9,soc_100.jpg,17.0,16.0
11,act_001.jpg,16.0,15.0
11,act_002.jpg,17.0,16.0
11,act_003.jpg,18.0,17.0
11,act_004.jpg,14.0,13.0
11,act_005.jpg,18.0,17.0
11,art_006.jpg,16.0,15.0
11,art_007.jpg,15.0,14.0
11,art_008.jpg,16.0,15.0
11,art_009.jpg,15.0,14.0
11,art_010.jpg,15.0,14.0
11,art_011.jpg,16.0,15.0
11,cat_012.jpg,14.0,13.0
11,cat_013.jpg,15.0,14.0
11,cat_014.jpg,19.0,18.0
11,cat_015.jpg,12.0,11.0
11,ind_016.jpg,17.0,16.0
11,ind_017.jpg,15.0,14.0
11,ind_018.jpg,15.0,14.0
11,ind_019.jpg,14.0,13.0
11,ind_020.jpg,14.0,13.0
11,ind_021.jpg,18.0,17.0
11,ind_022.jpg,18.0,17.0
11,ind_023.jpg,15.0,14.0
11,ind_024.jpg,17.0,16.0
11,ind_025.jpg,17.0,16.0
11,land_026.jpg,15.0,14.0
11,land_027.jpg,18.0,17.0
11,land_028.jpg,13.0,12.0
11,land_029.jpg,13.0,12.0
11,land_030.jpg,13.0,12.0
11,low_031.jpg,14.0,13.0
11,low_032.jpg,13.0,12.0
11,low_033.jpg,16.0,15.0
11,low_034.jpg,15.0,14.0
11,low_035.jpg,14.0,13.0
11,low_036.jpg,13.0,12.0
11,mood_37.jpg,19.0,18.0
11,mood_38.jpg,18.0,17.0
11,mood_39.jpg,17.0,16.0
11,mood_40.jpg,17.0,16.0
11,mood_41.jpg,12.0,11.0
11,mood_42.jpg,15.0,14.0
11,mood_43.jpg,16.0,15.0
11,mood_44.jpg,16.0,15.0
11,mood_45.jpg,17.0,16.0
11,mood_46.jpg,16.0,15.0
11,noi_047.jpg,14.0,13.0
11,noi_048.jpg,14.0,13.0
11,noi_049.jpg,15.0,14.0
11,noi_050.jpg,14.0,13.0
11,noi_051.jpg,14.0,13.0
11,noi_052.jpg,14.0,13.0
11,noi_053.jpg,15.0,14.0
11,outman_054.jpg,13.0,12.0
11,outman_055.jpg,13.0,12.0
11,outman_056.jpg,14.0,13.0
11,outman_057.jpg,15.0,14.0
11,outman_058.jpg,15.0,14.0
11,outman_059.jpg,14.0,13.0
11,outman_060.jpg,12.0,11.0
11,outman_061.jpg,17.0,16.0
11,pat_066.jpg,15.0,14.0
11,pat_067.jpg,17.0,16.0
11,pat_068.jpg,15.0,14.0
11,pat_069.jpg,14.0,13.0
11,pat_070.jpg,17.0,16.0
11,patch_062.jpg,16.0,15.0
11,patch_063.jpg,19.0,18.0
11,patch_064.jpg,16.0,15.0
11,patch_065.jpg,17.0,16.0
11,por_071.jpg,17.0,16.0
11,por_072.jpg,16.0,15.0
11,por_073.jpg,13.0,12.0
11,por_074.jpg,15.0,14.0
11,rand_075.jpg,16.0,15.0
11,rand_076.jpg,15.0,14.0
11,rand_077.jpg,17.0,16.0
11,rand_078.jpg,16.0,15.0
11,rand_079.jpg,15.0,14.0
11,sat_080.jpg,15.0,14.0
11,sat_081.jpg,14.0,13.0
11,sat_082.jpg,13.0,12.0
11,sat_083.jpg,13.0,12.0
11,sat_084.jpg,16.0,15.0
11,sat_085.jpg,15.0,14.0
11,sat_086.jpg,15.0,14.0
11,sat_087.jpg,14.0,13.0
11,soc_088.jpg,16.0,15.0
11,soc_089.jpg,18.0,17.0
11,soc_090.jpg,17.0,16.0
11,soc_091.jpg,13.0,12.0
11,soc_092.jpg,18.0,17.0
11,soc_093.jpg,13.0,12.0
11,soc_094.jpg,17.0,16.0
11,soc_095.jpg,13.0,12.0
11,soc_096.jpg,15.0,14.0
11,soc_097.jpg,11.0,10.0
11,soc_098.jpg,14.0,13.0
11,soc_099.jpg,13.0,12.0
11,soc_100.jpg,13.0,12.0
12,act_001.jpg,19.0,18.0
12,act_002.jpg,21.0,20.0
12,act_003.jpg,23.0,22.0
12,act_004.jpg,19.0,18.0
12,act_005.jpg,18.0,17.0
12,art_006.jpg,20.0,19.0
12,art_007.jpg,24.0,23.0
12,art_008.jpg,19.0,18.0
12,art_009.jpg,19.0,18.0
12,art_010.jpg,21.0,20.0
12,art_011.jpg,19.0,18.0
12,cat_012.jpg,22.0,21.0
12,cat_013.jpg,21.0,20.0
12,cat_014.jpg,17.0,16.0
12,cat_015.jpg,21.0,20.0
12,ind_016.jpg,19.0,18.0
12,ind_017.jpg,20.0,19.0
12,ind_018.jpg,19.0,18.0
12,ind_019.jpg,21.0,20.0
12,ind_020.jpg,19.0,18.0
12,ind_021.jpg,20.0,19.0
12,ind_022.jpg,17.0,16.0
12,ind_023.jpg,20.0,19.0
12,ind_024.jpg,19.0,18.0
12,ind_025.jpg,17.0,16.0
12,land_026.jpg,20.0,19.0
12,land_027.jpg,17.0,16.0
12,land_028.jpg,19.0,18.0
12,land_029.jpg,21.0,20.0
12,land_030.jpg,17.0,16.0
12,low_031.jpg,18.0,17.0
12,low_032.jpg,15.0,14.0
12,low_033.jpg,18.0,17.0
12,low_034.jpg,16.0,15.0
12,low_035.jpg,18.0,17.0
12,low_036.jpg,14.0,13.0
12,mood_37.jpg,18.0,17.0
12,mood_38.jpg,21.0,20.0
12,mood_39.jpg,20.0,19.0
12,mood_40.jpg,19.0,18.0
12,mood_41.jpg,21.0,20.0
12,mood_42.jpg,19.0,18.0
12,mood_43.jpg,22.0,21.0
12,mood_44.jpg,20.0,19.0
12,mood_45.jpg,21.0,20.0
12,mood_46.jpg,19.0,18.0
12,noi_047.jpg,21.0,20.0
12,noi_048.jpg,18.0,17.0
12,noi_049.jpg,15.0,14.0
12,noi_050.jpg,17.0,16.0
12,noi_051.jpg,18.0,17.0
12,noi_052.jpg,19.0,18.0
12,noi_053.jpg,17.0,16.0
12,outman_054.jpg,21.0,20.0
12,outman_055.jpg,21.0,20.0
12,outman_056.jpg,21.0,20.0
12,outman_057.jpg,22.0,21.0
12,outman_058.jpg,17.0,16.0
12,outman_059.jpg,21.0,20.0
12,outman_060.jpg,19.0,18.0
12,outman_061.jpg,18.0,17.0
12,pat_066.jpg,17.0,16.0
12,pat_067.jpg,20.0,19.0
12,pat_068.jpg,16.0,15.0
12,pat_069.jpg,19.0,18.0
12,pat_070.jpg,21.0,20.0
12,patch_062.jpg,20.0,19.0
12,patch_063.jpg,17.0,16.0
12,patch_064.jpg,19.0,18.0
12,patch_065.jpg,18.0,17.0
12,por_071.jpg,16.0,15.0
12,por_072.jpg,17.0,16.0
12,por_073.jpg,19.0,18.0
12,por_074.jpg,17.0,16.0
12,rand_075.jpg,18.0,17.0
12,rand_076.jpg,18.0,17.0
12,rand_077.jpg,17.0,16.0
12,rand_078.jpg,17.0,16.0
12,rand_079.jpg,17.0,16.0
12,sat_080.jpg,19.0,18.0
12,sat_081.jpg,18.0,17.0
12,sat_082.jpg,21.0,20.0
12,sat_083.jpg,21.0,20.0
12,sat_084.jpg,16.0,15.0
12,sat_085.jpg,18.0,17.0
12,sat_086.jpg,21.0,20.0
12,sat_087.jpg,21.0,20.0
12,soc_088.jpg,18.0,17.0
12,soc_089.jpg,20.0,19.0
12,soc_090.jpg,18.0,17.0
12,soc_091.jpg,23.0,22.0
12,soc_092.jpg,21.0,20.0
12,soc_093.jpg,17.0,16.0
12,soc_094.jpg,19.0,18.0
12,soc_095.jpg,18.0,17.0
12,soc_096.jpg,19.0,18.0
12,soc_097.jpg,21.0,20.0
12,soc_098.jpg,19.0,18.0
12,soc_099.jpg,19.0,18.0
12,soc_100.jpg,18.0,17.0
13,act_001.jpg,14.0,13.0
13,act_002.jpg,13.0,12.0
13,act_003.jpg,14.0,13.0
13,act_004.jpg,8.0,7.0
13,act_005.jpg,11.0,10.0
13,art_006.jpg,11.0,10.0
13,art_007.jpg,9.0,8.0
13,art_008.jpg,12.0,11.0
13,art_009.jpg,13.0,12.0
13,art_010.jpg,14.0,13.0
13,art_011.jpg,10.0,9.0
13,cat_012.jpg,11.0,10.0
13,cat_013.jpg,6.0,5.0
13,cat_014.jpg,10.0,9.0
13,cat_015.jpg,13.0,12.0
13,ind_016.jpg,11.0,10.0
13,ind_017.jpg,13.0,12.0
13,ind_018.jpg,11.0,10.0
13,ind_019.jpg,19.0,18.0
13,ind_020.jpg,12.0,11.0
13,ind_021.jpg,7.0,6.0
13,ind_022.jpg,10.0,9.0
13,ind_023.jpg,,
13,ind_024.jpg,9.0,8.0
13,ind_025.jpg,18.0,17.0
13,land_026.jpg,11.0,10.0
13,land_027.jpg,12.0,11.0
13,land_028.jpg,10.0,9.0
13,land_029.jpg,12.0,11.0
13,land_030.jpg,10.0,9.0
13,low_031.jpg,12.0,11.0
13,low_032.jpg,20.0,19.0
13,low_033.jpg,11.0,10.0
13,low_034.jpg,16.0,15.0
13,low_035.jpg,13.0,12.0
13,low_036.jpg,14.0,13.0
13,mood_37.jpg,15.0,14.0
13,mood_38.jpg,14.0,13.0
13,mood_39.jpg,16.0,15.0
13,mood_40.jpg,15.0,14.0
13,mood_41.jpg,14.0,13.0
13,mood_42.jpg,11.0,10.0
13,mood_43.jpg,14.0,13.0
13,mood_44.jpg,17.0,16.0
13,mood_45.jpg,14.0,13.0
13,mood_46.jpg,18.0,17.0
13,noi_047.jpg,12.0,11.0
13,noi_048.jpg,11.0,10.0
13,noi_049.jpg,10.0,9.0
13,noi_050.jpg,12.0,11.0
13,noi_051.jpg,12.0,11.0
13,noi_052.jpg,12.0,11.0
13,noi_053.jpg,9.0,8.0
13,outman_054.jpg,14.0,13.0
13,outman_055.jpg,11.0,10.0
13,outman_056.jpg,13.0,12.0
13,outman_057.jpg,10.0,9.0
13,outman_058.jpg,11.0,10.0
13,outman_059.jpg,11.0,10.0
13,outman_060.jpg,15.0,14.0
13,outman_061.jpg,12.0,11.0
13,pat_066.jpg,8.0,7.0
13,pat_067.jpg,12.0,11.0
13,pat_068.jpg,14.0,13.0
13,pat_069.jpg,,
13,pat_070.jpg,14.0,13.0
13,patch_062.jpg,12.0,11.0
13,patch_063.jpg,6.0,5.0
13,patch_064.jpg,12.0,11.0
13,patch_065.jpg,10.0,9.0
13,por_071.jpg,14.0,13.0
13,por_072.jpg,8.0,7.0
13,por_073.jpg,7.0,6.0
13,por_074.jpg,15.0,14.0
13,rand_075.jpg,13.0,12.0
13,rand_076.jpg,10.0,9.0
13,rand_077.jpg,9.0,8.0
13,rand_078.jpg,10.0,9.0
13,rand_079.jpg,13.0,12.0
13,sat_080.jpg,13.0,12.0
13,sat_081.jpg,16.0,15.0
13,sat_082.jpg,14.0,13.0
13,sat_083.jpg,10.0,9.0
13,sat_084.jpg,15.0,14.0
13,sat_085.jpg,14.0,13.0
13,sat_086.jpg,11.0,10.0
13,sat_087.jpg,13.0,12.0
13,soc_088.jpg,13.0,12.0
13,soc_089.jpg,12.0,11.0
13,soc_090.jpg,12.0,11.0
13,soc_091.jpg,15.0,14.0
13,soc_092.jpg,8.0,7.0
13,soc_093.jpg,16.0,15.0
13,soc_094.jpg,13.0,12.0
13,soc_095.jpg,12.0,11.0
13,soc_096.jpg,11.0,10.0
13,soc_097.jpg,13.0,12.0
13,soc_098.jpg,13.0,12.0
13,soc_099.jpg,13.0,12.0
13,soc_100.jpg,9.0,8.0
16,act_001.jpg,12.0,11.0
16,act_002.jpg,17.0,16.0
16,act_003.jpg,17.0,16.0
16,act_004.jpg,14.0,13.0
16,act_005.jpg,17.0,16.0
16,art_006.jpg,18.0,17.0
16,art_007.jpg,22.0,21.0
16,art_008.jpg,14.0,13.0
16,art_009.jpg,16.0,15.0
16,art_010.jpg,16.0,15.0
16,art_011.jpg,16.0,15.0
16,cat_012.jpg,18.0,17.0
16,cat_013.jpg,20.0,19.0
16,cat_014.jpg,22.0,21.0
16,cat_015.jpg,16.0,15.0
16,ind_016.jpg,15.0,14.0
16,ind_017.jpg,14.0,13.0
16,ind_018.jpg,19.0,18.0
16,ind_019.jpg,18.0,17.0
16,ind_020.jpg,13.0,12.0
16,ind_021.jpg,16.0,15.0
16,ind_022.jpg,15.0,14.0
16,ind_023.jpg,19.0,18.0
16,ind_024.jpg,16.0,15.0
16,ind_025.jpg,18.0,17.0
16,land_026.jpg,18.0,17.0
16,land_027.jpg,18.0,17.0
16,land_028.jpg,15.0,14.0
16,land_029.jpg,11.0,10.0
16,land_030.jpg,16.0,15.0
16,low_031.jpg,18.0,17.0
16,low_032.jpg,17.0,16.0
16,low_033.jpg,15.0,14.0
16,low_034.jpg,18.0,17.0
16,low_035.jpg,15.0,14.0
16,low_036.jpg,14.0,13.0
16,mood_37.jpg,17.0,16.0
16,mood_38.jpg,18.0,17.0
16,mood_39.jpg,16.0,15.0
16,mood_40.jpg,16.0,15.0
16,mood_41.jpg,17.0,16.0
16,mood_42.jpg,17.0,16.0
16,mood_43.jpg,18.0,17.0
16,mood_44.jpg,17.0,16.0
16,mood_45.jpg,16.0,15.0
16,mood_46.jpg,15.0,14.0
16,noi_047.jpg,13.0,12.0
16,noi_048.jpg,14.0,13.0
16,noi_049.jpg,16.0,15.0
16,noi_050.jpg,19.0,18.0
16,noi_051.jpg,17.0,16.0
16,noi_052.jpg,17.0,16.0
16,noi_053.jpg,16.0,15.0
16,outman_054.jpg,14.0,13.0
16,outman_055.jpg,16.0,15.0
16,outman_056.jpg,14.0,13.0
16,outman_057.jpg,14.0,13.0
16,outman_058.jpg,18.0,17.0
16,outman_059.jpg,14.0,13.0
16,outman_060.jpg,12.0,11.0
16,outman_061.jpg,14.0,13.0
16,pat_066.jpg,16.0,15.0
16,pat_067.jpg,15.0,14.0
16,pat_068.jpg,20.0,19.0
16,pat_069.jpg,17.0,16.0
16,pat_070.jpg,20.0,19.0
16,patch_062.jpg,14.0,13.0
16,patch_063.jpg,18.0,17.0
16,patch_064.jpg,16.0,15.0
16,patch_065.jpg,10.0,9.0
16,por_071.jpg,17.0,16.0
16,por_072.jpg,16.0,15.0
16,por_073.jpg,8.0,7.0
16,por_074.jpg,15.0,14.0
16,rand_075.jpg,17.0,16.0
16,rand_076.jpg,15.0,14.0
16,rand_077.jpg,15.0,14.0
16,rand_078.jpg,17.0,16.0
16,rand_079.jpg,17.0,16.0
16,sat_080.jpg,10.0,9.0
16,sat_081.jpg,18.0,17.0
16,sat_082.jpg,16.0,15.0
16,sat_083.jpg,17.0,16.0
16,sat_084.jpg,17.0,16.0
16,sat_085.jpg,17.0,16.0
16,sat_086.jpg,19.0,18.0
16,sat_087.jpg,18.0,17.0
16,soc_088.jpg,19.0,18.0
16,soc_089.jpg,21.0,20.0
16,soc_090.jpg,10.0,9.0
16,soc_091.jpg,17.0,16.0
16,soc_092.jpg,20.0,19.0
16,soc_093.jpg,15.0,14.0
16,soc_094.jpg,17.0,16.0
16,soc_095.jpg,15.0,14.0
16,soc_096.jpg,19.0,18.0
16,soc_097.jpg,18.0,17.0
16,soc_098.jpg,14.0,13.0
16,soc_099.jpg,21.0,20.0
16,soc_100.jpg,17.0,16.0
17,act_001.jpg,20.0,19.0
17,act_002.jpg,21.0,20.0
17,act_003.jpg,21.0,20.0
17,act_004.jpg,15.0,14.0
17,act_005.jpg,19.0,18.0
17,art_006.jpg,18.0,17.0
17,art_007.jpg,19.0,18.0
17,art_008.jpg,16.0,15.0
17,art_009.jpg,17.0,16.0
17,art_010.jpg,18.0,17.0
17,art_011.jpg,16.0,15.0
17,cat_012.jpg,19.0,18.0
17,cat_013.jpg,18.0,17.0
17,cat_014.jpg,15.0,14.0
17,cat_015.jpg,15.0,14.0
17,ind_016.jpg,17.0,16.0
17,ind_017.jpg,15.0,14.0
17,ind_018.jpg,18.0,17.0
17,ind_019.jpg,17.0,16.0
17,ind_020.jpg,16.0,15.0
17,ind_021.jpg,10.0,9.0
17,ind_022.jpg,18.0,17.0
17,ind_023.jpg,17.0,16.0
17,ind_024.jpg,20.0,19.0
17,ind_025.jpg,19.0,18.0
17,land_026.jpg,17.0,16.0
17,land_027.jpg,15.0,14.0
17,land_028.jpg,23.0,22.0
17,land_029.jpg,14.0,13.0
17,land_030.jpg,8.0,7.0
17,low_031.jpg,7.0,6.0
17,low_032.jpg,15.0,14.0
17,low_033.jpg,19.0,18.0
17,low_034.jpg,17.0,16.0
17,low_035.jpg,20.0,19.0
17,low_036.jpg,15.0,14.0
17,mood_37.jpg,20.0,19.0
17,mood_38.jpg,18.0,17.0
17,mood_39.jpg,20.0,19.0
17,mood_40.jpg,18.0,17.0
17,mood_41.jpg,19.0,18.0
17,mood_42.jpg,14.0,13.0
17,mood_43.jpg,18.0,17.0
17,mood_44.jpg,20.0,19.0
17,mood_45.jpg,18.0,17.0
17,mood_46.jpg,21.0,20.0
17,noi_047.jpg,15.0,14.0
17,noi_048.jpg,18.0,17.0
17,noi_049.jpg,18.0,17.0
17,noi_050.jpg,16.0,15.0
17,noi_051.jpg,13.0,12.0
17,noi_052.jpg,16.0,15.0
17,noi_053.jpg,18.0,17.0
17,outman_054.jpg,19.0,18.0
17,outman_055.jpg,9.0,8.0
17,outman_056.jpg,15.0,14.0
17,outman_057.jpg,22.0,21.0
17,outman_058.jpg,19.0,18.0
17,outman_059.jpg,18.0,17.0
17,outman_060.jpg,19.0,18.0
17,outman_061.jpg,21.0,20.0
17,pat_066.jpg,19.0,18.0
17,pat_067.jpg,16.0,15.0
17,pat_068.jpg,21.0,20.0
17,pat_069.jpg,16.0,15.0
17,pat_070.jpg,20.0,19.0
17,patch_062.jpg,22.0,21.0
17,patch_063.jpg,19.0,18.0
17,patch_064.jpg,23.0,22.0
17,patch_065.jpg,21.0,20.0
17,por_071.jpg,20.0,19.0
17,por_072.jpg,20.0,19.0
17,por_073.jpg,22.0,21.0
17,por_074.jpg,20.0,19.0
17,rand_075.jpg,22.0,21.0
17,rand_076.jpg,15.0,14.0
17,rand_077.jpg,16.0,15.0
17,rand_078.jpg,15.0,14.0
17,rand_079.jpg,14.0,13.0
17,sat_080.jpg,15.0,14.0
17,sat_081.jpg,19.0,18.0
17,sat_082.jpg,22.0,21.0
17,sat_083.jpg,22.0,21.0
17,sat_084.jpg,17.0,16.0
17,sat_085.jpg,21.0,20.0
17,sat_086.jpg,17.0,16.0
17,sat_087.jpg,16.0,15.0
17,soc_088.jpg,16.0,15.0
17,soc_089.jpg,19.0,18.0
17,soc_090.jpg,18.0,17.0
17,soc_091.jpg,20.0,19.0
17,soc_092.jpg,11.0,10.0
17,soc_093.jpg,20.0,19.0
17,soc_094.jpg,22.0,21.0
17,soc_095.jpg,19.0,18.0
17,soc_096.jpg,19.0,18.0
17,soc_097.jpg,14.0,13.0
17,soc_098.jpg,12.0,11.0
17,soc_099.jpg,13.0,12.0
17,soc_100.jpg,17.0,16.0
19,act_001.jpg,14.0,13.0
19,act_002.jpg,11.0,10.0
19,act_003.jpg,14.0,13.0
19,act_004.jpg,10.0,9.0
19,act_005.jpg,14.0,13.0
19,art_006.jpg,11.0,10.0
19,art_007.jpg,14.0,13.0
19,art_008.jpg,16.0,15.0
19,art_009.jpg,2.0,1.0
19,art_010.jpg,14.0,13.0
19,art_011.jpg,12.0,11.0
19,cat_012.jpg,10.0,9.0
19,cat_013.jpg,11.0,10.0
19,cat_014.jpg,16.0,15.0
19,cat_015.jpg,15.0,14.0
19,ind_016.jpg,16.0,15.0
19,ind_017.jpg,7.0,6.0
19,ind_018.jpg,8.0,7.0
19,ind_019.jpg,10.0,9.0
19,ind_020.jpg,14.0,13.0
19,ind_021.jpg,16.0,15.0
19,ind_022.jpg,12.0,11.0
19,ind_023.jpg,9.0,8.0
19,ind_024.jpg,15.0,14.0
19,ind_025.jpg,15.0,14.0
19,land_026.jpg,11.0,10.0
19,land_027.jpg,11.0,10.0
19,land_028.jpg,12.0,11.0
19,land_029.jpg,5.0,4.0
19,land_030.jpg,9.0,8.0
19,low_031.jpg,10.0,9.0
19,low_032.jpg,4.0,3.0
19,low_033.jpg,11.0,10.0
19,low_034.jpg,13.0,12.0
19,low_035.jpg,8.0,7.0
19,low_036.jpg,12.0,11.0
19,mood_37.jpg,13.0,12.0
19,mood_38.jpg,16.0,15.0
19,mood_39.jpg,13.0,12.0
19,mood_40.jpg,15.0,14.0
19,mood_41.jpg,13.0,12.0
19,mood_42.jpg,9.0,8.0
19,mood_43.jpg,16.0,15.0
19,mood_44.jpg,10.0,9.0
19,mood_45.jpg,13.0,12.0
19,mood_46.jpg,18.0,17.0
19,noi_047.jpg,13.0,12.0
19,noi_048.jpg,15.0,14.0
19,noi_049.jpg,10.0,9.0
19,noi_050.jpg,15.0,14.0
19,noi_051.jpg,9.0,8.0
19,noi_052.jpg,7.0,6.0
19,noi_053.jpg,8.0,7.0
19,outman_054.jpg,13.0,12.0
19,outman_055.jpg,12.0,11.0
19,outman_056.jpg,12.0,11.0
19,outman_057.jpg,7.0,6.0
19,outman_058.jpg,9.0,8.0
19,outman_059.jpg,9.0,8.0
19,outman_060.jpg,8.0,7.0
19,outman_061.jpg,10.0,9.0
19,pat_066.jpg,9.0,8.0
19,pat_067.jpg,7.0,6.0
19,pat_068.jpg,5.0,4.0
19,pat_069.jpg,3.0,2.0
19,pat_070.jpg,14.0,13.0
19,patch_062.jpg,16.0,15.0
19,patch_063.jpg,,
19,patch_064.jpg,17.0,16.0
19,patch_065.jpg,17.0,16.0
19,por_071.jpg,12.0,11.0
19,por_072.jpg,12.0,11.0
19,por_073.jpg,14.0,13.0
19,por_074.jpg,14.0,13.0
19,rand_075.jpg,13.0,12.0
19,rand_076.jpg,10.0,9.0
19,rand_077.jpg,12.0,11.0
19,rand_078.jpg,13.0,12.0
19,rand_079.jpg,10.0,9.0
19,sat_080.jpg,11.0,10.0
19,sat_081.jpg,11.0,10.0
19,sat_082.jpg,10.0,9.0
19,sat_083.jpg,11.0,10.0
19,sat_084.jpg,9.0,8.0
19,sat_085.jpg,8.0,7.0
19,sat_086.jpg,7.0,6.0
19,sat_087.jpg,9.0,8.0
19,soc_088.jpg,14.0,13.0
19,soc_089.jpg,13.0,12.0
19,soc_090.jpg,12.0,11.0
19,soc_091.jpg,16.0,15.0
19,soc_092.jpg,14.0,13.0
19,soc_093.jpg,8.0,7.0
19,soc_094.jpg,14.0,13.0
19,soc_095.jpg,17.0,16.0
19,soc_096.jpg,14.0,13.0
19,soc_097.jpg,7.0,6.0
19,soc_098.jpg,8.0,7.0
19,soc_099.jpg,9.0,8.0
19,soc_100.jpg,14.0,13.0
20,act_001.jpg,16.0,15.0
20,act_002.jpg,19.0,18.0
20,act_003.jpg,18.0,17.0
20,act_004.jpg,17.0,16.0
20,act_005.jpg,16.0,15.0
20,art_006.jpg,10.0,9.0
20,art_007.jpg,19.0,18.0
20,art_008.jpg,17.0,16.0
20,art_009.jpg,19.0,18.0
20,art_010.jpg,16.0,15.0
20,art_011.jpg,9.0,8.0
20,cat_012.jpg,20.0,19.0
20,cat_013.jpg,8.0,7.0
20,cat_014.jpg,18.0,17.0
20,cat_015.jpg,18.0,17.0
20,ind_016.jpg,17.0,16.0
20,ind_017.jpg,15.0,14.0
20,ind_018.jpg,16.0,15.0
20,ind_019.jpg,18.0,17.0
20,ind_020.jpg,15.0,14.0
20,ind_021.jpg,16.0,15.0
20,ind_022.jpg,16.0,15.0
20,ind_023.jpg,18.0,17.0
20,ind_024.jpg,8.0,7.0
20,ind_025.jpg,17.0,16.0
20,land_026.jpg,17.0,16.0
20,land_027.jpg,19.0,18.0
20,land_028.jpg,3.0,2.0
20,land_029.jpg,19.0,18.0
20,land_030.jpg,17.0,16.0
20,low_031.jpg,,
20,low_032.jpg,7.0,6.0
20,low_033.jpg,17.0,16.0
20,low_034.jpg,18.0,17.0
20,low_035.jpg,18.0,17.0
20,low_036.jpg,18.0,17.0
20,mood_37.jpg,13.0,12.0
20,mood_38.jpg,18.0,17.0
20,mood_39.jpg,16.0,15.0
20,mood_40.jpg,14.0,13.0
20,mood_41.jpg,16.0,15.0
20,mood_42.jpg,17.0,16.0
20,mood_43.jpg,15.0,14.0
20,mood_44.jpg,15.0,14.0
20,mood_45.jpg,17.0,16.0
20,mood_46.jpg,17.0,16.0
20,noi_047.jpg,,
20,noi_048.jpg,18.0,17.0
20,noi_049.jpg,,
20,noi_050.jpg,16.0,15.0
20,noi_051.jpg,16.0,15.0
20,noi_052.jpg,,
20,noi_053.jpg,15.0,14.0
20,outman_054.jpg,15.0,14.0
20,outman_055.jpg,11.0,10.0
20,outman_056.jpg,,
20,outman_057.jpg,17.0,16.0
20,outman_058.jpg,17.0,16.0
20,outman_059.jpg,17.0,16.0
20,outman_060.jpg,16.0,15.0
20,outman_061.jpg,17.0,16.0
20,pat_066.jpg,19.0,18.0
20,pat_067.jpg,16.0,15.0
20,pat_068.jpg,15.0,14.0
20,pat_069.jpg,10.0,9.0
20,pat_070.jpg,19.0,18.0
20,patch_062.jpg,18.0,17.0
20,patch_063.jpg,17.0,16.0
20,patch_064.jpg,18.0,17.0
20,patch_065.jpg,17.0,16.0
20,por_071.jpg,16.0,15.0
20,por_072.jpg,19.0,18.0
20,por_073.jpg,19.0,18.0
20,por_074.jpg,17.0,16.0
20,rand_075.jpg,17.0,16.0
20,rand_076.jpg,16.0,15.0
20,rand_077.jpg,8.0,7.0
20,rand_078.jpg,16.0,15.0
20,rand_079.jpg,14.0,13.0
20,sat_080.jpg,13.0,12.0
20,sat_081.jpg,18.0,17.0
20,sat_082.jpg,16.0,15.0
20,sat_083.jpg,12.0,11.0
20,sat_084.jpg,16.0,15.0
20,sat_085.jpg,15.0,14.0
20,sat_086.jpg,15.0,14.0
20,sat_087.jpg,16.0,15.0
20,soc_088.jpg,10.0,9.0
20,soc_089.jpg,17.0,16.0
20,soc_090.jpg,16.0,15.0
20,soc_091.jpg,15.0,14.0
20,soc_092.jpg,17.0,16.0
20,soc_093.jpg,17.0,16.0
20,soc_094.jpg,15.0,14.0
20,soc_095.jpg,20.0,19.0
20,soc_096.jpg,15.0,14.0
20,soc_097.jpg,17.0,16.0
20,soc_098.jpg,19.0,18.0
20,soc_099.jpg,15.0,14.0
20,soc_100.jpg,17.0,16.0
21,act_001.jpg,14.0,13.0
21,act_002.jpg,13.0,12.0
21,act_003.jpg,18.0,17.0
21,act_004.jpg,21.0,20.0
21,act_005.jpg,16.0,15.0
21,art_006.jpg,14.0,13.0
21,art_007.jpg,20.0,19.0
21,art_008.jpg,13.0,12.0
21,art_009.jpg,17.0,16.0
21,art_010.jpg,19.0,18.0
21,art_011.jpg,19.0,18.0
21,cat_012.jpg,16.0,15.0
21,cat_013.jpg,17.0,16.0
21,cat_014.jpg,19.0,18.0
21,cat_015.jpg,19.0,18.0
21,ind_016.jpg,16.0,15.0
21,ind_017.jpg,15.0,14.0
21,ind_018.jpg,17.0,16.0
21,ind_019.jpg,18.0,17.0
21,ind_020.jpg,13.0,12.0
21,ind_021.jpg,20.0,19.0
21,ind_022.jpg,17.0,16.0
21,ind_023.jpg,17.0,16.0
21,ind_024.jpg,19.0,18.0
21,ind_025.jpg,19.0,18.0
21,land_026.jpg,16.0,15.0
21,land_027.jpg,17.0,16.0
21,land_028.jpg,19.0,18.0
21,land_029.jpg,15.0,14.0
21,land_030.jpg,15.0,14.0
21,low_031.jpg,12.0,11.0
21,low_032.jpg,13.0,12.0
21,low_033.jpg,18.0,17.0
21,low_034.jpg,19.0,18.0
21,low_035.jpg,14.0,13.0
21,low_036.jpg,13.0,12.0
21,mood_37.jpg,17.0,16.0
21,mood_38.jpg,21.0,20.0
21,mood_39.jpg,19.0,18.0
21,mood_40.jpg,15.0,14.0
21,mood_41.jpg,20.0,19.0
21,mood_42.jpg,18.0,17.0
21,mood_43.jpg,16.0,15.0
21,mood_44.jpg,17.0,16.0
21,mood_45.jpg,14.0,13.0
21,mood_46.jpg,15.0,14.0
21,noi_047.jpg,19.0,18.0
21,noi_048.jpg,17.0,16.0
21,noi_049.jpg,9.0,8.0
21,noi_050.jpg,15.0,14.0
21,noi_051.jpg,13.0,12.0
21,noi_052.jpg,17.0,16.0
21,noi_053.jpg,18.0,17.0
21,outman_054.jpg,17.0,16.0
21,outman_055.jpg,19.0,18.0
21,outman_056.jpg,19.0,18.0
21,outman_057.jpg,10.0,9.0
21,outman_058.jpg,16.0,15.0
21,outman_059.jpg,11.0,10.0
21,outman_060.jpg,16.0,15.0
21,outman_061.jpg,15.0,14.0
21,pat_066.jpg,18.0,17.0
21,pat_067.jpg,18.0,17.0
21,pat_068.jpg,20.0,19.0
21,pat_069.jpg,15.0,14.0
21,pat_070.jpg,19.0,18.0
21,patch_062.jpg,16.0,15.0
21,patch_063.jpg,16.0,15.0
21,patch_064.jpg,17.0,16.0
21,patch_065.jpg,20.0,19.0
21,por_071.jpg,9.0,8.0
21,por_072.jpg,17.0,16.0
21,por_073.jpg,14.0,13.0
21,por_074.jpg,8.0,7.0
21,rand_075.jpg,15.0,14.0
21,rand_076.jpg,19.0,18.0
21,rand_077.jpg,18.0,17.0
21,rand_078.jpg,13.0,12.0
21,rand_079.jpg,19.0,18.0
21,sat_080.jpg,17.0,16.0
21,sat_081.jpg,15.0,14.0
21,sat_082.jpg,17.0,16.0
21,sat_083.jpg,18.0,17.0
21,sat_084.jpg,16.0,15.0
21,sat_085.jpg,19.0,18.0
21,sat_086.jpg,18.0,17.0
21,sat_087.jpg,9.0,8.0
21,soc_088.jpg,14.0,13.0
21,soc_089.jpg,17.0,16.0
21,soc_090.jpg,16.0,15.0
21,soc_091.jpg,18.0,17.0
21,soc_092.jpg,19.0,18.0
21,soc_093.jpg,18.0,17.0
21,soc_094.jpg,17.0,16.0
21,soc_095.jpg,13.0,12.0
21,soc_096.jpg,18.0,17.0
21,soc_097.jpg,19.0,18.0
21,soc_098.jpg,15.0,14.0
21,soc_099.jpg,17.0,16.0
21,soc_100.jpg,15.0,14.0
22,act_001.jpg,17.0,16.0
22,act_002.jpg,19.0,18.0
22,act_003.jpg,18.0,17.0
22,act_004.jpg,15.0,14.0
22,act_005.jpg,15.0,14.0
22,art_006.jpg,13.0,12.0
22,art_007.jpg,20.0,19.0
22,art_008.jpg,6.0,5.0
22,art_009.jpg,17.0,16.0
22,art_010.jpg,13.0,12.0
22,art_011.jpg,15.0,14.0
22,cat_012.jpg,18.0,17.0
22,cat_013.jpg,11.0,10.0
22,cat_014.jpg,18.0,17.0
22,cat_015.jpg,13.0,12.0
22,ind_016.jpg,15.0,14.0
22,ind_017.jpg,6.0,5.0
22,ind_018.jpg,13.0,12.0
22,ind_019.jpg,19.0,18.0
22,ind_020.jpg,17.0,16.0
22,ind_021.jpg,19.0,18.0
22,ind_022.jpg,16.0,15.0
22,ind_023.jpg,15.0,14.0
22,ind_024.jpg,16.0,15.0
22,ind_025.jpg,14.0,13.0
22,land_026.jpg,16.0,15.0
22,land_027.jpg,11.0,10.0
22,land_028.jpg,17.0,16.0
22,land_029.jpg,8.0,7.0
22,land_030.jpg,12.0,11.0
22,low_031.jpg,4.0,3.0
22,low_032.jpg,3.0,2.0
22,low_033.jpg,19.0,18.0
22,low_034.jpg,9.0,8.0
22,low_035.jpg,10.0,9.0
22,low_036.jpg,12.0,11.0
22,mood_37.jpg,13.0,12.0
22,mood_38.jpg,4.0,3.0
22,mood_39.jpg,17.0,16.0
22,mood_40.jpg,9.0,8.0
22,mood_41.jpg,19.0,18.0
22,mood_42.jpg,14.0,13.0
22,mood_43.jpg,10.0,9.0
22,mood_44.jpg,20.0,19.0
22,mood_45.jpg,22.0,21.0
22,mood_46.jpg,7.0,6.0
22,noi_047.jpg,18.0,17.0
22,noi_048.jpg,15.0,14.0
22,noi_049.jpg,15.0,14.0
22,noi_050.jpg,14.0,13.0
22,noi_051.jpg,15.0,14.0
22,noi_052.jpg,16.0,15.0
22,noi_053.jpg,16.0,15.0
22,outman_054.jpg,15.0,14.0
22,outman_055.jpg,17.0,16.0
22,outman_056.jpg,17.0,16.0
22,outman_057.jpg,17.0,16.0
22,outman_058.jpg,20.0,19.0
22,outman_059.jpg,15.0,14.0
22,outman_060.jpg,15.0,14.0
22,outman_061.jpg,6.0,5.0
22,pat_066.jpg,9.0,8.0
22,pat_067.jpg,11.0,10.0
22,pat_068.jpg,15.0,14.0
22,pat_069.jpg,8.0,7.0
22,pat_070.jpg,5.0,4.0
22,patch_062.jpg,10.0,9.0
22,patch_063.jpg,10.0,9.0
22,patch_064.jpg,18.0,17.0
22,patch_065.jpg,4.0,3.0
22,por_071.jpg,21.0,20.0
22,por_072.jpg,17.0,16.0
22,por_073.jpg,18.0,17.0
22,por_074.jpg,14.0,13.0
22,rand_075.jpg,10.0,9.0
22,rand_076.jpg,15.0,14.0
22,rand_077.jpg,15.0,14.0
22,rand_078.jpg,11.0,10.0
22,rand_079.jpg,20.0,19.0
22,sat_080.jpg,9.0,8.0
22,sat_081.jpg,18.0,17.0
22,sat_082.jpg,15.0,14.0
22,sat_083.jpg,8.0,7.0
22,sat_084.jpg,14.0,13.0
22,sat_085.jpg,24.0,23.0
22,sat_086.jpg,8.0,7.0
22,sat_087.jpg,11.0,10.0
22,soc_088.jpg,1.0,0.0
22,soc_089.jpg,15.0,14.0
22,soc_090.jpg,16.0,15.0
22,soc_091.jpg,16.0,15.0
22,soc_092.jpg,15.0,14.0
22,soc_093.jpg,14.0,13.0
22,soc_094.jpg,20.0,19.0
22,soc_095.jpg,3.0,2.0
22,soc_096.jpg,22.0,21.0
22,soc_097.jpg,8.0,7.0
22,soc_098.jpg,15.0,14.0
22,soc_099.jpg,18.0,17.0
22,soc_100.jpg,17.0,16.0
23,act_001.jpg,16.0,15.0
23,act_002.jpg,18.0,17.0
23,act_003.jpg,18.0,17.0
23,act_004.jpg,19.0,18.0
23,act_005.jpg,18.0,17.0
23,art_006.jpg,17.0,16.0
23,art_007.jpg,17.0,16.0
23,art_008.jpg,19.0,18.0
23,art_009.jpg,19.0,18.0
23,art_010.jpg,16.0,15.0
23,art_011.jpg,18.0,17.0
23,cat_012.jpg,17.0,16.0
23,cat_013.jpg,20.0,19.0
23,cat_014.jpg,18.0,17.0
23,cat_015.jpg,18.0,17.0
23,ind_016.jpg,17.0,16.0
23,ind_017.jpg,16.0,15.0
23,ind_018.jpg,14.0,13.0
23,ind_019.jpg,19.0,18.0
23,ind_020.jpg,16.0,15.0
23,ind_021.jpg,18.0,17.0
23,ind_022.jpg,16.0,15.0
23,ind_023.jpg,15.0,14.0
23,ind_024.jpg,18.0,17.0
23,ind_025.jpg,16.0,15.0
23,land_026.jpg,17.0,16.0
23,land_027.jpg,17.0,16.0
23,land_028.jpg,16.0,15.0
23,land_029.jpg,17.0,16.0
23,land_030.jpg,16.0,15.0
23,low_031.jpg,13.0,12.0
23,low_032.jpg,14.0,13.0
23,low_033.jpg,17.0,16.0
23,low_034.jpg,14.0,13.0
23,low_035.jpg,16.0,15.0
23,low_036.jpg,17.0,16.0
23,mood_37.jpg,19.0,18.0
23,mood_38.jpg,16.0,15.0
23,mood_39.jpg,16.0,15.0
23,mood_40.jpg,18.0,17.0
23,mood_41.jpg,20.0,19.0
23,mood_42.jpg,17.0,16.0
23,mood_43.jpg,17.0,16.0
23,mood_44.jpg,18.0,17.0
23,mood_45.jpg,22.0,21.0
23,mood_46.jpg,20.0,19.0
23,noi_047.jpg,18.0,17.0
23,noi_048.jpg,18.0,17.0
23,noi_049.jpg,19.0,18.0
23,noi_050.jpg,16.0,15.0
23,noi_051.jpg,12.0,11.0
23,noi_052.jpg,17.0,16.0
23,noi_053.jpg,16.0,15.0
23,outman_054.jpg,15.0,14.0
23,outman_055.jpg,13.0,12.0
23,outman_056.jpg,20.0,19.0
23,outman_057.jpg,16.0,15.0
23,outman_058.jpg,16.0,15.0
23,outman_059.jpg,18.0,17.0
23,outman_060.jpg,18.0,17.0
23,outman_061.jpg,18.0,17.0
23,pat_066.jpg,18.0,17.0
23,pat_067.jpg,17.0,16.0
23,pat_068.jpg,18.0,17.0
23,pat_069.jpg,18.0,17.0
23,pat_070.jpg,21.0,20.0
23,patch_062.jpg,17.0,16.0
23,patch_063.jpg,18.0,17.0
23,patch_064.jpg,17.0,16.0
23,patch_065.jpg,16.0,15.0
23,por_071.jpg,17.0,16.0
23,por_072.jpg,16.0,15.0
23,por_073.jpg,20.0,19.0
23,por_074.jpg,17.0,16.0
23,rand_075.jpg,12.0,11.0
23,rand_076.jpg,17.0,16.0
23,rand_077.jpg,20.0,19.0
23,rand_078.jpg,17.0,16.0
23,rand_079.jpg,15.0,14.0
23,sat_080.jpg,17.0,16.0
23,sat_081.jpg,20.0,19.0
23,sat_082.jpg,21.0,20.0
23,sat_083.jpg,18.0,17.0
23,sat_084.jpg,19.0,18.0
23,sat_085.jpg,20.0,19.0
23,sat_086.jpg,20.0,19.0
23,sat_087.jpg,17.0,16.0
23,soc_088.jpg,16.0,15.0
23,soc_089.jpg,19.0,18.0
23,soc_090.jpg,17.0,16.0
23,soc_091.jpg,17.0,16.0
23,soc_092.jpg,18.0,17.0
23,soc_093.jpg,15.0,14.0
23,soc_094.jpg,18.0,17.0
23,soc_095.jpg,17.0,16.0
23,soc_096.jpg,21.0,20.0
23,soc_097.jpg,19.0,18.0
23,soc_098.jpg,17.0,16.0
23,soc_099.jpg,16.0,15.0
23,soc_100.jpg,20.0,19.0
24,act_001.jpg,17.0,16.0
24,act_002.jpg,21.0,20.0
24,act_003.jpg,17.0,16.0
24,act_004.jpg,18.0,17.0
24,act_005.jpg,20.0,19.0
24,art_006.jpg,17.0,16.0
24,art_007.jpg,22.0,21.0
24,art_008.jpg,17.0,16.0
24,art_009.jpg,20.0,19.0
24,art_010.jpg,18.0,17.0
24,art_011.jpg,18.0,17.0
24,cat_012.jpg,21.0,20.0
24,cat_013.jpg,20.0,19.0
24,cat_014.jpg,19.0,18.0
24,cat_015.jpg,20.0,19.0
24,ind_016.jpg,16.0,15.0
24,ind_017.jpg,16.0,15.0
24,ind_018.jpg,21.0,20.0
24,ind_019.jpg,18.0,17.0
24,ind_020.jpg,18.0,17.0
24,ind_021.jpg,18.0,17.0
24,ind_022.jpg,17.0,16.0
24,ind_023.jpg,19.0,18.0
24,ind_024.jpg,22.0,21.0
24,ind_025.jpg,22.0,21.0
24,land_026.jpg,17.0,16.0
24,land_027.jpg,16.0,15.0
24,land_028.jpg,21.0,20.0
24,land_029.jpg,17.0,16.0
24,land_030.jpg,21.0,20.0
24,low_031.jpg,15.0,14.0
24,low_032.jpg,18.0,17.0
24,low_033.jpg,23.0,22.0
24,low_034.jpg,20.0,19.0
24,low_035.jpg,16.0,15.0
24,low_036.jpg,21.0,20.0
24,mood_37.jpg,19.0,18.0
24,mood_38.jpg,19.0,18.0
24,mood_39.jpg,21.0,20.0
24,mood_40.jpg,17.0,16.0
24,mood_41.jpg,19.0,18.0
24,mood_42.jpg,20.0,19.0
24,mood_43.jpg,19.0,18.0
24,mood_44.jpg,20.0,19.0
24,mood_45.jpg,22.0,21.0
24,mood_46.jpg,18.0,17.0
24,noi_047.jpg,19.0,18.0
24,noi_048.jpg,18.0,17.0
24,noi_049.jpg,20.0,19.0
24,noi_050.jpg,16.0,15.0
24,noi_051.jpg,15.0,14.0
24,noi_052.jpg,18.0,17.0
24,noi_053.jpg,23.0,22.0
24,outman_054.jpg,17.0,16.0
24,outman_055.jpg,20.0,19.0
24,outman_056.jpg,17.0,16.0
24,outman_057.jpg,22.0,21.0
24,outman_058.jpg,17.0,16.0
24,outman_059.jpg,18.0,17.0
24,outman_060.jpg,17.0,16.0
24,outman_061.jpg,22.0,21.0
24,pat_066.jpg,17.0,16.0
24,pat_067.jpg,20.0,19.0
24,pat_068.jpg,20.0,19.0
24,pat_069.jpg,16.0,15.0
24,pat_070.jpg,22.0,21.0
24,patch_062.jpg,19.0,18.0
24,patch_063.jpg,18.0,17.0
24,patch_064.jpg,19.0,18.0
24,patch_065.jpg,22.0,21.0
24,por_071.jpg,15.0,14.0
24,por_072.jpg,18.0,17.0
24,por_073.jpg,17.0,16.0
24,por_074.jpg,18.0,17.0
24,rand_075.jpg,9.0,8.0
24,rand_076.jpg,19.0,18.0
24,rand_077.jpg,20.0,19.0
24,rand_078.jpg,22.0,21.0
24,rand_079.jpg,17.0,16.0
24,sat_080.jpg,23.0,22.0
24,sat_081.jpg,19.0,18.0
24,sat_082.jpg,18.0,17.0
24,sat_083.jpg,23.0,22.0
24,sat_084.jpg,22.0,21.0
24,sat_085.jpg,20.0,19.0
24,sat_086.jpg,13.0,12.0
24,sat_087.jpg,22.0,21.0
24,soc_088.jpg,16.0,15.0
24,soc_089.jpg,19.0,18.0
24,soc_090.jpg,14.0,13.0
24,soc_091.jpg,19.0,18.0
24,soc_092.jpg,6.0,5.0
24,soc_093.jpg,14.0,13.0
24,soc_094.jpg,19.0,18.0
24,soc_095.jpg,20.0,19.0
24,soc_096.jpg,18.0,17.0
24,soc_097.jpg,20.0,19.0
24,soc_098.jpg,13.0,12.0
24,soc_099.jpg,17.0,16.0
24,soc_100.jpg,22.0,21.0
25,act_001.jpg,16.0,15.0
25,act_002.jpg,16.0,15.0
25,act_003.jpg,16.0,15.0
25,act_004.jpg,14.0,13.0
25,act_005.jpg,10.0,9.0
25,art_006.jpg,15.0,14.0
25,art_007.jpg,14.0,13.0
25,art_008.jpg,10.0,9.0
25,art_009.jpg,16.0,15.0
25,art_010.jpg,15.0,14.0
25,art_011.jpg,14.0,13.0
25,cat_012.jpg,17.0,16.0
25,cat_013.jpg,5.0,4.0
25,cat_014.jpg,14.0,13.0
25,cat_015.jpg,10.0,9.0
25,ind_016.jpg,14.0,13.0
25,ind_017.jpg,16.0,15.0
25,ind_018.jpg,15.0,14.0
25,ind_019.jpg,16.0,15.0
25,ind_020.jpg,13.0,12.0
25,ind_021.jpg,14.0,13.0
25,ind_022.jpg,15.0,14.0
25,ind_023.jpg,15.0,14.0
25,ind_024.jpg,12.0,11.0
25,ind_025.jpg,12.0,11.0
25,land_026.jpg,15.0,14.0
25,land_027.jpg,14.0,13.0
25,land_028.jpg,15.0,14.0
25,land_029.jpg,13.0,12.0
25,land_030.jpg,12.0,11.0
25,low_031.jpg,12.0,11.0
25,low_032.jpg,11.0,10.0
25,low_033.jpg,13.0,12.0
25,low_034.jpg,9.0,8.0
25,low_035.jpg,11.0,10.0
25,low_036.jpg,10.0,9.0
25,mood_37.jpg,19.0,18.0
25,mood_38.jpg,16.0,15.0
25,mood_39.jpg,20.0,19.0
25,mood_40.jpg,18.0,17.0
25,mood_41.jpg,16.0,15.0
25,mood_42.jpg,16.0,15.0
25,mood_43.jpg,17.0,16.0
25,mood_44.jpg,17.0,16.0
25,mood_45.jpg,20.0,19.0
25,mood_46.jpg,19.0,18.0
25,noi_047.jpg,16.0,15.0
25,noi_048.jpg,15.0,14.0
25,noi_049.jpg,13.0,12.0
25,noi_050.jpg,11.0,10.0
25,noi_051.jpg,14.0,13.0
25,noi_052.jpg,15.0,14.0
25,noi_053.jpg,12.0,11.0
25,outman_054.jpg,12.0,11.0
25,outman_055.jpg,15.0,14.0
25,outman_056.jpg,11.0,10.0
25,outman_057.jpg,12.0,11.0
25,outman_058.jpg,14.0,13.0
25,outman_059.jpg,16.0,15.0
25,outman_060.jpg,16.0,15.0
25,outman_061.jpg,15.0,14.0
25,pat_066.jpg,9.0,8.0
25,pat_067.jpg,14.0,13.0
25,pat_068.jpg,16.0,15.0
25,pat_069.jpg,11.0,10.0
25,pat_070.jpg,13.0,12.0
25,patch_062.jpg,20.0,19.0
25,patch_063.jpg,17.0,16.0
25,patch_064.jpg,14.0,13.0
25,patch_065.jpg,13.0,12.0
25,por_071.jpg,15.0,14.0
25,por_072.jpg,17.0,16.0
25,por_073.jpg,16.0,15.0
25,por_074.jpg,14.0,13.0
25,rand_075.jpg,17.0,16.0
25,rand_076.jpg,13.0,12.0
25,rand_077.jpg,16.0,15.0
25,rand_078.jpg,16.0,15.0
25,rand_079.jpg,11.0,10.0
25,sat_080.jpg,14.0,13.0
25,sat_081.jpg,11.0,10.0
25,sat_082.jpg,13.0,12.0
25,sat_083.jpg,13.0,12.0
25,sat_084.jpg,13.0,12.0
25,sat_085.jpg,15.0,14.0
25,sat_086.jpg,14.0,13.0
25,sat_087.jpg,15.0,14.0
25,soc_088.jpg,10.0,9.0
25,soc_089.jpg,17.0,16.0
25,soc_090.jpg,16.0,15.0
25,soc_091.jpg,13.0,12.0
25,soc_092.jpg,15.0,14.0
25,soc_093.jpg,20.0,19.0
25,soc_094.jpg,17.0,16.0
25,soc_095.jpg,18.0,17.0
25,soc_096.jpg,16.0,15.0
25,soc_097.jpg,17.0,16.0
25,soc_098.jpg,15.0,14.0
25,soc_099.jpg,15.0,14.0
25,soc_100.jpg,16.0,15.0
26,act_001.jpg,13.0,12.0
26,act_002.jpg,17.0,16.0
26,act_003.jpg,19.0,18.0
26,act_004.jpg,14.0,13.0
26,act_005.jpg,16.0,15.0
26,art_006.jpg,15.0,14.0
26,art_007.jpg,11.0,10.0
26,art_008.jpg,18.0,17.0
26,art_009.jpg,9.0,8.0
26,art_010.jpg,14.0,13.0
26,art_011.jpg,17.0,16.0
26,cat_012.jpg,13.0,12.0
26,cat_013.jpg,8.0,7.0
26,cat_014.jpg,,
26,cat_015.jpg,17.0,16.0
26,ind_016.jpg,14.0,13.0
26,ind_017.jpg,14.0,13.0
26,ind_018.jpg,15.0,14.0
26,ind_019.jpg,16.0,15.0
26,ind_020.jpg,15.0,14.0
26,ind_021.jpg,19.0,18.0
26,ind_022.jpg,16.0,15.0
26,ind_023.jpg,11.0,10.0
26,ind_024.jpg,16.0,15.0
26,ind_025.jpg,13.0,12.0
26,land_026.jpg,9.0,8.0
26,land_027.jpg,,
26,land_028.jpg,16.0,15.0
26,land_029.jpg,16.0,15.0
26,land_030.jpg,15.0,14.0
26,low_031.jpg,12.0,11.0
26,low_032.jpg,15.0,14.0
26,low_033.jpg,12.0,11.0
26,low_034.jpg,16.0,15.0
26,low_035.jpg,14.0,13.0
26,low_036.jpg,15.0,14.0
26,mood_37.jpg,16.0,15.0
26,mood_38.jpg,17.0,16.0
26,mood_39.jpg,20.0,19.0
26,mood_40.jpg,16.0,15.0
26,mood_41.jpg,17.0,16.0
26,mood_42.jpg,20.0,19.0
26,mood_43.jpg,18.0,17.0
26,mood_44.jpg,17.0,16.0
26,mood_45.jpg,17.0,16.0
26,mood_46.jpg,15.0,14.0
26,noi_047.jpg,5.0,4.0
26,noi_048.jpg,11.0,10.0
26,noi_049.jpg,17.0,16.0
26,noi_050.jpg,16.0,15.0
26,noi_051.jpg,15.0,14.0
26,noi_052.jpg,12.0,11.0
26,noi_053.jpg,,
26,outman_054.jpg,16.0,15.0
26,outman_055.jpg,15.0,14.0
26,outman_056.jpg,16.0,15.0
26,outman_057.jpg,15.0,14.0
26,outman_058.jpg,9.0,8.0
26,outman_059.jpg,18.0,17.0
26,outman_060.jpg,14.0,13.0
26,outman_061.jpg,14.0,13.0
26,pat_066.jpg,18.0,17.0
26,pat_067.jpg,15.0,14.0
26,pat_068.jpg,15.0,14.0
26,pat_069.jpg,16.0,15.0
26,pat_070.jpg,11.0,10.0
26,patch_062.jpg,15.0,14.0
26,patch_063.jpg,18.0,17.0
26,patch_064.jpg,16.0,15.0
26,patch_065.jpg,17.0,16.0
26,por_071.jpg,15.0,14.0
26,por_072.jpg,18.0,17.0
26,por_073.jpg,16.0,15.0
26,por_074.jpg,8.0,7.0
26,rand_075.jpg,18.0,17.0
26,rand_076.jpg,15.0,14.0
26,rand_077.jpg,14.0,13.0
26,rand_078.jpg,17.0,16.0
26,rand_079.jpg,18.0,17.0
26,sat_080.jpg,17.0,16.0
26,sat_081.jpg,17.0,16.0
26,sat_082.jpg,15.0,14.0
26,sat_083.jpg,18.0,17.0
26,sat_084.jpg,17.0,16.0
26,sat_085.jpg,18.0,17.0
26,sat_086.jpg,14.0,13.0
26,sat_087.jpg,17.0,16.0
26,soc_088.jpg,11.0,10.0
26,soc_089.jpg,14.0,13.0
26,soc_090.jpg,17.0,16.0
26,soc_091.jpg,19.0,18.0
26,soc_092.jpg,20.0,19.0
26,soc_093.jpg,13.0,12.0
26,soc_094.jpg,18.0,17.0
26,soc_095.jpg,18.0,17.0
26,soc_096.jpg,18.0,17.0
26,soc_097.jpg,14.0,13.0
26,soc_098.jpg,17.0,16.0
26,soc_099.jpg,16.0,15.0
26,soc_100.jpg,16.0,15.0
28,act_001.jpg,15.0,14.0
28,act_002.jpg,12.0,11.0
28,act_003.jpg,15.0,14.0
28,act_004.jpg,14.0,13.0
28,act_005.jpg,13.0,12.0
28,art_006.jpg,15.0,14.0
28,art_007.jpg,16.0,15.0
28,art_008.jpg,16.0,15.0
28,art_009.jpg,14.0,13.0
28,art_010.jpg,15.0,14.0
28,art_011.jpg,9.0,8.0
28,cat_012.jpg,12.0,11.0
28,cat_013.jpg,12.0,11.0
28,cat_014.jpg,15.0,14.0
28,cat_015.jpg,13.0,12.0
28,ind_016.jpg,13.0,12.0
28,ind_017.jpg,12.0,11.0
28,ind_018.jpg,11.0,10.0
28,ind_019.jpg,14.0,13.0
28,ind_020.jpg,13.0,12.0
28,ind_021.jpg,12.0,11.0
28,ind_022.jpg,17.0,16.0
28,ind_023.jpg,13.0,12.0
28,ind_024.jpg,14.0,13.0
28,ind_025.jpg,11.0,10.0
28,land_026.jpg,14.0,13.0
28,land_027.jpg,16.0,15.0
28,land_028.jpg,11.0,10.0
28,land_029.jpg,15.0,14.0
28,land_030.jpg,9.0,8.0
28,low_031.jpg,14.0,13.0
28,low_032.jpg,12.0,11.0
28,low_033.jpg,11.0,10.0
28,low_034.jpg,1.0,0.0
28,low_035.jpg,2.0,1.0
28,low_036.jpg,11.0,10.0
28,mood_37.jpg,17.0,16.0
28,mood_38.jpg,12.0,11.0
28,mood_39.jpg,14.0,13.0
28,mood_40.jpg,16.0,15.0
28,mood_41.jpg,13.0,12.0
28,mood_42.jpg,13.0,12.0
28,mood_43.jpg,15.0,14.0
28,mood_44.jpg,15.0,14.0
28,mood_45.jpg,14.0,13.0
28,mood_46.jpg,14.0,13.0
28,noi_047.jpg,8.0,7.0
28,noi_048.jpg,10.0,9.0
28,noi_049.jpg,13.0,12.0
28,noi_050.jpg,10.0,9.0
28,noi_051.jpg,10.0,9.0
28,noi_052.jpg,15.0,14.0
28,noi_053.jpg,17.0,16.0
28,outman_054.jpg,4.0,3.0
28,outman_055.jpg,14.0,13.0
28,outman_056.jpg,11.0,10.0
28,outman_057.jpg,,
28,outman_058.jpg,14.0,13.0
28,outman_059.jpg,14.0,13.0
28,outman_060.jpg,11.0,10.0
28,outman_061.jpg,13.0,12.0
28,pat_066.jpg,13.0,12.0
28,pat_067.jpg,10.0,9.0
28,pat_068.jpg,11.0,10.0
28,pat_069.jpg,14.0,13.0
28,pat_070.jpg,14.0,13.0
28,patch_062.jpg,13.0,12.0
28,patch_063.jpg,12.0,11.0
28,patch_064.jpg,9.0,8.0
28,patch_065.jpg,15.0,14.0
28,por_071.jpg,11.0,10.0
28,por_072.jpg,13.0,12.0
28,por_073.jpg,11.0,10.0
28,por_074.jpg,16.0,15.0
28,rand_075.jpg,13.0,12.0
28,rand_076.jpg,12.0,11.0
28,rand_077.jpg,10.0,9.0
28,rand_078.jpg,12.0,11.0
28,rand_079.jpg,12.0,11.0
28,sat_080.jpg,14.0,13.0
28,sat_081.jpg,15.0,14.0
28,sat_082.jpg,15.0,14.0
28,sat_083.jpg,14.0,13.0
28,sat_084.jpg,14.0,13.0
28,sat_085.jpg,14.0,13.0
28,sat_086.jpg,13.0,12.0
28,sat_087.jpg,10.0,9.0
28,soc_088.jpg,12.0,11.0
28,soc_089.jpg,12.0,11.0
28,soc_090.jpg,13.0,12.0
28,soc_091.jpg,16.0,15.0
28,soc_092.jpg,11.0,10.0
28,soc_093.jpg,12.0,11.0
28,soc_094.jpg,12.0,11.0
28,soc_095.jpg,12.0,11.0
28,soc_096.jpg,15.0,14.0
28,soc_097.jpg,15.0,14.0
28,soc_098.jpg,14.0,13.0
28,soc_099.jpg,11.0,10.0
28,soc_100.jpg,14.0,13.0
29,act_001.jpg,15.0,14.0
29,act_002.jpg,16.0,15.0
29,act_003.jpg,20.0,19.0
29,act_004.jpg,16.0,15.0
29,act_005.jpg,19.0,18.0
29,art_006.jpg,12.0,11.0
29,art_007.jpg,13.0,12.0
29,art_008.jpg,13.0,12.0
29,art_009.jpg,11.0,10.0
29,art_010.jpg,17.0,16.0
29,art_011.jpg,13.0,12.0
29,cat_012.jpg,15.0,14.0
29,cat_013.jpg,17.0,16.0
29,cat_014.jpg,20.0,19.0
29,cat_015.jpg,18.0,17.0
29,ind_016.jpg,14.0,13.0
29,ind_017.jpg,19.0,18.0
29,ind_018.jpg,19.0,18.0
29,ind_019.jpg,17.0,16.0
29,ind_020.jpg,10.0,9.0
29,ind_021.jpg,13.0,12.0
29,ind_022.jpg,17.0,16.0
29,ind_023.jpg,16.0,15.0
29,ind_024.jpg,17.0,16.0
29,ind_025.jpg,14.0,13.0
29,land_026.jpg,17.0,16.0
29,land_027.jpg,16.0,15.0
29,land_028.jpg,16.0,15.0
29,land_029.jpg,20.0,19.0
29,land_030.jpg,15.0,14.0
29,low_031.jpg,15.0,14.0
29,low_032.jpg,8.0,7.0
29,low_033.jpg,12.0,11.0
29,low_034.jpg,15.0,14.0
29,low_035.jpg,13.0,12.0
29,low_036.jpg,12.0,11.0
29,mood_37.jpg,18.0,17.0
29,mood_38.jpg,20.0,19.0
29,mood_39.jpg,17.0,16.0
29,mood_40.jpg,17.0,16.0
29,mood_41.jpg,17.0,16.0
29,mood_42.jpg,14.0,13.0
29,mood_43.jpg,17.0,16.0
29,mood_44.jpg,19.0,18.0
29,mood_45.jpg,17.0,16.0
29,mood_46.jpg,17.0,16.0
29,noi_047.jpg,20.0,19.0
29,noi_048.jpg,12.0,11.0
29,noi_049.jpg,15.0,14.0
29,noi_050.jpg,12.0,11.0
29,noi_051.jpg,12.0,11.0
29,noi_052.jpg,13.0,12.0
29,noi_053.jpg,18.0,17.0
29,outman_054.jpg,16.0,15.0
29,outman_055.jpg,16.0,15.0
29,outman_056.jpg,15.0,14.0
29,outman_057.jpg,14.0,13.0
29,outman_058.jpg,15.0,14.0
29,outman_059.jpg,18.0,17.0
29,outman_060.jpg,12.0,11.0
29,outman_061.jpg,13.0,12.0
29,pat_066.jpg,8.0,7.0
29,pat_067.jpg,14.0,13.0
29,pat_068.jpg,12.0,11.0
29,pat_069.jpg,15.0,14.0
29,pat_070.jpg,6.0,5.0
29,patch_062.jpg,15.0,14.0
29,patch_063.jpg,16.0,15.0
29,patch_064.jpg,10.0,9.0
29,patch_065.jpg,5.0,4.0
29,por_071.jpg,17.0,16.0
29,por_072.jpg,10.0,9.0
29,por_073.jpg,11.0,10.0
29,por_074.jpg,13.0,12.0
29,rand_075.jpg,17.0,16.0
29,rand_076.jpg,19.0,18.0
29,rand_077.jpg,14.0,13.0
29,rand_078.jpg,16.0,15.0
29,rand_079.jpg,14.0,13.0
29,sat_080.jpg,5.0,4.0
29,sat_081.jpg,12.0,11.0
29,sat_082.jpg,13.0,12.0
29,sat_083.jpg,18.0,17.0
29,sat_084.jpg,9.0,8.0
29,sat_085.jpg,12.0,11.0
29,sat_086.jpg,7.0,6.0
29,sat_087.jpg,1.0,0.0
29,soc_088.jpg,17.0,16.0
29,soc_089.jpg,8.0,7.0
29,soc_090.jpg,16.0,15.0
29,soc_091.jpg,17.0,16.0
29,soc_092.jpg,12.0,11.0
29,soc_093.jpg,4.0,3.0
29,soc_094.jpg,17.0,16.0
29,soc_095.jpg,17.0,16.0
29,soc_096.jpg,19.0,18.0
29,soc_097.jpg,17.0,16.0
29,soc_098.jpg,16.0,15.0
29,soc_099.jpg,19.0,18.0
29,soc_100.jpg,17.0,16.0
31,act_001.jpg,17.0,16.0
31,act_002.jpg,17.0,16.0
31,act_003.jpg,18.0,17.0
31,act_004.jpg,8.0,7.0
31,act_005.jpg,19.0,18.0
31,art_006.jpg,13.0,12.0
31,art_007.jpg,,
31,art_008.jpg,1.0,0.0
31,art_009.jpg,17.0,16.0
31,art_010.jpg,19.0,18.0
31,art_011.jpg,15.0,14.0
31,cat_012.jpg,21.0,20.0
31,cat_013.jpg,12.0,11.0
31,cat_014.jpg,16.0,15.0
31,cat_015.jpg,10.0,9.0
31,ind_016.jpg,11.0,10.0
31,ind_017.jpg,17.0,16.0
31,ind_018.jpg,17.0,16.0
31,ind_019.jpg,5.0,4.0
31,ind_020.jpg,13.0,12.0
31,ind_021.jpg,14.0,13.0
31,ind_022.jpg,15.0,14.0
31,ind_023.jpg,9.0,8.0
31,ind_024.jpg,16.0,15.0
31,ind_025.jpg,13.0,12.0
31,land_026.jpg,9.0,8.0
31,land_027.jpg,13.0,12.0
31,land_028.jpg,4.0,3.0
31,land_029.jpg,15.0,14.0
31,land_030.jpg,17.0,16.0
31,low_031.jpg,14.0,13.0
31,low_032.jpg,9.0,8.0
31,low_033.jpg,16.0,15.0
31,low_034.jpg,9.0,8.0
31,low_035.jpg,4.0,3.0
31,low_036.jpg,12.0,11.0
31,mood_37.jpg,17.0,16.0
31,mood_38.jpg,18.0,17.0
31,mood_39.jpg,19.0,18.0
31,mood_40.jpg,21.0,20.0
31,mood_41.jpg,20.0,19.0
31,mood_42.jpg,20.0,19.0
31,mood_43.jpg,18.0,17.0
31,mood_44.jpg,20.0,19.0
31,mood_45.jpg,18.0,17.0
31,mood_46.jpg,20.0,19.0
31,noi_047.jpg,18.0,17.0
31,noi_048.jpg,9.0,8.0
31,noi_049.jpg,16.0,15.0
31,noi_050.jpg,15.0,14.0
31,noi_051.jpg,,
31,noi_052.jpg,13.0,12.0
31,noi_053.jpg,13.0,12.0
31,outman_054.jpg,14.0,13.0
31,outman_055.jpg,18.0,17.0
31,outman_056.jpg,15.0,14.0
31,outman_057.jpg,17.0,16.0
31,outman_058.jpg,16.0,15.0
31,outman_059.jpg,12.0,11.0
31,outman_060.jpg,14.0,13.0
31,outman_061.jpg,14.0,13.0
31,pat_066.jpg,12.0,11.0
31,pat_067.jpg,16.0,15.0
31,pat_068.jpg,16.0,15.0
31,pat_069.jpg,11.0,10.0
31,pat_070.jpg,11.0,10.0
31,patch_062.jpg,17.0,16.0
31,patch_063.jpg,9.0,8.0
31,patch_064.jpg,16.0,15.0
31,patch_065.jpg,15.0,14.0
31,por_071.jpg,15.0,14.0
31,por_072.jpg,15.0,14.0
31,por_073.jpg,14.0,13.0
31,por_074.jpg,13.0,12.0
31,rand_075.jpg,16.0,15.0
31,rand_076.jpg,15.0,14.0
31,rand_077.jpg,13.0,12.0
31,rand_078.jpg,14.0,13.0
31,rand_079.jpg,14.0,13.0
31,sat_080.jpg,13.0,12.0
31,sat_081.jpg,14.0,13.0
31,sat_082.jpg,16.0,15.0
31,sat_083.jpg,15.0,14.0
31,sat_084.jpg,14.0,13.0
31,sat_085.jpg,16.0,15.0
31,sat_086.jpg,16.0,15.0
31,sat_087.jpg,17.0,16.0
31,soc_088.jpg,16.0,15.0
31,soc_089.jpg,19.0,18.0
31,soc_090.jpg,19.0,18.0
31,soc_091.jpg,20.0,19.0
31,soc_092.jpg,14.0,13.0
31,soc_093.jpg,15.0,14.0
31,soc_094.jpg,14.0,13.0
31,soc_095.jpg,17.0,16.0
31,soc_096.jpg,18.0,17.0
31,soc_097.jpg,19.0,18.0
31,soc_098.jpg,15.0,14.0
31,soc_099.jpg,20.0,19.0
31,soc_100.jpg,13.0,12.0
32,act_001.jpg,16.0,15.0
32,act_002.jpg,17.0,16.0
32,act_003.jpg,17.0,16.0
32,act_004.jpg,17.0,16.0
32,act_005.jpg,19.0,18.0
32,art_006.jpg,15.0,14.0
32,art_007.jpg,15.0,14.0
32,art_008.jpg,17.0,16.0
32,art_009.jpg,17.0,16.0
32,art_010.jpg,16.0,15.0
32,art_011.jpg,14.0,13.0
32,cat_012.jpg,16.0,15.0
32,cat_013.jpg,15.0,14.0
32,cat_014.jpg,16.0,15.0
32,cat_015.jpg,19.0,18.0
32,ind_016.jpg,15.0,14.0
32,ind_017.jpg,14.0,13.0
32,ind_018.jpg,17.0,16.0
32,ind_019.jpg,15.0,14.0
32,ind_020.jpg,15.0,14.0
32,ind_021.jpg,17.0,16.0
32,ind_022.jpg,15.0,14.0
32,ind_023.jpg,15.0,14.0
32,ind_024.jpg,15.0,14.0
32,ind_025.jpg,16.0,15.0
32,land_026.jpg,12.0,11.0
32,land_027.jpg,17.0,16.0
32,land_028.jpg,14.0,13.0
32,land_029.jpg,17.0,16.0
32,land_030.jpg,19.0,18.0
32,low_031.jpg,12.0,11.0
32,low_032.jpg,13.0,12.0
32,low_033.jpg,15.0,14.0
32,low_034.jpg,15.0,14.0
32,low_035.jpg,13.0,12.0
32,low_036.jpg,15.0,14.0
32,mood_37.jpg,19.0,18.0
32,mood_38.jpg,20.0,19.0
32,mood_39.jpg,17.0,16.0
32,mood_40.jpg,18.0,17.0
32,mood_41.jpg,19.0,18.0
32,mood_42.jpg,18.0,17.0
32,mood_43.jpg,18.0,17.0
32,mood_44.jpg,17.0,16.0
32,mood_45.jpg,18.0,17.0
32,mood_46.jpg,20.0,19.0
32,noi_047.jpg,16.0,15.0
32,noi_048.jpg,15.0,14.0
32,noi_049.jpg,18.0,17.0
32,noi_050.jpg,16.0,15.0
32,noi_051.jpg,12.0,11.0
32,noi_052.jpg,14.0,13.0
32,noi_053.jpg,17.0,16.0
32,outman_054.jpg,18.0,17.0
32,outman_055.jpg,15.0,14.0
32,outman_056.jpg,14.0,13.0
32,outman_057.jpg,17.0,16.0
32,outman_058.jpg,15.0,14.0
32,outman_059.jpg,17.0,16.0
32,outman_060.jpg,15.0,14.0
32,outman_061.jpg,17.0,16.0
32,pat_066.jpg,16.0,15.0
32,pat_067.jpg,16.0,15.0
32,pat_068.jpg,13.0,12.0
32,pat_069.jpg,19.0,18.0
32,pat_070.jpg,15.0,14.0
32,patch_062.jpg,19.0,18.0
32,patch_063.jpg,19.0,18.0
32,patch_064.jpg,18.0,17.0
32,patch_065.jpg,17.0,16.0
32,por_071.jpg,16.0,15.0
32,por_072.jpg,15.0,14.0
32,por_073.jpg,15.0,14.0
32,por_074.jpg,16.0,15.0
32,rand_075.jpg,17.0,16.0
32,rand_076.jpg,15.0,14.0
32,rand_077.jpg,16.0,15.0
32,rand_078.jpg,16.0,15.0
32,rand_079.jpg,15.0,14.0
32,sat_080.jpg,17.0,16.0
32,sat_081.jpg,16.0,15.0
32,sat_082.jpg,16.0,15.0
32,sat_083.jpg,18.0,17.0
32,sat_084.jpg,17.0,16.0
32,sat_085.jpg,16.0,15.0
32,sat_086.jpg,17.0,16.0
32,sat_087.jpg,18.0,17.0
32,soc_088.jpg,16.0,15.0
32,soc_089.jpg,17.0,16.0
32,soc_090.jpg,16.0,15.0
32,soc_091.jpg,19.0,18.0
32,soc_092.jpg,16.0,15.0
32,soc_093.jpg,20.0,19.0
32,soc_094.jpg,16.0,15.0
32,soc_095.jpg,17.0,16.0
32,soc_096.jpg,17.0,16.0
32,soc_097.jpg,16.0,15.0
32,soc_098.jpg,17.0,16.0
32,soc_099.jpg,15.0,14.0
32,soc_100.jpg,18.0,17.0
33,act_001.jpg,12.0,11.0
33,act_002.jpg,15.0,14.0
33,act_003.jpg,15.0,14.0
33,act_004.jpg,11.0,10.0
33,act_005.jpg,11.0,10.0
33,art_006.jpg,15.0,14.0
33,art_007.jpg,9.0,8.0
33,art_008.jpg,15.0,14.0
33,art_009.jpg,8.0,7.0
33,art_010.jpg,11.0,10.0
33,art_011.jpg,15.0,14.0
33,cat_012.jpg,16.0,15.0
33,cat_013.jpg,17.0,16.0
33,cat_014.jpg,13.0,12.0
33,cat_015.jpg,15.0,14.0
33,ind_016.jpg,8.0,7.0
33,ind_017.jpg,6.0,5.0
33,ind_018.jpg,10.0,9.0
33,ind_019.jpg,17.0,16.0
33,ind_020.jpg,9.0,8.0
33,ind_021.jpg,15.0,14.0
33,ind_022.jpg,20.0,19.0
33,ind_023.jpg,12.0,11.0
33,ind_024.jpg,15.0,14.0
33,ind_025.jpg,10.0,9.0
33,land_026.jpg,13.0,12.0
33,land_027.jpg,14.0,13.0
33,land_028.jpg,13.0,12.0
33,land_029.jpg,12.0,11.0
33,land_030.jpg,15.0,14.0
33,low_031.jpg,15.0,14.0
33,low_032.jpg,12.0,11.0
33,low_033.jpg,11.0,10.0
33,low_034.jpg,6.0,5.0
33,low_035.jpg,12.0,11.0
33,low_036.jpg,18.0,17.0
33,mood_37.jpg,18.0,17.0
33,mood_38.jpg,20.0,19.0
33,mood_39.jpg,18.0,17.0
33,mood_40.jpg,20.0,19.0
33,mood_41.jpg,15.0,14.0
33,mood_42.jpg,14.0,13.0
33,mood_43.jpg,16.0,15.0
33,mood_44.jpg,20.0,19.0
33,mood_45.jpg,6.0,5.0
33,mood_46.jpg,19.0,18.0
33,noi_047.jpg,8.0,7.0
33,noi_048.jpg,14.0,13.0
33,noi_049.jpg,12.0,11.0
33,noi_050.jpg,3.0,2.0
33,noi_051.jpg,12.0,11.0
33,noi_052.jpg,7.0,6.0
33,noi_053.jpg,12.0,11.0
33,outman_054.jpg,11.0,10.0
33,outman_055.jpg,15.0,14.0
33,outman_056.jpg,9.0,8.0
33,outman_057.jpg,14.0,13.0
33,outman_058.jpg,16.0,15.0
33,outman_059.jpg,15.0,14.0
33,outman_060.jpg,15.0,14.0
33,outman_061.jpg,12.0,11.0
33,pat_066.jpg,17.0,16.0
33,pat_067.jpg,12.0,11.0
33,pat_068.jpg,16.0,15.0
33,pat_069.jpg,11.0,10.0
33,pat_070.jpg,19.0,18.0
33,patch_062.jpg,18.0,17.0
33,patch_063.jpg,21.0,20.0
33,patch_064.jpg,17.0,16.0
33,patch_065.jpg,11.0,10.0
33,por_071.jpg,16.0,15.0
33,por_072.jpg,16.0,15.0
33,por_073.jpg,16.0,15.0
33,por_074.jpg,16.0,15.0
33,rand_075.jpg,17.0,16.0
33,rand_076.jpg,12.0,11.0
33,rand_077.jpg,19.0,18.0
33,rand_078.jpg,15.0,14.0
33,rand_079.jpg,12.0,11.0
33,sat_080.jpg,16.0,15.0
33,sat_081.jpg,15.0,14.0
33,sat_082.jpg,20.0,19.0
33,sat_083.jpg,19.0,18.0
33,sat_084.jpg,14.0,13.0
33,sat_085.jpg,15.0,14.0
33,sat_086.jpg,18.0,17.0
33,sat_087.jpg,16.0,15.0
33,soc_088.jpg,11.0,10.0
33,soc_089.jpg,19.0,18.0
33,soc_090.jpg,13.0,12.0
33,soc_091.jpg,16.0,15.0
33,soc_092.jpg,10.0,9.0
33,soc_093.jpg,15.0,14.0
33,soc_094.jpg,14.0,13.0
33,soc_095.jpg,10.0,9.0
33,soc_096.jpg,18.0,17.0
33,soc_097.jpg,17.0,16.0
33,soc_098.jpg,10.0,9.0
33,soc_099.jpg,15.0,14.0
33,soc_100.jpg,10.0,9.0
34,act_001.jpg,10.0,9.0
34,act_002.jpg,15.0,14.0
34,act_003.jpg,18.0,17.0
34,act_004.jpg,17.0,16.0
34,act_005.jpg,13.0,12.0
34,art_006.jpg,27.0,26.0
34,art_007.jpg,17.0,16.0
34,art_008.jpg,21.0,20.0
34,art_009.jpg,19.0,18.0
34,art_010.jpg,16.0,15.0
34,art_011.jpg,18.0,17.0
34,cat_012.jpg,14.0,13.0
34,cat_013.jpg,16.0,15.0
34,cat_014.jpg,15.0,14.0
34,cat_015.jpg,26.0,25.0
34,ind_016.jpg,14.0,13.0
34,ind_017.jpg,19.0,18.0
34,ind_018.jpg,20.0,19.0
34,ind_019.jpg,16.0,15.0
34,ind_020.jpg,20.0,19.0
34,ind_021.jpg,17.0,16.0
34,ind_022.jpg,18.0,17.0
34,ind_023.jpg,18.0,17.0
34,ind_024.jpg,21.0,20.0
34,ind_025.jpg,18.0,17.0
34,land_026.jpg,10.0,9.0
34,land_027.jpg,16.0,15.0
34,land_028.jpg,11.0,10.0
34,land_029.jpg,10.0,9.0
34,land_030.jpg,14.0,13.0
34,low_031.jpg,18.0,17.0
34,low_032.jpg,16.0,15.0
34,low_033.jpg,21.0,20.0
34,low_034.jpg,15.0,14.0
34,low_035.jpg,15.0,14.0
34,low_036.jpg,15.0,14.0
34,mood_37.jpg,18.0,17.0
34,mood_38.jpg,24.0,23.0
34,mood_39.jpg,19.0,18.0
34,mood_40.jpg,20.0,19.0
34,mood_41.jpg,13.0,12.0
34,mood_42.jpg,16.0,15.0
34,mood_43.jpg,16.0,15.0
34,mood_44.jpg,20.0,19.0
34,mood_45.jpg,14.0,13.0
34,mood_46.jpg,15.0,14.0
34,noi_047.jpg,22.0,21.0
34,noi_048.jpg,21.0,20.0
34,noi_049.jpg,9.0,8.0
34,noi_050.jpg,17.0,16.0
34,noi_051.jpg,19.0,18.0
34,noi_052.jpg,20.0,19.0
34,noi_053.jpg,11.0,10.0
34,outman_054.jpg,12.0,11.0
34,outman_055.jpg,18.0,17.0
34,outman_056.jpg,15.0,14.0
34,outman_057.jpg,17.0,16.0
34,outman_058.jpg,18.0,17.0
34,outman_059.jpg,17.0,16.0
34,outman_060.jpg,17.0,16.0
34,outman_061.jpg,17.0,16.0
34,pat_066.jpg,21.0,20.0
34,pat_067.jpg,18.0,17.0
34,pat_068.jpg,15.0,14.0
34,pat_069.jpg,16.0,15.0
34,pat_070.jpg,21.0,20.0
34,patch_062.jpg,18.0,17.0
34,patch_063.jpg,19.0,18.0
34,patch_064.jpg,15.0,14.0
34,patch_065.jpg,4.0,3.0
34,por_071.jpg,11.0,10.0
34,por_072.jpg,12.0,11.0
34,por_073.jpg,16.0,15.0
34,por_074.jpg,10.0,9.0
34,rand_075.jpg,11.0,10.0
34,rand_076.jpg,17.0,16.0
34,rand_077.jpg,7.0,6.0
34,rand_078.jpg,14.0,13.0
34,rand_079.jpg,14.0,13.0
34,sat_080.jpg,13.0,12.0
34,sat_081.jpg,15.0,14.0
34,sat_082.jpg,15.0,14.0
34,sat_083.jpg,17.0,16.0
34,sat_084.jpg,19.0,18.0
34,sat_085.jpg,10.0,9.0
34,sat_086.jpg,21.0,20.0
34,sat_087.jpg,16.0,15.0
34,soc_088.jpg,7.0,6.0
34,soc_089.jpg,18.0,17.0
34,soc_090.jpg,20.0,19.0
34,soc_091.jpg,12.0,11.0
34,soc_092.jpg,21.0,20.0
34,soc_093.jpg,19.0,18.0
34,soc_094.jpg,13.0,12.0
34,soc_095.jpg,22.0,21.0
34,soc_096.jpg,20.0,19.0
34,soc_097.jpg,19.0,18.0
34,soc_098.jpg,16.0,15.0
34,soc_099.jpg,16.0,15.0
34,soc_100.jpg,13.0,12.0
35,act_001.jpg,12.0,11.0
35,act_002.jpg,12.0,11.0
35,act_003.jpg,17.0,16.0
35,act_004.jpg,16.0,15.0
35,act_005.jpg,10.0,9.0
35,art_006.jpg,10.0,9.0
35,art_007.jpg,16.0,15.0
35,art_008.jpg,13.0,12.0
35,art_009.jpg,13.0,12.0
35,art_010.jpg,6.0,5.0
35,art_011.jpg,2.0,1.0
35,cat_012.jpg,17.0,16.0
35,cat_013.jpg,,
35,cat_014.jpg,4.0,3.0
35,cat_015.jpg,15.0,14.0
35,ind_016.jpg,13.0,12.0
35,ind_017.jpg,9.0,8.0
35,ind_018.jpg,4.0,3.0
35,ind_019.jpg,12.0,11.0
35,ind_020.jpg,6.0,5.0
35,ind_021.jpg,8.0,7.0
35,ind_022.jpg,12.0,11.0
35,ind_023.jpg,5.0,4.0
35,ind_024.jpg,15.0,14.0
35,ind_025.jpg,14.0,13.0
35,land_026.jpg,1.0,0.0
35,land_027.jpg,12.0,11.0
35,land_028.jpg,7.0,6.0
35,land_029.jpg,,
35,land_030.jpg,13.0,12.0
35,low_031.jpg,10.0,9.0
35,low_032.jpg,11.0,10.0
35,low_033.jpg,12.0,11.0
35,low_034.jpg,9.0,8.0
35,low_035.jpg,9.0,8.0
35,low_036.jpg,11.0,10.0
35,mood_37.jpg,17.0,16.0
35,mood_38.jpg,16.0,15.0
35,mood_39.jpg,20.0,19.0
35,mood_40.jpg,15.0,14.0
35,mood_41.jpg,14.0,13.0
35,mood_42.jpg,16.0,15.0
35,mood_43.jpg,19.0,18.0
35,mood_44.jpg,16.0,15.0
35,mood_45.jpg,15.0,14.0
35,mood_46.jpg,14.0,13.0
35,noi_047.jpg,10.0,9.0
35,noi_048.jpg,13.0,12.0
35,noi_049.jpg,12.0,11.0
35,noi_050.jpg,,
35,noi_051.jpg,9.0,8.0
35,noi_052.jpg,6.0,5.0
35,noi_053.jpg,13.0,12.0
35,outman_054.jpg,10.0,9.0
35,outman_055.jpg,7.0,6.0
35,outman_056.jpg,13.0,12.0
35,outman_057.jpg,8.0,7.0
35,outman_058.jpg,13.0,12.0
35,outman_059.jpg,12.0,11.0
35,outman_060.jpg,13.0,12.0
35,outman_061.jpg,2.0,1.0
35,pat_066.jpg,4.0,3.0
35,pat_067.jpg,16.0,15.0
35,pat_068.jpg,12.0,11.0
35,pat_069.jpg,12.0,11.0
35,pat_070.jpg,9.0,8.0
35,patch_062.jpg,14.0,13.0
35,patch_063.jpg,7.0,6.0
35,patch_064.jpg,4.0,3.0
35,patch_065.jpg,13.0,12.0
35,por_071.jpg,11.0,10.0
35,por_072.jpg,14.0,13.0
35,por_073.jpg,12.0,11.0
35,por_074.jpg,8.0,7.0
35,rand_075.jpg,14.0,13.0
35,rand_076.jpg,17.0,16.0
35,rand_077.jpg,12.0,11.0
35,rand_078.jpg,16.0,15.0
35,rand_079.jpg,13.0,12.0
35,sat_080.jpg,14.0,13.0
35,sat_081.jpg,10.0,9.0
35,sat_082.jpg,14.0,13.0
35,sat_083.jpg,9.0,8.0
35,sat_084.jpg,12.0,11.0
35,sat_085.jpg,18.0,17.0
35,sat_086.jpg,16.0,15.0
35,sat_087.jpg,14.0,13.0
35,soc_088.jpg,13.0,12.0
35,soc_089.jpg,17.0,16.0
35,soc_090.jpg,11.0,10.0
35,soc_091.jpg,17.0,16.0
35,soc_092.jpg,15.0,14.0
35,soc_093.jpg,15.0,14.0
35,soc_094.jpg,15.0,14.0
35,soc_095.jpg,18.0,17.0
35,soc_096.jpg,17.0,16.0
35,soc_097.jpg,15.0,14.0
35,soc_098.jpg,15.0,14.0
35,soc_099.jpg,15.0,14.0
35,soc_100.jpg,13.0,12.0
36,act_001.jpg,6.0,5.0
36,act_002.jpg,7.0,6.0
36,act_003.jpg,4.0,3.0
36,act_004.jpg,15.0,14.0
36,act_005.jpg,19.0,18.0
36,art_006.jpg,15.0,14.0
36,art_007.jpg,11.0,10.0
36,art_008.jpg,17.0,16.0
36,art_009.jpg,14.0,13.0
36,art_010.jpg,17.0,16.0
36,art_011.jpg,13.0,12.0
36,cat_012.jpg,13.0,12.0
36,cat_013.jpg,3.0,2.0
36,cat_014.jpg,13.0,12.0
36,cat_015.jpg,12.0,11.0
36,ind_016.jpg,8.0,7.0
36,ind_017.jpg,15.0,14.0
36,ind_018.jpg,9.0,8.0
36,ind_019.jpg,8.0,7.0
36,ind_020.jpg,10.0,9.0
36,ind_021.jpg,9.0,8.0
36,ind_022.jpg,14.0,13.0
36,ind_023.jpg,4.0,3.0
36,ind_024.jpg,13.0,12.0
36,ind_025.jpg,16.0,15.0
36,land_026.jpg,17.0,16.0
36,land_027.jpg,2.0,1.0
36,land_028.jpg,13.0,12.0
36,land_029.jpg,12.0,11.0
36,land_030.jpg,16.0,15.0
36,low_031.jpg,8.0,7.0
36,low_032.jpg,16.0,15.0
36,low_033.jpg,13.0,12.0
36,low_034.jpg,14.0,13.0
36,low_035.jpg,17.0,16.0
36,low_036.jpg,13.0,12.0
36,mood_37.jpg,1.0,0.0
36,mood_38.jpg,12.0,11.0
36,mood_39.jpg,11.0,10.0
36,mood_40.jpg,15.0,14.0
36,mood_41.jpg,15.0,14.0
36,mood_42.jpg,16.0,15.0
36,mood_43.jpg,13.0,12.0
36,mood_44.jpg,3.0,2.0
36,mood_45.jpg,12.0,11.0
36,mood_46.jpg,15.0,14.0
36,noi_047.jpg,1.0,0.0
36,noi_048.jpg,6.0,5.0
36,noi_049.jpg,12.0,11.0
36,noi_050.jpg,16.0,15.0
36,noi_051.jpg,,
36,noi_052.jpg,12.0,11.0
36,noi_053.jpg,17.0,16.0
36,outman_054.jpg,11.0,10.0
36,outman_055.jpg,6.0,5.0
36,outman_056.jpg,17.0,16.0
36,outman_057.jpg,10.0,9.0
36,outman_058.jpg,2.0,1.0
36,outman_059.jpg,9.0,8.0
36,outman_060.jpg,13.0,12.0
36,outman_061.jpg,12.0,11.0
36,pat_066.jpg,4.0,3.0
36,pat_067.jpg,16.0,15.0
36,pat_068.jpg,10.0,9.0
36,pat_069.jpg,16.0,15.0
36,pat_070.jpg,15.0,14.0
36,patch_062.jpg,16.0,15.0
36,patch_063.jpg,18.0,17.0
36,patch_064.jpg,16.0,15.0
36,patch_065.jpg,12.0,11.0
36,por_071.jpg,9.0,8.0
36,por_072.jpg,16.0,15.0
36,por_073.jpg,14.0,13.0
36,por_074.jpg,12.0,11.0
36,rand_075.jpg,7.0,6.0
36,rand_076.jpg,13.0,12.0
36,rand_077.jpg,9.0,8.0
36,rand_078.jpg,8.0,7.0
36,rand_079.jpg,15.0,14.0
36,sat_080.jpg,11.0,10.0
36,sat_081.jpg,7.0,6.0
36,sat_082.jpg,16.0,15.0
36,sat_083.jpg,17.0,16.0
36,sat_084.jpg,15.0,14.0
36,sat_085.jpg,1.0,0.0
36,sat_086.jpg,16.0,15.0
36,sat_087.jpg,10.0,9.0
36,soc_088.jpg,16.0,15.0
36,soc_089.jpg,17.0,16.0
36,soc_090.jpg,7.0,6.0
36,soc_091.jpg,14.0,13.0
36,soc_092.jpg,16.0,15.0
36,soc_093.jpg,13.0,12.0
36,soc_094.jpg,13.0,12.0
36,soc_095.jpg,16.0,15.0
36,soc_096.jpg,16.0,15.0
36,soc_097.jpg,11.0,10.0
36,soc_098.jpg,13.0,12.0
36,soc_099.jpg,12.0,11.0
36,soc_100.jpg,16.0,15.0
37,act_001.jpg,13.0,12.0
37,act_002.jpg,6.0,5.0
37,act_003.jpg,13.0,12.0
37,act_004.jpg,13.0,12.0
37,act_005.jpg,14.0,13.0
37,art_006.jpg,13.0,12.0
37,art_007.jpg,18.0,17.0
37,art_008.jpg,10.0,9.0
37,art_009.jpg,13.0,12.0
37,art_010.jpg,14.0,13.0
37,art_011.jpg,15.0,14.0
37,cat_012.jpg,12.0,11.0
37,cat_013.jpg,12.0,11.0
37,cat_014.jpg,13.0,12.0
37,cat_015.jpg,14.0,13.0
37,ind_016.jpg,13.0,12.0
37,ind_017.jpg,12.0,11.0
37,ind_018.jpg,13.0,12.0
37,ind_019.jpg,12.0,11.0
37,ind_020.jpg,11.0,10.0
37,ind_021.jpg,13.0,12.0
37,ind_022.jpg,15.0,14.0
37,ind_023.jpg,13.0,12.0
37,ind_024.jpg,15.0,14.0
37,ind_025.jpg,14.0,13.0
37,land_026.jpg,15.0,14.0
37,land_027.jpg,15.0,14.0
37,land_028.jpg,13.0,12.0
37,land_029.jpg,15.0,14.0
37,land_030.jpg,14.0,13.0
37,low_031.jpg,13.0,12.0
37,low_032.jpg,3.0,2.0
37,low_033.jpg,11.0,10.0
37,low_034.jpg,10.0,9.0
37,low_035.jpg,10.0,9.0
37,low_036.jpg,12.0,11.0
37,mood_37.jpg,16.0,15.0
37,mood_38.jpg,14.0,13.0
37,mood_39.jpg,16.0,15.0
37,mood_40.jpg,18.0,17.0
37,mood_41.jpg,16.0,15.0
37,mood_42.jpg,14.0,13.0
37,mood_43.jpg,15.0,14.0
37,mood_44.jpg,17.0,16.0
37,mood_45.jpg,14.0,13.0
37,mood_46.jpg,13.0,12.0
37,noi_047.jpg,16.0,15.0
37,noi_048.jpg,13.0,12.0
37,noi_049.jpg,12.0,11.0
37,noi_050.jpg,12.0,11.0
37,noi_051.jpg,12.0,11.0
37,noi_052.jpg,13.0,12.0
37,noi_053.jpg,15.0,14.0
37,outman_054.jpg,12.0,11.0
37,outman_055.jpg,7.0,6.0
37,outman_056.jpg,15.0,14.0
37,outman_057.jpg,12.0,11.0
37,outman_058.jpg,15.0,14.0
37,outman_059.jpg,15.0,14.0
37,outman_060.jpg,15.0,14.0
37,outman_061.jpg,12.0,11.0
37,pat_066.jpg,11.0,10.0
37,pat_067.jpg,12.0,11.0
37,pat_068.jpg,14.0,13.0
37,pat_069.jpg,12.0,11.0
37,pat_070.jpg,14.0,13.0
37,patch_062.jpg,13.0,12.0
37,patch_063.jpg,14.0,13.0
37,patch_064.jpg,14.0,13.0
37,patch_065.jpg,14.0,13.0
37,por_071.jpg,15.0,14.0
37,por_072.jpg,14.0,13.0
37,por_073.jpg,12.0,11.0
37,por_074.jpg,12.0,11.0
37,rand_075.jpg,18.0,17.0
37,rand_076.jpg,15.0,14.0
37,rand_077.jpg,14.0,13.0
37,rand_078.jpg,13.0,12.0
37,rand_079.jpg,13.0,12.0
37,sat_080.jpg,16.0,15.0
37,sat_081.jpg,12.0,11.0
37,sat_082.jpg,16.0,15.0
37,sat_083.jpg,12.0,11.0
37,sat_084.jpg,15.0,14.0
37,sat_085.jpg,16.0,15.0
37,sat_086.jpg,15.0,14.0
37,sat_087.jpg,14.0,13.0
37,soc_088.jpg,11.0,10.0
37,soc_089.jpg,15.0,14.0
37,soc_090.jpg,9.0,8.0
37,soc_091.jpg,15.0,14.0
37,soc_092.jpg,12.0,11.0
37,soc_093.jpg,14.0,13.0
37,soc_094.jpg,15.0,14.0
37,soc_095.jpg,15.0,14.0
37,soc_096.jpg,16.0,15.0
37,soc_097.jpg,13.0,12.0
37,soc_098.jpg,15.0,14.0
37,soc_099.jpg,2.0,1.0
37,soc_100.jpg,14.0,13.0
39,act_001.jpg,2.0,1.0
39,act_002.jpg,1.0,0.0
39,act_003.jpg,17.0,16.0
39,act_004.jpg,5.0,4.0
39,act_005.jpg,3.0,2.0
39,art_006.jpg,7.0,6.0
39,art_007.jpg,1.0,0.0
39,art_008.jpg,16.0,15.0
39,art_009.jpg,18.0,17.0
39,art_010.jpg,4.0,3.0
39,art_011.jpg,2.0,1.0
39,cat_012.jpg,15.0,14.0
39,cat_013.jpg,,
39,cat_014.jpg,1.0,0.0
39,cat_015.jpg,16.0,15.0
39,ind_016.jpg,17.0,16.0
39,ind_017.jpg,20.0,19.0
39,ind_018.jpg,21.0,20.0
39,ind_019.jpg,20.0,19.0
39,ind_020.jpg,15.0,14.0
39,ind_021.jpg,22.0,21.0
39,ind_022.jpg,14.0,13.0
39,ind_023.jpg,4.0,3.0
39,ind_024.jpg,,
39,ind_025.jpg,20.0,19.0
39,land_026.jpg,2.0,1.0
39,land_027.jpg,11.0,10.0
39,land_028.jpg,19.0,18.0
39,land_029.jpg,13.0,12.0
39,land_030.jpg,3.0,2.0
39,low_031.jpg,,
39,low_032.jpg,19.0,18.0
39,low_033.jpg,17.0,16.0
39,low_034.jpg,12.0,11.0
39,low_035.jpg,1.0,0.0
39,low_036.jpg,1.0,0.0
39,mood_37.jpg,13.0,12.0
39,mood_38.jpg,9.0,8.0
39,mood_39.jpg,15.0,14.0
39,mood_40.jpg,17.0,16.0
39,mood_41.jpg,11.0,10.0
39,mood_42.jpg,10.0,9.0
39,mood_43.jpg,16.0,15.0
39,mood_44.jpg,23.0,22.0
39,mood_45.jpg,25.0,24.0
39,mood_46.jpg,9.0,8.0
39,noi_047.jpg,15.0,14.0
39,noi_048.jpg,9.0,8.0
39,noi_049.jpg,17.0,16.0
39,noi_050.jpg,17.0,16.0
39,noi_051.jpg,10.0,9.0
39,noi_052.jpg,20.0,19.0
39,noi_053.jpg,21.0,20.0
39,outman_054.jpg,16.0,15.0
39,outman_055.jpg,3.0,2.0
39,outman_056.jpg,13.0,12.0
39,outman_057.jpg,21.0,20.0
39,outman_058.jpg,,
39,outman_059.jpg,9.0,8.0
39,outman_060.jpg,23.0,22.0
39,outman_061.jpg,10.0,9.0
39,pat_066.jpg,12.0,11.0
39,pat_067.jpg,10.0,9.0
39,pat_068.jpg,23.0,22.0
39,pat_069.jpg,15.0,14.0
39,pat_070.jpg,14.0,13.0
39,patch_062.jpg,16.0,15.0
39,patch_063.jpg,16.0,15.0
39,patch_064.jpg,14.0,13.0
39,patch_065.jpg,4.0,3.0
39,por_071.jpg,19.0,18.0
39,por_072.jpg,21.0,20.0
39,por_073.jpg,3.0,2.0
39,por_074.jpg,17.0,16.0
39,rand_075.jpg,11.0,10.0
39,rand_076.jpg,9.0,8.0
39,rand_077.jpg,7.0,6.0
39,rand_078.jpg,12.0,11.0
39,rand_079.jpg,3.0,2.0
39,sat_080.jpg,6.0,5.0
39,sat_081.jpg,13.0,12.0
39,sat_082.jpg,21.0,20.0
39,sat_083.jpg,1.0,0.0
39,sat_084.jpg,4.0,3.0
39,sat_085.jpg,8.0,7.0
39,sat_086.jpg,19.0,18.0
39,sat_087.jpg,17.0,16.0
39,soc_088.jpg,19.0,18.0
39,soc_089.jpg,14.0,13.0
39,soc_090.jpg,18.0,17.0
39,soc_091.jpg,18.0,17.0
39,soc_092.jpg,17.0,16.0
39,soc_093.jpg,21.0,20.0
39,soc_094.jpg,6.0,5.0
39,soc_095.jpg,17.0,16.0
39,soc_096.jpg,20.0,19.0
39,soc_097.jpg,18.0,17.0
39,soc_098.jpg,12.0,11.0
39,soc_099.jpg,18.0,17.0
39,soc_100.jpg,20.0,19.0
40,act_001.jpg,14.0,13.0
40,act_002.jpg,18.0,17.0
40,act_003.jpg,16.0,15.0
40,act_004.jpg,14.0,13.0
40,act_005.jpg,13.0,12.0
40,art_006.jpg,15.0,14.0
40,art_007.jpg,15.0,14.0
40,art_008.jpg,14.0,13.0
40,art_009.jpg,17.0,16.0
40,art_010.jpg,16.0,15.0
40,art_011.jpg,17.0,16.0
40,cat_012.jpg,1.0,0.0
40,cat_013.jpg,17.0,16.0
40,cat_014.jpg,17.0,16.0
40,cat_015.jpg,18.0,17.0
40,ind_016.jpg,14.0,13.0
40,ind_017.jpg,12.0,11.0
40,ind_018.jpg,19.0,18.0
40,ind_019.jpg,18.0,17.0
40,ind_020.jpg,16.0,15.0
40,ind_021.jpg,17.0,16.0
40,ind_022.jpg,15.0,14.0
40,ind_023.jpg,16.0,15.0
40,ind_024.jpg,16.0,15.0
40,ind_025.jpg,16.0,15.0
40,land_026.jpg,17.0,16.0
40,land_027.jpg,17.0,16.0
40,land_028.jpg,17.0,16.0
40,land_029.jpg,14.0,13.0
40,land_030.jpg,16.0,15.0
40,low_031.jpg,14.0,13.0
40,low_032.jpg,14.0,13.0
40,low_033.jpg,9.0,8.0
40,low_034.jpg,9.0,8.0
40,low_035.jpg,11.0,10.0
40,low_036.jpg,11.0,10.0
40,mood_37.jpg,14.0,13.0
40,mood_38.jpg,20.0,19.0
40,mood_39.jpg,16.0,15.0
40,mood_40.jpg,16.0,15.0
40,mood_41.jpg,15.0,14.0
40,mood_42.jpg,16.0,15.0
40,mood_43.jpg,17.0,16.0
40,mood_44.jpg,16.0,15.0
40,mood_45.jpg,17.0,16.0
40,mood_46.jpg,16.0,15.0
40,noi_047.jpg,3.0,2.0
40,noi_048.jpg,2.0,1.0
40,noi_049.jpg,13.0,12.0
40,noi_050.jpg,14.0,13.0
40,noi_051.jpg,15.0,14.0
40,noi_052.jpg,4.0,3.0
40,noi_053.jpg,2.0,1.0
40,outman_054.jpg,18.0,17.0
40,outman_055.jpg,16.0,15.0
40,outman_056.jpg,16.0,15.0
40,outman_057.jpg,6.0,5.0
40,outman_058.jpg,2.0,1.0
40,outman_059.jpg,19.0,18.0
40,outman_060.jpg,16.0,15.0
40,outman_061.jpg,14.0,13.0
40,pat_066.jpg,17.0,16.0
40,pat_067.jpg,14.0,13.0
40,pat_068.jpg,12.0,11.0
40,pat_069.jpg,15.0,14.0
40,pat_070.jpg,14.0,13.0
40,patch_062.jpg,15.0,14.0
40,patch_063.jpg,16.0,15.0
40,patch_064.jpg,15.0,14.0
40,patch_065.jpg,17.0,16.0
40,por_071.jpg,14.0,13.0
40,por_072.jpg,14.0,13.0
40,por_073.jpg,14.0,13.0
40,por_074.jpg,15.0,14.0
40,rand_075.jpg,13.0,12.0
40,rand_076.jpg,14.0,13.0
40,rand_077.jpg,12.0,11.0
40,rand_078.jpg,15.0,14.0
40,rand_079.jpg,13.0,12.0
40,sat_080.jpg,14.0,13.0
40,sat_081.jpg,14.0,13.0
40,sat_082.jpg,14.0,13.0
40,sat_083.jpg,18.0,17.0
40,sat_084.jpg,18.0,17.0
40,sat_085.jpg,19.0,18.0
40,sat_086.jpg,13.0,12.0
40,sat_087.jpg,12.0,11.0
40,soc_088.jpg,16.0,15.0
40,soc_089.jpg,17.0,16.0
40,soc_090.jpg,14.0,13.0
40,soc_091.jpg,15.0,14.0
40,soc_092.jpg,16.0,15.0
40,soc_093.jpg,17.0,16.0
40,soc_094.jpg,18.0,17.0
40,soc_095.jpg,19.0,18.0
40,soc_096.jpg,17.0,16.0
40,soc_097.jpg,16.0,15.0
40,soc_098.jpg,18.0,17.0
40,soc_099.jpg,19.0,18.0
40,soc_100.jpg,13.0,12.0
41,act_001.jpg,11.0,10.0
41,act_002.jpg,21.0,20.0
41,act_003.jpg,19.0,18.0
41,act_004.jpg,12.0,11.0
41,act_005.jpg,17.0,16.0
41,art_006.jpg,3.0,2.0
41,art_007.jpg,21.0,20.0
41,art_008.jpg,20.0,19.0
41,art_009.jpg,12.0,11.0
41,art_010.jpg,16.0,15.0
41,art_011.jpg,20.0,19.0
41,cat_012.jpg,16.0,15.0
41,cat_013.jpg,11.0,10.0
41,cat_014.jpg,18.0,17.0
41,cat_015.jpg,15.0,14.0
41,ind_016.jpg,11.0,10.0
41,ind_017.jpg,15.0,14.0
41,ind_018.jpg,15.0,14.0
41,ind_019.jpg,16.0,15.0
41,ind_020.jpg,17.0,16.0
41,ind_021.jpg,15.0,14.0
41,ind_022.jpg,27.0,26.0
41,ind_023.jpg,17.0,16.0
41,ind_024.jpg,8.0,7.0
41,ind_025.jpg,19.0,18.0
41,land_026.jpg,23.0,22.0
41,land_027.jpg,25.0,24.0
41,land_028.jpg,15.0,14.0
41,land_029.jpg,,
41,land_030.jpg,5.0,4.0
41,low_031.jpg,12.0,11.0
41,low_032.jpg,18.0,17.0
41,low_033.jpg,10.0,9.0
41,low_034.jpg,2.0,1.0
41,low_035.jpg,19.0,18.0
41,low_036.jpg,18.0,17.0
41,mood_37.jpg,24.0,23.0
41,mood_38.jpg,25.0,24.0
41,mood_39.jpg,24.0,23.0
41,mood_40.jpg,21.0,20.0
41,mood_41.jpg,13.0,12.0
41,mood_42.jpg,19.0,18.0
41,mood_43.jpg,23.0,22.0
41,mood_44.jpg,15.0,14.0
41,mood_45.jpg,17.0,16.0
41,mood_46.jpg,3.0,2.0
41,noi_047.jpg,3.0,2.0
41,noi_048.jpg,14.0,13.0
41,noi_049.jpg,19.0,18.0
41,noi_050.jpg,12.0,11.0
41,noi_051.jpg,24.0,23.0
41,noi_052.jpg,10.0,9.0
41,noi_053.jpg,7.0,6.0
41,outman_054.jpg,17.0,16.0
41,outman_055.jpg,15.0,14.0
41,outman_056.jpg,17.0,16.0
41,outman_057.jpg,14.0,13.0
41,outman_058.jpg,15.0,14.0
41,outman_059.jpg,13.0,12.0
41,outman_060.jpg,8.0,7.0
41,outman_061.jpg,20.0,19.0
41,pat_066.jpg,14.0,13.0
41,pat_067.jpg,11.0,10.0
41,pat_068.jpg,23.0,22.0
41,pat_069.jpg,25.0,24.0
41,pat_070.jpg,22.0,21.0
41,patch_062.jpg,10.0,9.0
41,patch_063.jpg,20.0,19.0
41,patch_064.jpg,8.0,7.0
41,patch_065.jpg,15.0,14.0
41,por_071.jpg,23.0,22.0
41,por_072.jpg,15.0,14.0
41,por_073.jpg,8.0,7.0
41,por_074.jpg,22.0,21.0
41,rand_075.jpg,8.0,7.0
41,rand_076.jpg,9.0,8.0
41,rand_077.jpg,13.0,12.0
41,rand_078.jpg,20.0,19.0
41,rand_079.jpg,11.0,10.0
41,sat_080.jpg,17.0,16.0
41,sat_081.jpg,19.0,18.0
41,sat_082.jpg,21.0,20.0
41,sat_083.jpg,12.0,11.0
41,sat_084.jpg,10.0,9.0
41,sat_085.jpg,24.0,23.0
41,sat_086.jpg,17.0,16.0
41,sat_087.jpg,24.0,23.0
41,soc_088.jpg,14.0,13.0
41,soc_089.jpg,14.0,13.0
41,soc_090.jpg,17.0,16.0
41,soc_091.jpg,9.0,8.0
41,soc_092.jpg,12.0,11.0
41,soc_093.jpg,20.0,19.0
41,soc_094.jpg,17.0,16.0
41,soc_095.jpg,17.0,16.0
41,soc_096.jpg,21.0,20.0
41,soc_097.jpg,25.0,24.0
41,soc_098.jpg,3.0,2.0
41,soc_099.jpg,20.0,19.0
41,soc_100.jpg,20.0,19.0
42,act_001.jpg,19.0,18.0
42,act_002.jpg,18.0,17.0
42,act_003.jpg,16.0,15.0
42,act_004.jpg,16.0,15.0
42,act_005.jpg,20.0,19.0
42,art_006.jpg,15.0,14.0
42,art_007.jpg,17.0,16.0
42,art_008.jpg,17.0,16.0
42,art_009.jpg,20.0,19.0
42,art_010.jpg,15.0,14.0
42,art_011.jpg,17.0,16.0
42,cat_012.jpg,18.0,17.0
42,cat_013.jpg,15.0,14.0
42,cat_014.jpg,17.0,16.0
42,cat_015.jpg,18.0,17.0
42,ind_016.jpg,16.0,15.0
42,ind_017.jpg,16.0,15.0
42,ind_018.jpg,17.0,16.0
42,ind_019.jpg,18.0,17.0
42,ind_020.jpg,14.0,13.0
42,ind_021.jpg,19.0,18.0
42,ind_022.jpg,19.0,18.0
42,ind_023.jpg,20.0,19.0
42,ind_024.jpg,16.0,15.0
42,ind_025.jpg,17.0,16.0
42,land_026.jpg,16.0,15.0
42,land_027.jpg,15.0,14.0
42,land_028.jpg,15.0,14.0
42,land_029.jpg,16.0,15.0
42,land_030.jpg,18.0,17.0
42,low_031.jpg,14.0,13.0
42,low_032.jpg,18.0,17.0
42,low_033.jpg,14.0,13.0
42,low_034.jpg,16.0,15.0
42,low_035.jpg,18.0,17.0
42,low_036.jpg,13.0,12.0
42,mood_37.jpg,20.0,19.0
42,mood_38.jpg,16.0,15.0
42,mood_39.jpg,17.0,16.0
42,mood_40.jpg,17.0,16.0
42,mood_41.jpg,21.0,20.0
42,mood_42.jpg,14.0,13.0
42,mood_43.jpg,21.0,20.0
42,mood_44.jpg,18.0,17.0
42,mood_45.jpg,18.0,17.0
42,mood_46.jpg,14.0,13.0
42,noi_047.jpg,17.0,16.0
42,noi_048.jpg,15.0,14.0
42,noi_049.jpg,16.0,15.0
42,noi_050.jpg,14.0,13.0
42,noi_051.jpg,17.0,16.0
42,noi_052.jpg,13.0,12.0
42,noi_053.jpg,17.0,16.0
42,outman_054.jpg,16.0,15.0
42,outman_055.jpg,17.0,16.0
42,outman_056.jpg,18.0,17.0
42,outman_057.jpg,17.0,16.0
42,outman_058.jpg,18.0,17.0
42,outman_059.jpg,18.0,17.0
42,outman_060.jpg,18.0,17.0
42,outman_061.jpg,18.0,17.0
42,pat_066.jpg,19.0,18.0
42,pat_067.jpg,17.0,16.0
42,pat_068.jpg,18.0,17.0
42,pat_069.jpg,18.0,17.0
42,pat_070.jpg,15.0,14.0
42,patch_062.jpg,18.0,17.0
42,patch_063.jpg,16.0,15.0
42,patch_064.jpg,18.0,17.0
42,patch_065.jpg,20.0,19.0
42,por_071.jpg,16.0,15.0
42,por_072.jpg,19.0,18.0
42,por_073.jpg,19.0,18.0
42,por_074.jpg,16.0,15.0
42,rand_075.jpg,16.0,15.0
42,rand_076.jpg,16.0,15.0
42,rand_077.jpg,17.0,16.0
42,rand_078.jpg,19.0,18.0
42,rand_079.jpg,20.0,19.0
42,sat_080.jpg,19.0,18.0
42,sat_081.jpg,21.0,20.0
42,sat_082.jpg,13.0,12.0
42,sat_083.jpg,17.0,16.0
42,sat_084.jpg,13.0,12.0
42,sat_085.jpg,18.0,17.0
42,sat_086.jpg,19.0,18.0
42,sat_087.jpg,17.0,16.0
42,soc_088.jpg,20.0,19.0
42,soc_089.jpg,18.0,17.0
42,soc_090.jpg,19.0,18.0
42,soc_091.jpg,20.0,19.0
42,soc_092.jpg,19.0,18.0
42,soc_093.jpg,18.0,17.0
42,soc_094.jpg,20.0,19.0
42,soc_095.jpg,20.0,19.0
42,soc_096.jpg,16.0,15.0
42,soc_097.jpg,16.0,15.0
42,soc_098.jpg,17.0,16.0
42,soc_099.jpg,10.0,9.0
42,soc_100.jpg,18.0,17.0
43,act_001.jpg,14.0,13.0
43,act_002.jpg,15.0,14.0
43,act_003.jpg,15.0,14.0
43,act_004.jpg,13.0,12.0
43,act_005.jpg,15.0,14.0
43,art_006.jpg,16.0,15.0
43,art_007.jpg,16.0,15.0
43,art_008.jpg,16.0,15.0
43,art_009.jpg,16.0,15.0
43,art_010.jpg,16.0,15.0
43,art_011.jpg,18.0,17.0
43,cat_012.jpg,16.0,15.0
43,cat_013.jpg,16.0,15.0
43,cat_014.jpg,16.0,15.0
43,cat_015.jpg,14.0,13.0
43,ind_016.jpg,17.0,16.0
43,ind_017.jpg,14.0,13.0
43,ind_018.jpg,15.0,14.0
43,ind_019.jpg,15.0,14.0
43,ind_020.jpg,15.0,14.0
43,ind_021.jpg,14.0,13.0
43,ind_022.jpg,18.0,17.0
43,ind_023.jpg,17.0,16.0
43,ind_024.jpg,16.0,15.0
43,ind_025.jpg,17.0,16.0
43,land_026.jpg,16.0,15.0
43,land_027.jpg,13.0,12.0
43,land_028.jpg,16.0,15.0
43,land_029.jpg,18.0,17.0
43,land_030.jpg,15.0,14.0
43,low_031.jpg,14.0,13.0
43,low_032.jpg,18.0,17.0
43,low_033.jpg,16.0,15.0
43,low_034.jpg,14.0,13.0
43,low_035.jpg,19.0,18.0
43,low_036.jpg,18.0,17.0
43,mood_37.jpg,17.0,16.0
43,mood_38.jpg,16.0,15.0
43,mood_39.jpg,16.0,15.0
43,mood_40.jpg,14.0,13.0
43,mood_41.jpg,12.0,11.0
43,mood_42.jpg,15.0,14.0
43,mood_43.jpg,14.0,13.0
43,mood_44.jpg,15.0,14.0
43,mood_45.jpg,7.0,6.0
43,mood_46.jpg,15.0,14.0
43,noi_047.jpg,14.0,13.0
43,noi_048.jpg,15.0,14.0
43,noi_049.jpg,17.0,16.0
43,noi_050.jpg,15.0,14.0
43,noi_051.jpg,13.0,12.0
43,noi_052.jpg,13.0,12.0
43,noi_053.jpg,10.0,9.0
43,outman_054.jpg,16.0,15.0
43,outman_055.jpg,15.0,14.0
43,outman_056.jpg,17.0,16.0
43,outman_057.jpg,18.0,17.0
43,outman_058.jpg,15.0,14.0
43,outman_059.jpg,14.0,13.0
43,outman_060.jpg,9.0,8.0
43,outman_061.jpg,14.0,13.0
43,pat_066.jpg,14.0,13.0
43,pat_067.jpg,14.0,13.0
43,pat_068.jpg,16.0,15.0
43,pat_069.jpg,14.0,13.0
43,pat_070.jpg,9.0,8.0
43,patch_062.jpg,17.0,16.0
43,patch_063.jpg,4.0,3.0
43,patch_064.jpg,14.0,13.0
43,patch_065.jpg,12.0,11.0
43,por_071.jpg,15.0,14.0
43,por_072.jpg,16.0,15.0
43,por_073.jpg,14.0,13.0
43,por_074.jpg,11.0,10.0
43,rand_075.jpg,18.0,17.0
43,rand_076.jpg,15.0,14.0
43,rand_077.jpg,8.0,7.0
43,rand_078.jpg,10.0,9.0
43,rand_079.jpg,10.0,9.0
43,sat_080.jpg,11.0,10.0
43,sat_081.jpg,15.0,14.0
43,sat_082.jpg,8.0,7.0
43,sat_083.jpg,16.0,15.0
43,sat_084.jpg,10.0,9.0
43,sat_085.jpg,11.0,10.0
43,sat_086.jpg,10.0,9.0
43,sat_087.jpg,13.0,12.0
43,soc_088.jpg,12.0,11.0
43,soc_089.jpg,17.0,16.0
43,soc_090.jpg,8.0,7.0
43,soc_091.jpg,15.0,14.0
43,soc_092.jpg,18.0,17.0
43,soc_093.jpg,16.0,15.0
43,soc_094.jpg,20.0,19.0
43,soc_095.jpg,13.0,12.0
43,soc_096.jpg,9.0,8.0
43,soc_097.jpg,14.0,13.0
43,soc_098.jpg,14.0,13.0
43,soc_099.jpg,14.0,13.0
43,soc_100.jpg,14.0,13.0
44,act_001.jpg,7.0,6.0
44,act_002.jpg,13.0,12.0
44,act_003.jpg,10.0,9.0
44,act_004.jpg,,
44,act_005.jpg,14.0,13.0
44,art_006.jpg,15.0,14.0
44,art_007.jpg,12.0,11.0
44,art_008.jpg,1.0,0.0
44,art_009.jpg,16.0,15.0
44,art_010.jpg,14.0,13.0
44,art_011.jpg,16.0,15.0
44,cat_012.jpg,18.0,17.0
44,cat_013.jpg,9.0,8.0
44,cat_014.jpg,10.0,9.0
44,cat_015.jpg,,
44,ind_016.jpg,20.0,19.0
44,ind_017.jpg,16.0,15.0
44,ind_018.jpg,3.0,2.0
44,ind_019.jpg,15.0,14.0
44,ind_020.jpg,,
44,ind_021.jpg,,
44,ind_022.jpg,19.0,18.0
44,ind_023.jpg,,
44,ind_024.jpg,12.0,11.0
44,ind_025.jpg,11.0,10.0
44,land_026.jpg,18.0,17.0
44,land_027.jpg,14.0,13.0
44,land_028.jpg,,
44,land_029.jpg,11.0,10.0
44,land_030.jpg,,
44,low_031.jpg,16.0,15.0
44,low_032.jpg,15.0,14.0
44,low_033.jpg,1.0,0.0
44,low_034.jpg,13.0,12.0
44,low_035.jpg,17.0,16.0
44,low_036.jpg,19.0,18.0
44,mood_37.jpg,5.0,4.0
44,mood_38.jpg,19.0,18.0
44,mood_39.jpg,18.0,17.0
44,mood_40.jpg,8.0,7.0
44,mood_41.jpg,15.0,14.0
44,mood_42.jpg,11.0,10.0
44,mood_43.jpg,16.0,15.0
44,mood_44.jpg,21.0,20.0
44,mood_45.jpg,20.0,19.0
44,mood_46.jpg,18.0,17.0
44,noi_047.jpg,15.0,14.0
44,noi_048.jpg,3.0,2.0
44,noi_049.jpg,19.0,18.0
44,noi_050.jpg,16.0,15.0
44,noi_051.jpg,5.0,4.0
44,noi_052.jpg,17.0,16.0
44,noi_053.jpg,11.0,10.0
44,outman_054.jpg,10.0,9.0
44,outman_055.jpg,17.0,16.0
44,outman_056.jpg,,
44,outman_057.jpg,16.0,15.0
44,outman_058.jpg,2.0,1.0
44,outman_059.jpg,9.0,8.0
44,outman_060.jpg,17.0,16.0
44,outman_061.jpg,12.0,11.0
44,pat_066.jpg,17.0,16.0
44,pat_067.jpg,12.0,11.0
44,pat_068.jpg,18.0,17.0
44,pat_069.jpg,12.0,11.0
44,pat_070.jpg,7.0,6.0
44,patch_062.jpg,15.0,14.0
44,patch_063.jpg,12.0,11.0
44,patch_064.jpg,13.0,12.0
44,patch_065.jpg,2.0,1.0
44,por_071.jpg,9.0,8.0
44,por_072.jpg,16.0,15.0
44,por_073.jpg,19.0,18.0
44,por_074.jpg,,
44,rand_075.jpg,4.0,3.0
44,rand_076.jpg,18.0,17.0
44,rand_077.jpg,8.0,7.0
44,rand_078.jpg,16.0,15.0
44,rand_079.jpg,21.0,20.0
44,sat_080.jpg,14.0,13.0
44,sat_081.jpg,14.0,13.0
44,sat_082.jpg,2.0,1.0
44,sat_083.jpg,1.0,0.0
44,sat_084.jpg,,
44,sat_085.jpg,10.0,9.0
44,sat_086.jpg,13.0,12.0
44,sat_087.jpg,10.0,9.0
44,soc_088.jpg,9.0,8.0
44,soc_089.jpg,19.0,18.0
44,soc_090.jpg,23.0,22.0
44,soc_091.jpg,5.0,4.0
44,soc_092.jpg,15.0,14.0
44,soc_093.jpg,3.0,2.0
44,soc_094.jpg,10.0,9.0
44,soc_095.jpg,15.0,14.0
44,soc_096.jpg,16.0,15.0
44,soc_097.jpg,14.0,13.0
44,soc_098.jpg,22.0,21.0
44,soc_099.jpg,9.0,8.0
44,soc_100.jpg,8.0,7.0
45,act_001.jpg,13.0,12.0
45,act_002.jpg,16.0,15.0
45,act_003.jpg,16.0,15.0
45,act_004.jpg,13.0,12.0
45,act_005.jpg,14.0,13.0
45,art_006.jpg,14.0,13.0
45,art_007.jpg,18.0,17.0
45,art_008.jpg,13.0,12.0
45,art_009.jpg,15.0,14.0
45,art_010.jpg,15.0,14.0
45,art_011.jpg,11.0,10.0
45,cat_012.jpg,17.0,16.0
45,cat_013.jpg,14.0,13.0
45,cat_014.jpg,16.0,15.0
45,cat_015.jpg,14.0,13.0
45,ind_016.jpg,15.0,14.0
45,ind_017.jpg,18.0,17.0
45,ind_018.jpg,15.0,14.0
45,ind_019.jpg,14.0,13.0
45,ind_020.jpg,10.0,9.0
45,ind_021.jpg,16.0,15.0
45,ind_022.jpg,16.0,15.0
45,ind_023.jpg,15.0,14.0
45,ind_024.jpg,13.0,12.0
45,ind_025.jpg,15.0,14.0
45,land_026.jpg,14.0,13.0
45,land_027.jpg,15.0,14.0
45,land_028.jpg,12.0,11.0
45,land_029.jpg,14.0,13.0
45,land_030.jpg,14.0,13.0
45,low_031.jpg,14.0,13.0
45,low_032.jpg,10.0,9.0
45,low_033.jpg,11.0,10.0
45,low_034.jpg,15.0,14.0
45,low_035.jpg,14.0,13.0
45,low_036.jpg,12.0,11.0
45,mood_37.jpg,17.0,16.0
45,mood_38.jpg,17.0,16.0
45,mood_39.jpg,17.0,16.0
45,mood_40.jpg,17.0,16.0
45,mood_41.jpg,12.0,11.0
45,mood_42.jpg,16.0,15.0
45,mood_43.jpg,19.0,18.0
45,mood_44.jpg,17.0,16.0
45,mood_45.jpg,15.0,14.0
45,mood_46.jpg,13.0,12.0
45,noi_047.jpg,11.0,10.0
45,noi_048.jpg,13.0,12.0
45,noi_049.jpg,15.0,14.0
45,noi_050.jpg,10.0,9.0
45,noi_051.jpg,11.0,10.0
45,noi_052.jpg,7.0,6.0
45,noi_053.jpg,13.0,12.0
45,outman_054.jpg,13.0,12.0
45,outman_055.jpg,6.0,5.0
45,outman_056.jpg,16.0,15.0
45,outman_057.jpg,12.0,11.0
45,outman_058.jpg,14.0,13.0
45,outman_059.jpg,15.0,14.0
45,outman_060.jpg,12.0,11.0
45,outman_061.jpg,11.0,10.0
45,pat_066.jpg,12.0,11.0
45,pat_067.jpg,15.0,14.0
45,pat_068.jpg,14.0,13.0
45,pat_069.jpg,14.0,13.0
45,pat_070.jpg,17.0,16.0
45,patch_062.jpg,15.0,14.0
45,patch_063.jpg,14.0,13.0
45,patch_064.jpg,17.0,16.0
45,patch_065.jpg,15.0,14.0
45,por_071.jpg,16.0,15.0
45,por_072.jpg,16.0,15.0
45,por_073.jpg,16.0,15.0
45,por_074.jpg,15.0,14.0
45,rand_075.jpg,15.0,14.0
45,rand_076.jpg,17.0,16.0
45,rand_077.jpg,16.0,15.0
45,rand_078.jpg,15.0,14.0
45,rand_079.jpg,16.0,15.0
45,sat_080.jpg,14.0,13.0
45,sat_081.jpg,16.0,15.0
45,sat_082.jpg,17.0,16.0
45,sat_083.jpg,16.0,15.0
45,sat_084.jpg,15.0,14.0
45,sat_085.jpg,17.0,16.0
45,sat_086.jpg,16.0,15.0
45,sat_087.jpg,14.0,13.0
45,soc_088.jpg,15.0,14.0
45,soc_089.jpg,16.0,15.0
45,soc_090.jpg,13.0,12.0
45,soc_091.jpg,17.0,16.0
45,soc_092.jpg,14.0,13.0
45,soc_093.jpg,17.0,16.0
45,soc_094.jpg,14.0,13.0
45,soc_095.jpg,14.0,13.0
45,soc_096.jpg,17.0,16.0
45,soc_097.jpg,17.0,16.0
45,soc_098.jpg,14.0,13.0
45,soc_099.jpg,16.0,15.0
45,soc_100.jpg,15.0,14.0
46,act_001.jpg,18.0,17.0
46,act_002.jpg,21.0,20.0
46,act_003.jpg,16.0,15.0
46,act_004.jpg,19.0,18.0
46,act_005.jpg,16.0,15.0
46,art_006.jpg,19.0,18.0
46,art_007.jpg,20.0,19.0
46,art_008.jpg,19.0,18.0
46,art_009.jpg,16.0,15.0
46,art_010.jpg,17.0,16.0
46,art_011.jpg,18.0,17.0
46,cat_012.jpg,15.0,14.0
46,cat_013.jpg,18.0,17.0
46,cat_014.jpg,18.0,17.0
46,cat_015.jpg,21.0,20.0
46,ind_016.jpg,17.0,16.0
46,ind_017.jpg,17.0,16.0
46,ind_018.jpg,19.0,18.0
46,ind_019.jpg,19.0,18.0
46,ind_020.jpg,18.0,17.0
46,ind_021.jpg,17.0,16.0
46,ind_022.jpg,17.0,16.0
46,ind_023.jpg,15.0,14.0
46,ind_024.jpg,20.0,19.0
46,ind_025.jpg,19.0,18.0
46,land_026.jpg,21.0,20.0
46,land_027.jpg,18.0,17.0
46,land_028.jpg,18.0,17.0
46,land_029.jpg,21.0,20.0
46,land_030.jpg,17.0,16.0
46,low_031.jpg,19.0,18.0
46,low_032.jpg,14.0,13.0
46,low_033.jpg,18.0,17.0
46,low_034.jpg,16.0,15.0
46,low_035.jpg,18.0,17.0
46,low_036.jpg,18.0,17.0
46,mood_37.jpg,17.0,16.0
46,mood_38.jpg,19.0,18.0
46,mood_39.jpg,21.0,20.0
46,mood_40.jpg,19.0,18.0
46,mood_41.jpg,22.0,21.0
46,mood_42.jpg,16.0,15.0
46,mood_43.jpg,20.0,19.0
46,mood_44.jpg,16.0,15.0
46,mood_45.jpg,17.0,16.0
46,mood_46.jpg,20.0,19.0
46,noi_047.jpg,16.0,15.0
46,noi_048.jpg,19.0,18.0
46,noi_049.jpg,17.0,16.0
46,noi_050.jpg,16.0,15.0
46,noi_051.jpg,19.0,18.0
46,noi_052.jpg,16.0,15.0
46,noi_053.jpg,17.0,16.0
46,outman_054.jpg,17.0,16.0
46,outman_055.jpg,20.0,19.0
46,outman_056.jpg,21.0,20.0
46,outman_057.jpg,17.0,16.0
46,outman_058.jpg,21.0,20.0
46,outman_059.jpg,19.0,18.0
46,outman_060.jpg,19.0,18.0
46,outman_061.jpg,19.0,18.0
46,pat_066.jpg,9.0,8.0
46,pat_067.jpg,18.0,17.0
46,pat_068.jpg,16.0,15.0
46,pat_069.jpg,17.0,16.0
46,pat_070.jpg,21.0,20.0
46,patch_062.jpg,16.0,15.0
46,patch_063.jpg,16.0,15.0
46,patch_064.jpg,5.0,4.0
46,patch_065.jpg,18.0,17.0
46,por_071.jpg,16.0,15.0
46,por_072.jpg,20.0,19.0
46,por_073.jpg,17.0,16.0
46,por_074.jpg,12.0,11.0
46,rand_075.jpg,20.0,19.0
46,rand_076.jpg,11.0,10.0
46,rand_077.jpg,18.0,17.0
46,rand_078.jpg,16.0,15.0
46,rand_079.jpg,16.0,15.0
46,sat_080.jpg,19.0,18.0
46,sat_081.jpg,19.0,18.0
46,sat_082.jpg,20.0,19.0
46,sat_083.jpg,19.0,18.0
46,sat_084.jpg,19.0,18.0
46,sat_085.jpg,18.0,17.0
46,sat_086.jpg,17.0,16.0
46,sat_087.jpg,21.0,20.0
46,soc_088.jpg,18.0,17.0
46,soc_089.jpg,11.0,10.0
46,soc_090.jpg,18.0,17.0
46,soc_091.jpg,12.0,11.0
46,soc_092.jpg,18.0,17.0
46,soc_093.jpg,21.0,20.0
46,soc_094.jpg,19.0,18.0
46,soc_095.jpg,15.0,14.0
46,soc_096.jpg,16.0,15.0
46,soc_097.jpg,10.0,9.0
46,soc_098.jpg,19.0,18.0
46,soc_099.jpg,20.0,19.0
46,soc_100.jpg,16.0,15.0
49,act_001.jpg,18.0,17.0
49,act_002.jpg,20.0,19.0
49,act_003.jpg,18.0,17.0
49,act_004.jpg,21.0,20.0
49,act_005.jpg,18.0,17.0
49,art_006.jpg,1.0,0.0
49,art_007.jpg,20.0,19.0
49,art_008.jpg,22.0,21.0
49,art_009.jpg,18.0,17.0
49,art_010.jpg,19.0,18.0
49,art_011.jpg,17.0,16.0
49,cat_012.jpg,19.0,18.0
49,cat_013.jpg,21.0,20.0
49,cat_014.jpg,,
49,cat_015.jpg,16.0,15.0
49,ind_016.jpg,21.0,20.0
49,ind_017.jpg,16.0,15.0
49,ind_018.jpg,20.0,19.0
49,ind_019.jpg,14.0,13.0
49,ind_020.jpg,18.0,17.0
49,ind_021.jpg,18.0,17.0
49,ind_022.jpg,14.0,13.0
49,ind_023.jpg,16.0,15.0
49,ind_024.jpg,18.0,17.0
49,ind_025.jpg,15.0,14.0
49,land_026.jpg,16.0,15.0
49,land_027.jpg,19.0,18.0
49,land_028.jpg,15.0,14.0
49,land_029.jpg,1.0,0.0
49,land_030.jpg,18.0,17.0
49,low_031.jpg,19.0,18.0
49,low_032.jpg,14.0,13.0
49,low_033.jpg,14.0,13.0
49,low_034.jpg,,
49,low_035.jpg,18.0,17.0
49,low_036.jpg,13.0,12.0
49,mood_37.jpg,16.0,15.0
49,mood_38.jpg,19.0,18.0
49,mood_39.jpg,21.0,20.0
49,mood_40.jpg,20.0,19.0
49,mood_41.jpg,19.0,18.0
49,mood_42.jpg,19.0,18.0
49,mood_43.jpg,18.0,17.0
49,mood_44.jpg,20.0,19.0
49,mood_45.jpg,18.0,17.0
49,mood_46.jpg,19.0,18.0
49,noi_047.jpg,15.0,14.0
49,noi_048.jpg,18.0,17.0
49,noi_049.jpg,18.0,17.0
49,noi_050.jpg,16.0,15.0
49,noi_051.jpg,16.0,15.0
49,noi_052.jpg,17.0,16.0
49,noi_053.jpg,17.0,16.0
49,outman_054.jpg,19.0,18.0
49,outman_055.jpg,18.0,17.0
49,outman_056.jpg,18.0,17.0
49,outman_057.jpg,14.0,13.0
49,outman_058.jpg,16.0,15.0
49,outman_059.jpg,3.0,2.0
49,outman_060.jpg,15.0,14.0
49,outman_061.jpg,19.0,18.0
49,pat_066.jpg,15.0,14.0
49,pat_067.jpg,20.0,19.0
49,pat_068.jpg,17.0,16.0
49,pat_069.jpg,18.0,17.0
49,pat_070.jpg,18.0,17.0
49,patch_062.jpg,14.0,13.0
49,patch_063.jpg,13.0,12.0
49,patch_064.jpg,17.0,16.0
49,patch_065.jpg,17.0,16.0
49,por_071.jpg,19.0,18.0
49,por_072.jpg,16.0,15.0
49,por_073.jpg,12.0,11.0
49,por_074.jpg,12.0,11.0
49,rand_075.jpg,19.0,18.0
49,rand_076.jpg,8.0,7.0
49,rand_077.jpg,18.0,17.0
49,rand_078.jpg,18.0,17.0
49,rand_079.jpg,18.0,17.0
49,sat_080.jpg,17.0,16.0
49,sat_081.jpg,16.0,15.0
49,sat_082.jpg,20.0,19.0
49,sat_083.jpg,18.0,17.0
49,sat_084.jpg,8.0,7.0
49,sat_085.jpg,20.0,19.0
49,sat_086.jpg,14.0,13.0
49,sat_087.jpg,19.0,18.0
49,soc_088.jpg,16.0,15.0
49,soc_089.jpg,16.0,15.0
49,soc_090.jpg,19.0,18.0
49,soc_091.jpg,19.0,18.0
49,soc_092.jpg,14.0,13.0
49,soc_093.jpg,19.0,18.0
49,soc_094.jpg,20.0,19.0
49,soc_095.jpg,18.0,17.0
49,soc_096.jpg,16.0,15.0
49,soc_097.jpg,19.0,18.0
49,soc_098.jpg,20.0,19.0
49,soc_099.jpg,20.0,19.0
49,soc_100.jpg,17.0,16.0
50,act_001.jpg,17.0,16.0
50,act_002.jpg,13.0,12.0
50,act_003.jpg,16.0,15.0
50,act_004.jpg,11.0,10.0
50,act_005.jpg,17.0,16.0
50,art_006.jpg,7.0,6.0
50,art_007.jpg,14.0,13.0
50,art_008.jpg,14.0,13.0
50,art_009.jpg,5.0,4.0
50,art_010.jpg,12.0,11.0
50,art_011.jpg,11.0,10.0
50,cat_012.jpg,9.0,8.0
50,cat_013.jpg,3.0,2.0
50,cat_014.jpg,18.0,17.0
50,cat_015.jpg,10.0,9.0
50,ind_016.jpg,14.0,13.0
50,ind_017.jpg,17.0,16.0
50,ind_018.jpg,4.0,3.0
50,ind_019.jpg,14.0,13.0
50,ind_020.jpg,6.0,5.0
50,ind_021.jpg,11.0,10.0
50,ind_022.jpg,7.0,6.0
50,ind_023.jpg,18.0,17.0
50,ind_024.jpg,14.0,13.0
50,ind_025.jpg,15.0,14.0
50,land_026.jpg,11.0,10.0
50,land_027.jpg,12.0,11.0
50,land_028.jpg,14.0,13.0
50,land_029.jpg,13.0,12.0
50,land_030.jpg,10.0,9.0
50,low_031.jpg,15.0,14.0
50,low_032.jpg,8.0,7.0
50,low_033.jpg,12.0,11.0
50,low_034.jpg,11.0,10.0
50,low_035.jpg,16.0,15.0
50,low_036.jpg,2.0,1.0
50,mood_37.jpg,14.0,13.0
50,mood_38.jpg,18.0,17.0
50,mood_39.jpg,11.0,10.0
50,mood_40.jpg,15.0,14.0
50,mood_41.jpg,21.0,20.0
50,mood_42.jpg,15.0,14.0
50,mood_43.jpg,11.0,10.0
50,mood_44.jpg,7.0,6.0
50,mood_45.jpg,16.0,15.0
50,mood_46.jpg,17.0,16.0
50,noi_047.jpg,4.0,3.0
50,noi_048.jpg,17.0,16.0
50,noi_049.jpg,14.0,13.0
50,noi_050.jpg,12.0,11.0
50,noi_051.jpg,3.0,2.0
50,noi_052.jpg,8.0,7.0
50,noi_053.jpg,14.0,13.0
50,outman_054.jpg,14.0,13.0
50,outman_055.jpg,2.0,1.0
50,outman_056.jpg,13.0,12.0
50,outman_057.jpg,16.0,15.0
50,outman_058.jpg,18.0,17.0
50,outman_059.jpg,13.0,12.0
50,outman_060.jpg,1.0,0.0
50,outman_061.jpg,12.0,11.0
50,pat_066.jpg,18.0,17.0
50,pat_067.jpg,19.0,18.0
50,pat_068.jpg,4.0,3.0
50,pat_069.jpg,20.0,19.0
50,pat_070.jpg,17.0,16.0
50,patch_062.jpg,2.0,1.0
50,patch_063.jpg,17.0,16.0
50,patch_064.jpg,16.0,15.0
50,patch_065.jpg,18.0,17.0
50,por_071.jpg,10.0,9.0
50,por_072.jpg,17.0,16.0
50,por_073.jpg,15.0,14.0
50,por_074.jpg,13.0,12.0
50,rand_075.jpg,18.0,17.0
50,rand_076.jpg,17.0,16.0
50,rand_077.jpg,16.0,15.0
50,rand_078.jpg,16.0,15.0
50,rand_079.jpg,12.0,11.0
50,sat_080.jpg,16.0,15.0
50,sat_081.jpg,14.0,13.0
50,sat_082.jpg,15.0,14.0
50,sat_083.jpg,18.0,17.0
50,sat_084.jpg,18.0,17.0
50,sat_085.jpg,16.0,15.0
50,sat_086.jpg,10.0,9.0
50,sat_087.jpg,19.0,18.0
50,soc_088.jpg,10.0,9.0
50,soc_089.jpg,2.0,1.0
50,soc_090.jpg,14.0,13.0
50,soc_091.jpg,15.0,14.0
50,soc_092.jpg,5.0,4.0
50,soc_093.jpg,12.0,11.0
50,soc_094.jpg,17.0,16.0
50,soc_095.jpg,8.0,7.0
50,soc_096.jpg,16.0,15.0
50,soc_097.jpg,16.0,15.0
50,soc_098.jpg,17.0,16.0
50,soc_099.jpg,14.0,13.0
50,soc_100.jpg,6.0,5.0
53,act_001.jpg,15.0,14.0
53,act_002.jpg,20.0,19.0
53,act_003.jpg,18.0,17.0
53,act_004.jpg,16.0,15.0
53,act_005.jpg,12.0,11.0
53,art_006.jpg,16.0,15.0
53,art_007.jpg,4.0,3.0
53,art_008.jpg,16.0,15.0
53,art_009.jpg,16.0,15.0
53,art_010.jpg,16.0,15.0
53,art_011.jpg,17.0,16.0
53,cat_012.jpg,14.0,13.0
53,cat_013.jpg,16.0,15.0
53,cat_014.jpg,16.0,15.0
53,cat_015.jpg,13.0,12.0
53,ind_016.jpg,14.0,13.0
53,ind_017.jpg,15.0,14.0
53,ind_018.jpg,11.0,10.0
53,ind_019.jpg,10.0,9.0
53,ind_020.jpg,15.0,14.0
53,ind_021.jpg,18.0,17.0
53,ind_022.jpg,18.0,17.0
53,ind_023.jpg,17.0,16.0
53,ind_024.jpg,1.0,0.0
53,ind_025.jpg,19.0,18.0
53,land_026.jpg,16.0,15.0
53,land_027.jpg,13.0,12.0
53,land_028.jpg,17.0,16.0
53,land_029.jpg,2.0,1.0
53,land_030.jpg,10.0,9.0
53,low_031.jpg,17.0,16.0
53,low_032.jpg,14.0,13.0
53,low_033.jpg,17.0,16.0
53,low_034.jpg,4.0,3.0
53,low_035.jpg,15.0,14.0
53,low_036.jpg,17.0,16.0
53,mood_37.jpg,18.0,17.0
53,mood_38.jpg,18.0,17.0
53,mood_39.jpg,19.0,18.0
53,mood_40.jpg,19.0,18.0
53,mood_41.jpg,16.0,15.0
53,mood_42.jpg,16.0,15.0
53,mood_43.jpg,20.0,19.0
53,mood_44.jpg,18.0,17.0
53,mood_45.jpg,6.0,5.0
53,mood_46.jpg,20.0,19.0
53,noi_047.jpg,4.0,3.0
53,noi_048.jpg,15.0,14.0
53,noi_049.jpg,19.0,18.0
53,noi_050.jpg,16.0,15.0
53,noi_051.jpg,15.0,14.0
53,noi_052.jpg,16.0,15.0
53,noi_053.jpg,13.0,12.0
53,outman_054.jpg,14.0,13.0
53,outman_055.jpg,12.0,11.0
53,outman_056.jpg,16.0,15.0
53,outman_057.jpg,16.0,15.0
53,outman_058.jpg,15.0,14.0
53,outman_059.jpg,18.0,17.0
53,outman_060.jpg,18.0,17.0
53,outman_061.jpg,15.0,14.0
53,pat_066.jpg,7.0,6.0
53,pat_067.jpg,16.0,15.0
53,pat_068.jpg,17.0,16.0
53,pat_069.jpg,15.0,14.0
53,pat_070.jpg,7.0,6.0
53,patch_062.jpg,11.0,10.0
53,patch_063.jpg,17.0,16.0
53,patch_064.jpg,16.0,15.0
53,patch_065.jpg,17.0,16.0
53,por_071.jpg,17.0,16.0
53,por_072.jpg,15.0,14.0
53,por_073.jpg,14.0,13.0
53,por_074.jpg,19.0,18.0
53,rand_075.jpg,17.0,16.0
53,rand_076.jpg,14.0,13.0
53,rand_077.jpg,19.0,18.0
53,rand_078.jpg,16.0,15.0
53,rand_079.jpg,18.0,17.0
53,sat_080.jpg,13.0,12.0
53,sat_081.jpg,17.0,16.0
53,sat_082.jpg,17.0,16.0
53,sat_083.jpg,16.0,15.0
53,sat_084.jpg,19.0,18.0
53,sat_085.jpg,15.0,14.0
53,sat_086.jpg,16.0,15.0
53,sat_087.jpg,7.0,6.0
53,soc_088.jpg,12.0,11.0
53,soc_089.jpg,16.0,15.0
53,soc_090.jpg,16.0,15.0
53,soc_091.jpg,17.0,16.0
53,soc_092.jpg,16.0,15.0
53,soc_093.jpg,16.0,15.0
53,soc_094.jpg,19.0,18.0
53,soc_095.jpg,20.0,19.0
53,soc_096.jpg,17.0,16.0
53,soc_097.jpg,17.0,16.0
53,soc_098.jpg,7.0,6.0
53,soc_099.jpg,19.0,18.0
53,soc_100.jpg,18.0,17.0
54,act_001.jpg,18.0,17.0
54,act_002.jpg,14.0,13.0
54,act_003.jpg,12.0,11.0
54,act_004.jpg,15.0,14.0
54,act_005.jpg,16.0,15.0
54,art_006.jpg,16.0,15.0
54,art_007.jpg,17.0,16.0
54,art_008.jpg,14.0,13.0
54,art_009.jpg,14.0,13.0
54,art_010.jpg,3.0,2.0
54,art_011.jpg,16.0,15.0
54,cat_012.jpg,12.0,11.0
54,cat_013.jpg,16.0,15.0
54,cat_014.jpg,17.0,16.0
54,cat_015.jpg,19.0,18.0
54,ind_016.jpg,2.0,1.0
54,ind_017.jpg,17.0,16.0
54,ind_018.jpg,5.0,4.0
54,ind_019.jpg,15.0,14.0
54,ind_020.jpg,15.0,14.0
54,ind_021.jpg,14.0,13.0
54,ind_022.jpg,14.0,13.0
54,ind_023.jpg,12.0,11.0
54,ind_024.jpg,18.0,17.0
54,ind_025.jpg,16.0,15.0
54,land_026.jpg,13.0,12.0
54,land_027.jpg,16.0,15.0
54,land_028.jpg,12.0,11.0
54,land_029.jpg,13.0,12.0
54,land_030.jpg,13.0,12.0
54,low_031.jpg,14.0,13.0
54,low_032.jpg,13.0,12.0
54,low_033.jpg,14.0,13.0
54,low_034.jpg,13.0,12.0
54,low_035.jpg,16.0,15.0
54,low_036.jpg,12.0,11.0
54,mood_37.jpg,18.0,17.0
54,mood_38.jpg,20.0,19.0
54,mood_39.jpg,,
54,mood_40.jpg,16.0,15.0
54,mood_41.jpg,15.0,14.0
54,mood_42.jpg,14.0,13.0
54,mood_43.jpg,18.0,17.0
54,mood_44.jpg,,
54,mood_45.jpg,17.0,16.0
54,mood_46.jpg,20.0,19.0
54,noi_047.jpg,13.0,12.0
54,noi_048.jpg,13.0,12.0
54,noi_049.jpg,2.0,1.0
54,noi_050.jpg,18.0,17.0
54,noi_051.jpg,5.0,4.0
54,noi_052.jpg,15.0,14.0
54,noi_053.jpg,14.0,13.0
54,outman_054.jpg,20.0,19.0
54,outman_055.jpg,16.0,15.0
54,outman_056.jpg,14.0,13.0
54,outman_057.jpg,6.0,5.0
54,outman_058.jpg,16.0,15.0
54,outman_059.jpg,2.0,1.0
54,outman_060.jpg,2.0,1.0
54,outman_061.jpg,18.0,17.0
54,pat_066.jpg,16.0,15.0
54,pat_067.jpg,18.0,17.0
54,pat_068.jpg,14.0,13.0
54,pat_069.jpg,18.0,17.0
54,pat_070.jpg,13.0,12.0
54,patch_062.jpg,15.0,14.0
54,patch_063.jpg,10.0,9.0
54,patch_064.jpg,14.0,13.0
54,patch_065.jpg,15.0,14.0
54,por_071.jpg,17.0,16.0
54,por_072.jpg,16.0,15.0
54,por_073.jpg,11.0,10.0
54,por_074.jpg,16.0,15.0
54,rand_075.jpg,17.0,16.0
54,rand_076.jpg,18.0,17.0
54,rand_077.jpg,13.0,12.0
54,rand_078.jpg,15.0,14.0
54,rand_079.jpg,18.0,17.0
54,sat_080.jpg,17.0,16.0
54,sat_081.jpg,16.0,15.0
54,sat_082.jpg,15.0,14.0
54,sat_083.jpg,16.0,15.0
54,sat_084.jpg,18.0,17.0
54,sat_085.jpg,11.0,10.0
54,sat_086.jpg,1.0,0.0
54,sat_087.jpg,15.0,14.0
54,soc_088.jpg,13.0,12.0
54,soc_089.jpg,16.0,15.0
54,soc_090.jpg,17.0,16.0
54,soc_091.jpg,13.0,12.0
54,soc_092.jpg,17.0,16.0
54,soc_093.jpg,17.0,16.0
54,soc_094.jpg,16.0,15.0
54,soc_095.jpg,17.0,16.0
54,soc_096.jpg,18.0,17.0
54,soc_097.jpg,16.0,15.0
54,soc_098.jpg,14.0,13.0
54,soc_099.jpg,16.0,15.0
54,soc_100.jpg,17.0,16.0
55,act_001.jpg,13.0,12.0
55,act_002.jpg,14.0,13.0
55,act_003.jpg,2.0,1.0
55,act_004.jpg,14.0,13.0
55,act_005.jpg,13.0,12.0
55,art_006.jpg,14.0,13.0
55,art_007.jpg,14.0,13.0
55,art_008.jpg,2.0,1.0
55,art_009.jpg,14.0,13.0
55,art_010.jpg,14.0,13.0
55,art_011.jpg,9.0,8.0
55,cat_012.jpg,11.0,10.0
55,cat_013.jpg,17.0,16.0
55,cat_014.jpg,15.0,14.0
55,cat_015.jpg,15.0,14.0
55,ind_016.jpg,13.0,12.0
55,ind_017.jpg,7.0,6.0
55,ind_018.jpg,1.0,0.0
55,ind_019.jpg,15.0,14.0
55,ind_020.jpg,2.0,1.0
55,ind_021.jpg,2.0,1.0
55,ind_022.jpg,13.0,12.0
55,ind_023.jpg,14.0,13.0
55,ind_024.jpg,7.0,6.0
55,ind_025.jpg,13.0,12.0
55,land_026.jpg,10.0,9.0
55,land_027.jpg,11.0,10.0
55,land_028.jpg,11.0,10.0
55,land_029.jpg,13.0,12.0
55,land_030.jpg,16.0,15.0
55,low_031.jpg,8.0,7.0
55,low_032.jpg,9.0,8.0
55,low_033.jpg,6.0,5.0
55,low_034.jpg,11.0,10.0
55,low_035.jpg,9.0,8.0
55,low_036.jpg,13.0,12.0
55,mood_37.jpg,14.0,13.0
55,mood_38.jpg,17.0,16.0
55,mood_39.jpg,19.0,18.0
55,mood_40.jpg,19.0,18.0
55,mood_41.jpg,17.0,16.0
55,mood_42.jpg,12.0,11.0
55,mood_43.jpg,21.0,20.0
55,mood_44.jpg,10.0,9.0
55,mood_45.jpg,16.0,15.0
55,mood_46.jpg,15.0,14.0
55,noi_047.jpg,11.0,10.0
55,noi_048.jpg,10.0,9.0
55,noi_049.jpg,2.0,1.0
55,noi_050.jpg,11.0,10.0
55,noi_051.jpg,6.0,5.0
55,noi_052.jpg,11.0,10.0
55,noi_053.jpg,13.0,12.0
55,outman_054.jpg,11.0,10.0
55,outman_055.jpg,14.0,13.0
55,outman_056.jpg,16.0,15.0
55,outman_057.jpg,11.0,10.0
55,outman_058.jpg,1.0,0.0
55,outman_059.jpg,2.0,1.0
55,outman_060.jpg,17.0,16.0
55,outman_061.jpg,13.0,12.0
55,pat_066.jpg,13.0,12.0
55,pat_067.jpg,14.0,13.0
55,pat_068.jpg,13.0,12.0
55,pat_069.jpg,16.0,15.0
55,pat_070.jpg,18.0,17.0
55,patch_062.jpg,17.0,16.0
55,patch_063.jpg,18.0,17.0
55,patch_064.jpg,14.0,13.0
55,patch_065.jpg,10.0,9.0
55,por_071.jpg,14.0,13.0
55,por_072.jpg,19.0,18.0
55,por_073.jpg,14.0,13.0
55,por_074.jpg,16.0,15.0
55,rand_075.jpg,12.0,11.0
55,rand_076.jpg,17.0,16.0
55,rand_077.jpg,19.0,18.0
55,rand_078.jpg,14.0,13.0
55,rand_079.jpg,12.0,11.0
55,sat_080.jpg,12.0,11.0
55,sat_081.jpg,18.0,17.0
55,sat_082.jpg,20.0,19.0
55,sat_083.jpg,16.0,15.0
55,sat_084.jpg,13.0,12.0
55,sat_085.jpg,16.0,15.0
55,sat_086.jpg,14.0,13.0
55,sat_087.jpg,10.0,9.0
55,soc_088.jpg,14.0,13.0
55,soc_089.jpg,19.0,18.0
55,soc_090.jpg,13.0,12.0
55,soc_091.jpg,14.0,13.0
55,soc_092.jpg,13.0,12.0
55,soc_093.jpg,14.0,13.0
55,soc_094.jpg,20.0,19.0
55,soc_095.jpg,15.0,14.0
55,soc_096.jpg,18.0,17.0
55,soc_097.jpg,11.0,10.0
55,soc_098.jpg,19.0,18.0
55,soc_099.jpg,16.0,15.0
55,soc_100.jpg,10.0,9.0
56,act_001.jpg,18.0,17.0
56,act_002.jpg,17.0,16.0
56,act_003.jpg,14.0,13.0
56,act_004.jpg,13.0,12.0
56,act_005.jpg,9.0,8.0
56,art_006.jpg,15.0,14.0
56,art_007.jpg,15.0,14.0
56,art_008.jpg,5.0,4.0
56,art_009.jpg,10.0,9.0
56,art_010.jpg,14.0,13.0
56,art_011.jpg,11.0,10.0
56,cat_012.jpg,16.0,15.0
56,cat_013.jpg,17.0,16.0
56,cat_014.jpg,15.0,14.0
56,cat_015.jpg,10.0,9.0
56,ind_016.jpg,20.0,19.0
56,ind_017.jpg,16.0,15.0
56,ind_018.jpg,6.0,5.0
56,ind_019.jpg,15.0,14.0
56,ind_020.jpg,17.0,16.0
56,ind_021.jpg,11.0,10.0
56,ind_022.jpg,2.0,1.0
56,ind_023.jpg,2.0,1.0
56,ind_024.jpg,15.0,14.0
56,ind_025.jpg,13.0,12.0
56,land_026.jpg,15.0,14.0
56,land_027.jpg,15.0,14.0
56,land_028.jpg,16.0,15.0
56,land_029.jpg,13.0,12.0
56,land_030.jpg,2.0,1.0
56,low_031.jpg,15.0,14.0
56,low_032.jpg,13.0,12.0
56,low_033.jpg,9.0,8.0
56,low_034.jpg,5.0,4.0
56,low_035.jpg,15.0,14.0
56,low_036.jpg,14.0,13.0
56,mood_37.jpg,15.0,14.0
56,mood_38.jpg,16.0,15.0
56,mood_39.jpg,18.0,17.0
56,mood_40.jpg,14.0,13.0
56,mood_41.jpg,13.0,12.0
56,mood_42.jpg,19.0,18.0
56,mood_43.jpg,20.0,19.0
56,mood_44.jpg,16.0,15.0
56,mood_45.jpg,10.0,9.0
56,mood_46.jpg,17.0,16.0
56,noi_047.jpg,10.0,9.0
56,noi_048.jpg,1.0,0.0
56,noi_049.jpg,1.0,0.0
56,noi_050.jpg,2.0,1.0
56,noi_051.jpg,13.0,12.0
56,noi_052.jpg,14.0,13.0
56,noi_053.jpg,14.0,13.0
56,outman_054.jpg,6.0,5.0
56,outman_055.jpg,,
56,outman_056.jpg,13.0,12.0
56,outman_057.jpg,13.0,12.0
56,outman_058.jpg,14.0,13.0
56,outman_059.jpg,13.0,12.0
56,outman_060.jpg,12.0,11.0
56,outman_061.jpg,15.0,14.0
56,pat_066.jpg,16.0,15.0
56,pat_067.jpg,18.0,17.0
56,pat_068.jpg,17.0,16.0
56,pat_069.jpg,16.0,15.0
56,pat_070.jpg,16.0,15.0
56,patch_062.jpg,18.0,17.0
56,patch_063.jpg,16.0,15.0
56,patch_064.jpg,15.0,14.0
56,patch_065.jpg,16.0,15.0
56,por_071.jpg,10.0,9.0
56,por_072.jpg,18.0,17.0
56,por_073.jpg,15.0,14.0
56,por_074.jpg,14.0,13.0
56,rand_075.jpg,7.0,6.0
56,rand_076.jpg,17.0,16.0
56,rand_077.jpg,11.0,10.0
56,rand_078.jpg,15.0,14.0
56,rand_079.jpg,2.0,1.0
56,sat_080.jpg,16.0,15.0
56,sat_081.jpg,12.0,11.0
56,sat_082.jpg,15.0,14.0
56,sat_083.jpg,16.0,15.0
56,sat_084.jpg,10.0,9.0
56,sat_085.jpg,18.0,17.0
56,sat_086.jpg,17.0,16.0
56,sat_087.jpg,14.0,13.0
56,soc_088.jpg,15.0,14.0
56,soc_089.jpg,14.0,13.0
56,soc_090.jpg,18.0,17.0
56,soc_091.jpg,15.0,14.0
56,soc_092.jpg,13.0,12.0
56,soc_093.jpg,14.0,13.0
56,soc_094.jpg,8.0,7.0
56,soc_095.jpg,15.0,14.0
56,soc_096.jpg,15.0,14.0
56,soc_097.jpg,14.0,13.0
56,soc_098.jpg,13.0,12.0
56,soc_099.jpg,10.0,9.0
56,soc_100.jpg,13.0,12.0
57,act_001.jpg,18.0,17.0
57,act_002.jpg,19.0,18.0
57,act_003.jpg,20.0,19.0
57,act_004.jpg,18.0,17.0
57,act_005.jpg,19.0,18.0
57,art_006.jpg,20.0,19.0
57,art_007.jpg,19.0,18.0
57,art_008.jpg,18.0,17.0
57,art_009.jpg,21.0,20.0
57,art_010.jpg,20.0,19.0
57,art_011.jpg,19.0,18.0
57,cat_012.jpg,16.0,15.0
57,cat_013.jpg,20.0,19.0
57,cat_014.jpg,19.0,18.0
57,cat_015.jpg,20.0,19.0
57,ind_016.jpg,19.0,18.0
57,ind_017.jpg,21.0,20.0
57,ind_018.jpg,19.0,18.0
57,ind_019.jpg,19.0,18.0
57,ind_020.jpg,24.0,23.0
57,ind_021.jpg,19.0,18.0
57,ind_022.jpg,22.0,21.0
57,ind_023.jpg,21.0,20.0
57,ind_024.jpg,22.0,21.0
57,ind_025.jpg,20.0,19.0
57,land_026.jpg,21.0,20.0
57,land_027.jpg,20.0,19.0
57,land_028.jpg,19.0,18.0
57,land_029.jpg,19.0,18.0
57,land_030.jpg,20.0,19.0
57,low_031.jpg,21.0,20.0
57,low_032.jpg,20.0,19.0
57,low_033.jpg,20.0,19.0
57,low_034.jpg,20.0,19.0
57,low_035.jpg,17.0,16.0
57,low_036.jpg,19.0,18.0
57,mood_37.jpg,18.0,17.0
57,mood_38.jpg,19.0,18.0
57,mood_39.jpg,19.0,18.0
57,mood_40.jpg,17.0,16.0
57,mood_41.jpg,19.0,18.0
57,mood_42.jpg,13.0,12.0
57,mood_43.jpg,17.0,16.0
57,mood_44.jpg,19.0,18.0
57,mood_45.jpg,18.0,17.0
57,mood_46.jpg,19.0,18.0
57,noi_047.jpg,19.0,18.0
57,noi_048.jpg,21.0,20.0
57,noi_049.jpg,21.0,20.0
57,noi_050.jpg,19.0,18.0
57,noi_051.jpg,22.0,21.0
57,noi_052.jpg,18.0,17.0
57,noi_053.jpg,19.0,18.0
57,outman_054.jpg,18.0,17.0
57,outman_055.jpg,20.0,19.0
57,outman_056.jpg,19.0,18.0
57,outman_057.jpg,21.0,20.0
57,outman_058.jpg,19.0,18.0
57,outman_059.jpg,23.0,22.0
57,outman_060.jpg,17.0,16.0
57,outman_061.jpg,20.0,19.0
57,pat_066.jpg,19.0,18.0
57,pat_067.jpg,16.0,15.0
57,pat_068.jpg,21.0,20.0
57,pat_069.jpg,20.0,19.0
57,pat_070.jpg,19.0,18.0
57,patch_062.jpg,,
57,patch_063.jpg,19.0,18.0
57,patch_064.jpg,3.0,2.0
57,patch_065.jpg,13.0,12.0
57,por_071.jpg,16.0,15.0
57,por_072.jpg,9.0,8.0
57,por_073.jpg,17.0,16.0
57,por_074.jpg,17.0,16.0
57,rand_075.jpg,18.0,17.0
57,rand_076.jpg,19.0,18.0
57,rand_077.jpg,8.0,7.0
57,rand_078.jpg,19.0,18.0
57,rand_079.jpg,13.0,12.0
57,sat_080.jpg,17.0,16.0
57,sat_081.jpg,21.0,20.0
57,sat_082.jpg,19.0,18.0
57,sat_083.jpg,15.0,14.0
57,sat_084.jpg,19.0,18.0
57,sat_085.jpg,21.0,20.0
57,sat_086.jpg,21.0,20.0
57,sat_087.jpg,15.0,14.0
57,soc_088.jpg,20.0,19.0
57,soc_089.jpg,2.0,1.0
57,soc_090.jpg,17.0,16.0
57,soc_091.jpg,15.0,14.0
57,soc_092.jpg,20.0,19.0
57,soc_093.jpg,19.0,18.0
57,soc_094.jpg,13.0,12.0
57,soc_095.jpg,18.0,17.0
57,soc_096.jpg,19.0,18.0
57,soc_097.jpg,4.0,3.0
57,soc_098.jpg,18.0,17.0
57,soc_099.jpg,14.0,13.0
57,soc_100.jpg,19.0,18.0
59,act_001.jpg,20.0,19.0
59,act_002.jpg,19.0,18.0
59,act_003.jpg,21.0,20.0
59,act_004.jpg,19.0,18.0
59,act_005.jpg,20.0,19.0
59,art_006.jpg,16.0,15.0
59,art_007.jpg,21.0,20.0
59,art_008.jpg,15.0,14.0
59,art_009.jpg,15.0,14.0
59,art_010.jpg,14.0,13.0
59,art_011.jpg,18.0,17.0
59,cat_012.jpg,19.0,18.0
59,cat_013.jpg,11.0,10.0
59,cat_014.jpg,13.0,12.0
59,cat_015.jpg,17.0,16.0
59,ind_016.jpg,20.0,19.0
59,ind_017.jpg,20.0,19.0
59,ind_018.jpg,20.0,19.0
59,ind_019.jpg,20.0,19.0
59,ind_020.jpg,19.0,18.0
59,ind_021.jpg,21.0,20.0
59,ind_022.jpg,19.0,18.0
59,ind_023.jpg,17.0,16.0
59,ind_024.jpg,18.0,17.0
59,ind_025.jpg,18.0,17.0
59,land_026.jpg,19.0,18.0
59,land_027.jpg,19.0,18.0
59,land_028.jpg,16.0,15.0
59,land_029.jpg,,
59,land_030.jpg,9.0,8.0
59,low_031.jpg,18.0,17.0
59,low_032.jpg,17.0,16.0
59,low_033.jpg,23.0,22.0
59,low_034.jpg,12.0,11.0
59,low_035.jpg,12.0,11.0
59,low_036.jpg,12.0,11.0
59,mood_37.jpg,20.0,19.0
59,mood_38.jpg,22.0,21.0
59,mood_39.jpg,21.0,20.0
59,mood_40.jpg,21.0,20.0
59,mood_41.jpg,21.0,20.0
59,mood_42.jpg,20.0,19.0
59,mood_43.jpg,22.0,21.0
59,mood_44.jpg,21.0,20.0
59,mood_45.jpg,22.0,21.0
59,mood_46.jpg,18.0,17.0
59,noi_047.jpg,6.0,5.0
59,noi_048.jpg,16.0,15.0
59,noi_049.jpg,12.0,11.0
59,noi_050.jpg,10.0,9.0
59,noi_051.jpg,20.0,19.0
59,noi_052.jpg,10.0,9.0
59,noi_053.jpg,19.0,18.0
59,outman_054.jpg,18.0,17.0
59,outman_055.jpg,14.0,13.0
59,outman_056.jpg,20.0,19.0
59,outman_057.jpg,19.0,18.0
59,outman_058.jpg,18.0,17.0
59,outman_059.jpg,9.0,8.0
59,outman_060.jpg,18.0,17.0
59,outman_061.jpg,20.0,19.0
59,pat_066.jpg,20.0,19.0
59,pat_067.jpg,17.0,16.0
59,pat_068.jpg,18.0,17.0
59,pat_069.jpg,18.0,17.0
59,pat_070.jpg,16.0,15.0
59,patch_062.jpg,18.0,17.0
59,patch_063.jpg,19.0,18.0
59,patch_064.jpg,21.0,20.0
59,patch_065.jpg,21.0,20.0
59,por_071.jpg,18.0,17.0
59,por_072.jpg,19.0,18.0
59,por_073.jpg,21.0,20.0
59,por_074.jpg,21.0,20.0
59,rand_075.jpg,20.0,19.0
59,rand_076.jpg,15.0,14.0
59,rand_077.jpg,17.0,16.0
59,rand_078.jpg,17.0,16.0
59,rand_079.jpg,19.0,18.0
59,sat_080.jpg,16.0,15.0
59,sat_081.jpg,19.0,18.0
59,sat_082.jpg,20.0,19.0
59,sat_083.jpg,20.0,19.0
59,sat_084.jpg,19.0,18.0
59,sat_085.jpg,22.0,21.0
59,sat_086.jpg,19.0,18.0
59,sat_087.jpg,18.0,17.0
59,soc_088.jpg,21.0,20.0
59,soc_089.jpg,23.0,22.0
59,soc_090.jpg,23.0,22.0
59,soc_091.jpg,19.0,18.0
59,soc_092.jpg,19.0,18.0
59,soc_093.jpg,22.0,21.0
59,soc_094.jpg,23.0,22.0
59,soc_095.jpg,21.0,20.0
59,soc_096.jpg,20.0,19.0
59,soc_097.jpg,19.0,18.0
59,soc_098.jpg,20.0,19.0
59,soc_099.jpg,17.0,16.0
59,soc_100.jpg,22.0,21.0
60,act_001.jpg,17.0,16.0
60,act_002.jpg,16.0,15.0
60,act_003.jpg,15.0,14.0
60,act_004.jpg,7.0,6.0
60,act_005.jpg,15.0,14.0
60,art_006.jpg,8.0,7.0
60,art_007.jpg,8.0,7.0
60,art_008.jpg,10.0,9.0
60,art_009.jpg,13.0,12.0
60,art_010.jpg,18.0,17.0
60,art_011.jpg,14.0,13.0
60,cat_012.jpg,15.0,14.0
60,cat_013.jpg,17.0,16.0
60,cat_014.jpg,13.0,12.0
60,cat_015.jpg,18.0,17.0
60,ind_016.jpg,16.0,15.0
60,ind_017.jpg,14.0,13.0
60,ind_018.jpg,11.0,10.0
60,ind_019.jpg,16.0,15.0
60,ind_020.jpg,3.0,2.0
60,ind_021.jpg,11.0,10.0
60,ind_022.jpg,9.0,8.0
60,ind_023.jpg,5.0,4.0
60,ind_024.jpg,13.0,12.0
60,ind_025.jpg,14.0,13.0
60,land_026.jpg,17.0,16.0
60,land_027.jpg,2.0,1.0
60,land_028.jpg,11.0,10.0
60,land_029.jpg,16.0,15.0
60,land_030.jpg,2.0,1.0
60,low_031.jpg,9.0,8.0
60,low_032.jpg,13.0,12.0
60,low_033.jpg,15.0,14.0
60,low_034.jpg,12.0,11.0
60,low_035.jpg,15.0,14.0
60,low_036.jpg,8.0,7.0
60,mood_37.jpg,19.0,18.0
60,mood_38.jpg,17.0,16.0
60,mood_39.jpg,17.0,16.0
60,mood_40.jpg,19.0,18.0
60,mood_41.jpg,18.0,17.0
60,mood_42.jpg,18.0,17.0
60,mood_43.jpg,17.0,16.0
60,mood_44.jpg,17.0,16.0
60,mood_45.jpg,19.0,18.0
60,mood_46.jpg,15.0,14.0
60,noi_047.jpg,7.0,6.0
60,noi_048.jpg,11.0,10.0
60,noi_049.jpg,13.0,12.0
60,noi_050.jpg,14.0,13.0
60,noi_051.jpg,11.0,10.0
60,noi_052.jpg,4.0,3.0
60,noi_053.jpg,11.0,10.0
60,outman_054.jpg,13.0,12.0
60,outman_055.jpg,4.0,3.0
60,outman_056.jpg,15.0,14.0
60,outman_057.jpg,17.0,16.0
60,outman_058.jpg,15.0,14.0
60,outman_059.jpg,16.0,15.0
60,outman_060.jpg,13.0,12.0
60,outman_061.jpg,9.0,8.0
60,pat_066.jpg,6.0,5.0
60,pat_067.jpg,11.0,10.0
60,pat_068.jpg,15.0,14.0
60,pat_069.jpg,14.0,13.0
60,pat_070.jpg,18.0,17.0
60,patch_062.jpg,12.0,11.0
60,patch_063.jpg,13.0,12.0
60,patch_064.jpg,14.0,13.0
60,patch_065.jpg,11.0,10.0
60,por_071.jpg,10.0,9.0
60,por_072.jpg,14.0,13.0
60,por_073.jpg,13.0,12.0
60,por_074.jpg,16.0,15.0
60,rand_075.jpg,10.0,9.0
60,rand_076.jpg,8.0,7.0
60,rand_077.jpg,9.0,8.0
60,rand_078.jpg,13.0,12.0
60,rand_079.jpg,17.0,16.0
60,sat_080.jpg,15.0,14.0
60,sat_081.jpg,15.0,14.0
60,sat_082.jpg,17.0,16.0
60,sat_083.jpg,17.0,16.0
60,sat_084.jpg,8.0,7.0
60,sat_085.jpg,11.0,10.0
60,sat_086.jpg,14.0,13.0
60,sat_087.jpg,14.0,13.0
60,soc_088.jpg,11.0,10.0
60,soc_089.jpg,16.0,15.0
60,soc_090.jpg,18.0,17.0
60,soc_091.jpg,17.0,16.0
60,soc_092.jpg,8.0,7.0
60,soc_093.jpg,13.0,12.0
60,soc_094.jpg,13.0,12.0
60,soc_095.jpg,16.0,15.0
60,soc_096.jpg,13.0,12.0
60,soc_097.jpg,14.0,13.0
60,soc_098.jpg,18.0,17.0
60,soc_099.jpg,17.0,16.0
60,soc_100.jpg,18.0,17.0
62,act_001.jpg,6.0,5.0
62,act_002.jpg,11.0,10.0
62,act_003.jpg,14.0,13.0
62,act_004.jpg,15.0,14.0
62,act_005.jpg,11.0,10.0
62,art_006.jpg,1.0,0.0
62,art_007.jpg,12.0,11.0
62,art_008.jpg,7.0,6.0
62,art_009.jpg,14.0,13.0
62,art_010.jpg,12.0,11.0
62,art_011.jpg,12.0,11.0
62,cat_012.jpg,12.0,11.0
62,cat_013.jpg,11.0,10.0
62,cat_014.jpg,12.0,11.0
62,cat_015.jpg,7.0,6.0
62,ind_016.jpg,14.0,13.0
62,ind_017.jpg,11.0,10.0
62,ind_018.jpg,14.0,13.0
62,ind_019.jpg,13.0,12.0
62,ind_020.jpg,12.0,11.0
62,ind_021.jpg,15.0,14.0
62,ind_022.jpg,13.0,12.0
62,ind_023.jpg,14.0,13.0
62,ind_024.jpg,14.0,13.0
62,ind_025.jpg,12.0,11.0
62,land_026.jpg,3.0,2.0
62,land_027.jpg,13.0,12.0
62,land_028.jpg,14.0,13.0
62,land_029.jpg,13.0,12.0
62,land_030.jpg,6.0,5.0
62,low_031.jpg,1.0,0.0
62,low_032.jpg,12.0,11.0
62,low_033.jpg,11.0,10.0
62,low_034.jpg,13.0,12.0
62,low_035.jpg,14.0,13.0
62,low_036.jpg,10.0,9.0
62,mood_37.jpg,16.0,15.0
62,mood_38.jpg,16.0,15.0
62,mood_39.jpg,16.0,15.0
62,mood_40.jpg,14.0,13.0
62,mood_41.jpg,15.0,14.0
62,mood_42.jpg,14.0,13.0
62,mood_43.jpg,9.0,8.0
62,mood_44.jpg,15.0,14.0
62,mood_45.jpg,15.0,14.0
62,mood_46.jpg,13.0,12.0
62,noi_047.jpg,8.0,7.0
62,noi_048.jpg,5.0,4.0
62,noi_049.jpg,10.0,9.0
62,noi_050.jpg,9.0,8.0
62,noi_051.jpg,4.0,3.0
62,noi_052.jpg,13.0,12.0
62,noi_053.jpg,13.0,12.0
62,outman_054.jpg,15.0,14.0
62,outman_055.jpg,13.0,12.0
62,outman_056.jpg,12.0,11.0
62,outman_057.jpg,11.0,10.0
62,outman_058.jpg,13.0,12.0
62,outman_059.jpg,10.0,9.0
62,outman_060.jpg,13.0,12.0
62,outman_061.jpg,13.0,12.0
62,pat_066.jpg,6.0,5.0
62,pat_067.jpg,12.0,11.0
62,pat_068.jpg,11.0,10.0
62,pat_069.jpg,12.0,11.0
62,pat_070.jpg,19.0,18.0
62,patch_062.jpg,16.0,15.0
62,patch_063.jpg,16.0,15.0
62,patch_064.jpg,14.0,13.0
62,patch_065.jpg,11.0,10.0
62,por_071.jpg,11.0,10.0
62,por_072.jpg,15.0,14.0
62,por_073.jpg,12.0,11.0
62,por_074.jpg,8.0,7.0
62,rand_075.jpg,11.0,10.0
62,rand_076.jpg,15.0,14.0
62,rand_077.jpg,10.0,9.0
62,rand_078.jpg,13.0,12.0
62,rand_079.jpg,13.0,12.0
62,sat_080.jpg,8.0,7.0
62,sat_081.jpg,14.0,13.0
62,sat_082.jpg,17.0,16.0
62,sat_083.jpg,16.0,15.0
62,sat_084.jpg,5.0,4.0
62,sat_085.jpg,14.0,13.0
62,sat_086.jpg,14.0,13.0
62,sat_087.jpg,9.0,8.0
62,soc_088.jpg,14.0,13.0
62,soc_089.jpg,16.0,15.0
62,soc_090.jpg,13.0,12.0
62,soc_091.jpg,15.0,14.0
62,soc_092.jpg,10.0,9.0
62,soc_093.jpg,13.0,12.0
62,soc_094.jpg,12.0,11.0
62,soc_095.jpg,15.0,14.0
62,soc_096.jpg,12.0,11.0
62,soc_097.jpg,14.0,13.0
62,soc_098.jpg,15.0,14.0
62,soc_099.jpg,9.0,8.0
62,soc_100.jpg,14.0,13.0
63,act_001.jpg,13.0,12.0
63,act_002.jpg,18.0,17.0
63,act_003.jpg,15.0,14.0
63,act_004.jpg,17.0,16.0
63,act_005.jpg,16.0,15.0
63,art_006.jpg,17.0,16.0
63,art_007.jpg,14.0,13.0
63,art_008.jpg,16.0,15.0
63,art_009.jpg,16.0,15.0
63,art_010.jpg,17.0,16.0
63,art_011.jpg,15.0,14.0
63,cat_012.jpg,1.0,0.0
63,cat_013.jpg,14.0,13.0
63,cat_014.jpg,4.0,3.0
63,cat_015.jpg,7.0,6.0
63,ind_016.jpg,12.0,11.0
63,ind_017.jpg,11.0,10.0
63,ind_018.jpg,14.0,13.0
63,ind_019.jpg,14.0,13.0
63,ind_020.jpg,15.0,14.0
63,ind_021.jpg,16.0,15.0
63,ind_022.jpg,14.0,13.0
63,ind_023.jpg,,
63,ind_024.jpg,18.0,17.0
63,ind_025.jpg,15.0,14.0
63,land_026.jpg,14.0,13.0
63,land_027.jpg,12.0,11.0
63,land_028.jpg,15.0,14.0
63,land_029.jpg,15.0,14.0
63,land_030.jpg,14.0,13.0
63,low_031.jpg,20.0,19.0
63,low_032.jpg,2.0,1.0
63,low_033.jpg,13.0,12.0
63,low_034.jpg,15.0,14.0
63,low_035.jpg,15.0,14.0
63,low_036.jpg,17.0,16.0
63,mood_37.jpg,9.0,8.0
63,mood_38.jpg,12.0,11.0
63,mood_39.jpg,19.0,18.0
63,mood_40.jpg,15.0,14.0
63,mood_41.jpg,15.0,14.0
63,mood_42.jpg,15.0,14.0
63,mood_43.jpg,18.0,17.0
63,mood_44.jpg,18.0,17.0
63,mood_45.jpg,9.0,8.0
63,mood_46.jpg,19.0,18.0
63,noi_047.jpg,14.0,13.0
63,noi_048.jpg,14.0,13.0
63,noi_049.jpg,14.0,13.0
63,noi_050.jpg,15.0,14.0
63,noi_051.jpg,17.0,16.0
63,noi_052.jpg,13.0,12.0
63,noi_053.jpg,13.0,12.0
63,outman_054.jpg,12.0,11.0
63,outman_055.jpg,10.0,9.0
63,outman_056.jpg,11.0,10.0
63,outman_057.jpg,16.0,15.0
63,outman_058.jpg,19.0,18.0
63,outman_059.jpg,4.0,3.0
63,outman_060.jpg,17.0,16.0
63,outman_061.jpg,14.0,13.0
63,pat_066.jpg,15.0,14.0
63,pat_067.jpg,14.0,13.0
63,pat_068.jpg,13.0,12.0
63,pat_069.jpg,16.0,15.0
63,pat_070.jpg,12.0,11.0
63,patch_062.jpg,18.0,17.0
63,patch_063.jpg,13.0,12.0
63,patch_064.jpg,15.0,14.0
63,patch_065.jpg,11.0,10.0
63,por_071.jpg,15.0,14.0
63,por_072.jpg,15.0,14.0
63,por_073.jpg,17.0,16.0
63,por_074.jpg,16.0,15.0
63,rand_075.jpg,13.0,12.0
63,rand_076.jpg,14.0,13.0
63,rand_077.jpg,14.0,13.0
63,rand_078.jpg,14.0,13.0
63,rand_079.jpg,18.0,17.0
63,sat_080.jpg,18.0,17.0
63,sat_081.jpg,13.0,12.0
63,sat_082.jpg,16.0,15.0
63,sat_083.jpg,16.0,15.0
63,sat_084.jpg,19.0,18.0
63,sat_085.jpg,11.0,10.0
63,sat_086.jpg,17.0,16.0
63,sat_087.jpg,14.0,13.0
63,soc_088.jpg,14.0,13.0
63,soc_089.jpg,16.0,15.0
63,soc_090.jpg,8.0,7.0
63,soc_091.jpg,14.0,13.0
63,soc_092.jpg,13.0,12.0
63,soc_093.jpg,16.0,15.0
63,soc_094.jpg,12.0,11.0
63,soc_095.jpg,6.0,5.0
63,soc_096.jpg,13.0,12.0
63,soc_097.jpg,12.0,11.0
63,soc_098.jpg,11.0,10.0
63,soc_099.jpg,17.0,16.0
63,soc_100.jpg,16.0,15.0
64,act_001.jpg,15.0,14.0
64,act_002.jpg,12.0,11.0
64,act_003.jpg,15.0,14.0
64,act_004.jpg,16.0,15.0
64,act_005.jpg,16.0,15.0
64,art_006.jpg,14.0,13.0
64,art_007.jpg,14.0,13.0
64,art_008.jpg,17.0,16.0
64,art_009.jpg,12.0,11.0
64,art_010.jpg,13.0,12.0
64,art_011.jpg,4.0,3.0
64,cat_012.jpg,8.0,7.0
64,cat_013.jpg,4.0,3.0
64,cat_014.jpg,15.0,14.0
64,cat_015.jpg,17.0,16.0
64,ind_016.jpg,11.0,10.0
64,ind_017.jpg,12.0,11.0
64,ind_018.jpg,17.0,16.0
64,ind_019.jpg,18.0,17.0
64,ind_020.jpg,9.0,8.0
64,ind_021.jpg,13.0,12.0
64,ind_022.jpg,14.0,13.0
64,ind_023.jpg,16.0,15.0
64,ind_024.jpg,16.0,15.0
64,ind_025.jpg,16.0,15.0
64,land_026.jpg,16.0,15.0
64,land_027.jpg,15.0,14.0
64,land_028.jpg,9.0,8.0
64,land_029.jpg,13.0,12.0
64,land_030.jpg,14.0,13.0
64,low_031.jpg,13.0,12.0
64,low_032.jpg,10.0,9.0
64,low_033.jpg,15.0,14.0
64,low_034.jpg,14.0,13.0
64,low_035.jpg,14.0,13.0
64,low_036.jpg,15.0,14.0
64,mood_37.jpg,11.0,10.0
64,mood_38.jpg,16.0,15.0
64,mood_39.jpg,15.0,14.0
64,mood_40.jpg,19.0,18.0
64,mood_41.jpg,13.0,12.0
64,mood_42.jpg,15.0,14.0
64,mood_43.jpg,17.0,16.0
64,mood_44.jpg,,
64,mood_45.jpg,16.0,15.0
64,mood_46.jpg,15.0,14.0
64,noi_047.jpg,15.0,14.0
64,noi_048.jpg,15.0,14.0
64,noi_049.jpg,14.0,13.0
64,noi_050.jpg,14.0,13.0
64,noi_051.jpg,13.0,12.0
64,noi_052.jpg,16.0,15.0
64,noi_053.jpg,16.0,15.0
64,outman_054.jpg,13.0,12.0
64,outman_055.jpg,15.0,14.0
64,outman_056.jpg,17.0,16.0
64,outman_057.jpg,15.0,14.0
64,outman_058.jpg,17.0,16.0
64,outman_059.jpg,16.0,15.0
64,outman_060.jpg,16.0,15.0
64,outman_061.jpg,16.0,15.0
64,pat_066.jpg,16.0,15.0
64,pat_067.jpg,6.0,5.0
64,pat_068.jpg,18.0,17.0
64,pat_069.jpg,16.0,15.0
64,pat_070.jpg,16.0,15.0
64,patch_062.jpg,12.0,11.0
64,patch_063.jpg,17.0,16.0
64,patch_064.jpg,16.0,15.0
64,patch_065.jpg,17.0,16.0
64,por_071.jpg,11.0,10.0
64,por_072.jpg,16.0,15.0
64,por_073.jpg,,
64,por_074.jpg,17.0,16.0
64,rand_075.jpg,15.0,14.0
64,rand_076.jpg,14.0,13.0
64,rand_077.jpg,13.0,12.0
64,rand_078.jpg,13.0,12.0
64,rand_079.jpg,19.0,18.0
64,sat_080.jpg,14.0,13.0
64,sat_081.jpg,13.0,12.0
64,sat_082.jpg,16.0,15.0
64,sat_083.jpg,14.0,13.0
64,sat_084.jpg,17.0,16.0
64,sat_085.jpg,14.0,13.0
64,sat_086.jpg,18.0,17.0
64,sat_087.jpg,16.0,15.0
64,soc_088.jpg,16.0,15.0
64,soc_089.jpg,18.0,17.0
64,soc_090.jpg,15.0,14.0
64,soc_091.jpg,16.0,15.0
64,soc_092.jpg,,
64,soc_093.jpg,18.0,17.0
64,soc_094.jpg,18.0,17.0
64,soc_095.jpg,,
64,soc_096.jpg,16.0,15.0
64,soc_097.jpg,17.0,16.0
64,soc_098.jpg,16.0,15.0
64,soc_099.jpg,12.0,11.0
64,soc_100.jpg,15.0,14.0
65,act_001.jpg,13.0,12.0
65,act_002.jpg,5.0,4.0
65,act_003.jpg,12.0,11.0
65,act_004.jpg,7.0,6.0
65,act_005.jpg,12.0,11.0
65,art_006.jpg,12.0,11.0
65,art_007.jpg,15.0,14.0
65,art_008.jpg,12.0,11.0
65,art_009.jpg,12.0,11.0
65,art_010.jpg,11.0,10.0
65,art_011.jpg,12.0,11.0
65,cat_012.jpg,10.0,9.0
65,cat_013.jpg,12.0,11.0
65,cat_014.jpg,17.0,16.0
65,cat_015.jpg,17.0,16.0
65,ind_016.jpg,6.0,5.0
65,ind_017.jpg,14.0,13.0
65,ind_018.jpg,11.0,10.0
65,ind_019.jpg,13.0,12.0
65,ind_020.jpg,11.0,10.0
65,ind_021.jpg,11.0,10.0
65,ind_022.jpg,11.0,10.0
65,ind_023.jpg,8.0,7.0
65,ind_024.jpg,9.0,8.0
65,ind_025.jpg,15.0,14.0
65,land_026.jpg,12.0,11.0
65,land_027.jpg,12.0,11.0
65,land_028.jpg,10.0,9.0
65,land_029.jpg,12.0,11.0
65,land_030.jpg,4.0,3.0
65,low_031.jpg,11.0,10.0
65,low_032.jpg,2.0,1.0
65,low_033.jpg,8.0,7.0
65,low_034.jpg,11.0,10.0
65,low_035.jpg,13.0,12.0
65,low_036.jpg,10.0,9.0
65,mood_37.jpg,13.0,12.0
65,mood_38.jpg,12.0,11.0
65,mood_39.jpg,11.0,10.0
65,mood_40.jpg,18.0,17.0
65,mood_41.jpg,11.0,10.0
65,mood_42.jpg,17.0,16.0
65,mood_43.jpg,13.0,12.0
65,mood_44.jpg,22.0,21.0
65,mood_45.jpg,16.0,15.0
65,mood_46.jpg,12.0,11.0
65,noi_047.jpg,10.0,9.0
65,noi_048.jpg,12.0,11.0
65,noi_049.jpg,9.0,8.0
65,noi_050.jpg,11.0,10.0
65,noi_051.jpg,8.0,7.0
65,noi_052.jpg,8.0,7.0
65,noi_053.jpg,12.0,11.0
65,outman_054.jpg,2.0,1.0
65,outman_055.jpg,13.0,12.0
65,outman_056.jpg,13.0,12.0
65,outman_057.jpg,15.0,14.0
65,outman_058.jpg,12.0,11.0
65,outman_059.jpg,10.0,9.0
65,outman_060.jpg,9.0,8.0
65,outman_061.jpg,10.0,9.0
65,pat_066.jpg,10.0,9.0
65,pat_067.jpg,14.0,13.0
65,pat_068.jpg,15.0,14.0
65,pat_069.jpg,15.0,14.0
65,pat_070.jpg,13.0,12.0
65,patch_062.jpg,14.0,13.0
65,patch_063.jpg,11.0,10.0
65,patch_064.jpg,12.0,11.0
65,patch_065.jpg,10.0,9.0
65,por_071.jpg,9.0,8.0
65,por_072.jpg,12.0,11.0
65,por_073.jpg,14.0,13.0
65,por_074.jpg,10.0,9.0
65,rand_075.jpg,10.0,9.0
65,rand_076.jpg,14.0,13.0
65,rand_077.jpg,11.0,10.0
65,rand_078.jpg,8.0,7.0
65,rand_079.jpg,14.0,13.0
65,sat_080.jpg,8.0,7.0
65,sat_081.jpg,12.0,11.0
65,sat_082.jpg,12.0,11.0
65,sat_083.jpg,9.0,8.0
65,sat_084.jpg,10.0,9.0
65,sat_085.jpg,13.0,12.0
65,sat_086.jpg,12.0,11.0
65,sat_087.jpg,14.0,13.0
65,soc_088.jpg,8.0,7.0
65,soc_089.jpg,13.0,12.0
65,soc_090.jpg,16.0,15.0
65,soc_091.jpg,10.0,9.0
65,soc_092.jpg,12.0,11.0
65,soc_093.jpg,13.0,12.0
65,soc_094.jpg,14.0,13.0
65,soc_095.jpg,13.0,12.0
65,soc_096.jpg,14.0,13.0
65,soc_097.jpg,13.0,12.0
65,soc_098.jpg,10.0,9.0
65,soc_099.jpg,7.0,6.0
65,soc_100.jpg,16.0,15.0
66,act_001.jpg,12.0,11.0
66,act_002.jpg,10.0,9.0
66,act_003.jpg,15.0,14.0
66,act_004.jpg,13.0,12.0
66,act_005.jpg,14.0,13.0
66,art_006.jpg,13.0,12.0
66,art_007.jpg,13.0,12.0
66,art_008.jpg,11.0,10.0
66,art_009.jpg,14.0,13.0
66,art_010.jpg,14.0,13.0
66,art_011.jpg,12.0,11.0
66,cat_012.jpg,16.0,15.0
66,cat_013.jpg,16.0,15.0
66,cat_014.jpg,7.0,6.0
66,cat_015.jpg,12.0,11.0
66,ind_016.jpg,12.0,11.0
66,ind_017.jpg,12.0,11.0
66,ind_018.jpg,13.0,12.0
66,ind_019.jpg,14.0,13.0
66,ind_020.jpg,15.0,14.0
66,ind_021.jpg,12.0,11.0
66,ind_022.jpg,12.0,11.0
66,ind_023.jpg,13.0,12.0
66,ind_024.jpg,15.0,14.0
66,ind_025.jpg,13.0,12.0
66,land_026.jpg,14.0,13.0
66,land_027.jpg,9.0,8.0
66,land_028.jpg,13.0,12.0
66,land_029.jpg,15.0,14.0
66,land_030.jpg,10.0,9.0
66,low_031.jpg,13.0,12.0
66,low_032.jpg,10.0,9.0
66,low_033.jpg,12.0,11.0
66,low_034.jpg,11.0,10.0
66,low_035.jpg,11.0,10.0
66,low_036.jpg,12.0,11.0
66,mood_37.jpg,16.0,15.0
66,mood_38.jpg,16.0,15.0
66,mood_39.jpg,16.0,15.0
66,mood_40.jpg,15.0,14.0
66,mood_41.jpg,18.0,17.0
66,mood_42.jpg,13.0,12.0
66,mood_43.jpg,17.0,16.0
66,mood_44.jpg,13.0,12.0
66,mood_45.jpg,12.0,11.0
66,mood_46.jpg,14.0,13.0
66,noi_047.jpg,12.0,11.0
66,noi_048.jpg,10.0,9.0
66,noi_049.jpg,10.0,9.0
66,noi_050.jpg,12.0,11.0
66,noi_051.jpg,10.0,9.0
66,noi_052.jpg,10.0,9.0
66,noi_053.jpg,14.0,13.0
66,outman_054.jpg,15.0,14.0
66,outman_055.jpg,13.0,12.0
66,outman_056.jpg,10.0,9.0
66,outman_057.jpg,14.0,13.0
66,outman_058.jpg,13.0,12.0
66,outman_059.jpg,13.0,12.0
66,outman_060.jpg,13.0,12.0
66,outman_061.jpg,13.0,12.0
66,pat_066.jpg,12.0,11.0
66,pat_067.jpg,16.0,15.0
66,pat_068.jpg,14.0,13.0
66,pat_069.jpg,7.0,6.0
66,pat_070.jpg,12.0,11.0
66,patch_062.jpg,13.0,12.0
66,patch_063.jpg,13.0,12.0
66,patch_064.jpg,10.0,9.0
66,patch_065.jpg,11.0,10.0
66,por_071.jpg,15.0,14.0
66,por_072.jpg,11.0,10.0
66,por_073.jpg,15.0,14.0
66,por_074.jpg,15.0,14.0
66,rand_075.jpg,12.0,11.0
66,rand_076.jpg,12.0,11.0
66,rand_077.jpg,10.0,9.0
66,rand_078.jpg,,
66,rand_079.jpg,13.0,12.0
66,sat_080.jpg,14.0,13.0
66,sat_081.jpg,10.0,9.0
66,sat_082.jpg,15.0,14.0
66,sat_083.jpg,13.0,12.0
66,sat_084.jpg,15.0,14.0
66,sat_085.jpg,14.0,13.0
66,sat_086.jpg,15.0,14.0
66,sat_087.jpg,12.0,11.0
66,soc_088.jpg,14.0,13.0
66,soc_089.jpg,16.0,15.0
66,soc_090.jpg,11.0,10.0
66,soc_091.jpg,10.0,9.0
66,soc_092.jpg,11.0,10.0
66,soc_093.jpg,14.0,13.0
66,soc_094.jpg,13.0,12.0
66,soc_095.jpg,14.0,13.0
66,soc_096.jpg,12.0,11.0
66,soc_097.jpg,15.0,14.0
66,soc_098.jpg,12.0,11.0
66,soc_099.jpg,15.0,14.0
66,soc_100.jpg,11.0,10.0
68,act_001.jpg,20.0,19.0
68,act_002.jpg,17.0,16.0
68,act_003.jpg,19.0,18.0
68,act_004.jpg,18.0,17.0
68,act_005.jpg,15.0,14.0
68,art_006.jpg,16.0,15.0
68,art_007.jpg,19.0,18.0
68,art_008.jpg,17.0,16.0
68,art_009.jpg,15.0,14.0
68,art_010.jpg,19.0,18.0
68,art_011.jpg,15.0,14.0
68,cat_012.jpg,17.0,16.0
68,cat_013.jpg,19.0,18.0
68,cat_014.jpg,21.0,20.0
68,cat_015.jpg,19.0,18.0
68,ind_016.jpg,16.0,15.0
68,ind_017.jpg,17.0,16.0
68,ind_018.jpg,13.0,12.0
68,ind_019.jpg,17.0,16.0
68,ind_020.jpg,19.0,18.0
68,ind_021.jpg,20.0,19.0
68,ind_022.jpg,18.0,17.0
68,ind_023.jpg,18.0,17.0
68,ind_024.jpg,17.0,16.0
68,ind_025.jpg,15.0,14.0
68,land_026.jpg,20.0,19.0
68,land_027.jpg,21.0,20.0
68,land_028.jpg,17.0,16.0
68,land_029.jpg,17.0,16.0
68,land_030.jpg,18.0,17.0
68,low_031.jpg,16.0,15.0
68,low_032.jpg,16.0,15.0
68,low_033.jpg,15.0,14.0
68,low_034.jpg,15.0,14.0
68,low_035.jpg,17.0,16.0
68,low_036.jpg,14.0,13.0
68,mood_37.jpg,19.0,18.0
68,mood_38.jpg,18.0,17.0
68,mood_39.jpg,22.0,21.0
68,mood_40.jpg,15.0,14.0
68,mood_41.jpg,18.0,17.0
68,mood_42.jpg,18.0,17.0
68,mood_43.jpg,17.0,16.0
68,mood_44.jpg,19.0,18.0
68,mood_45.jpg,18.0,17.0
68,mood_46.jpg,18.0,17.0
68,noi_047.jpg,20.0,19.0
68,noi_048.jpg,16.0,15.0
68,noi_049.jpg,18.0,17.0
68,noi_050.jpg,13.0,12.0
68,noi_051.jpg,15.0,14.0
68,noi_052.jpg,18.0,17.0
68,noi_053.jpg,19.0,18.0
68,outman_054.jpg,17.0,16.0
68,outman_055.jpg,19.0,18.0
68,outman_056.jpg,18.0,17.0
68,outman_057.jpg,19.0,18.0
68,outman_058.jpg,15.0,14.0
68,outman_059.jpg,18.0,17.0
68,outman_060.jpg,17.0,16.0
68,outman_061.jpg,18.0,17.0
68,pat_066.jpg,17.0,16.0
68,pat_067.jpg,16.0,15.0
68,pat_068.jpg,17.0,16.0
68,pat_069.jpg,16.0,15.0
68,pat_070.jpg,18.0,17.0
68,patch_062.jpg,15.0,14.0
68,patch_063.jpg,16.0,15.0
68,patch_064.jpg,19.0,18.0
68,patch_065.jpg,18.0,17.0
68,por_071.jpg,17.0,16.0
68,por_072.jpg,16.0,15.0
68,por_073.jpg,11.0,10.0
68,por_074.jpg,18.0,17.0
68,rand_075.jpg,17.0,16.0
68,rand_076.jpg,18.0,17.0
68,rand_077.jpg,19.0,18.0
68,rand_078.jpg,17.0,16.0
68,rand_079.jpg,18.0,17.0
68,sat_080.jpg,18.0,17.0
68,sat_081.jpg,16.0,15.0
68,sat_082.jpg,17.0,16.0
68,sat_083.jpg,20.0,19.0
68,sat_084.jpg,19.0,18.0
68,sat_085.jpg,19.0,18.0
68,sat_086.jpg,16.0,15.0
68,sat_087.jpg,12.0,11.0
68,soc_088.jpg,16.0,15.0
68,soc_089.jpg,19.0,18.0
68,soc_090.jpg,19.0,18.0
68,soc_091.jpg,19.0,18.0
68,soc_092.jpg,19.0,18.0
68,soc_093.jpg,17.0,16.0
68,soc_094.jpg,16.0,15.0
68,soc_095.jpg,16.0,15.0
68,soc_096.jpg,19.0,18.0
68,soc_097.jpg,17.0,16.0
68,soc_098.jpg,18.0,17.0
68,soc_099.jpg,16.0,15.0
68,soc_100.jpg,19.0,18.0
69,act_001.jpg,5.0,4.0
69,act_002.jpg,5.0,4.0
69,act_003.jpg,17.0,16.0
69,act_004.jpg,1.0,0.0
69,act_005.jpg,14.0,13.0
69,art_006.jpg,16.0,15.0
69,art_007.jpg,6.0,5.0
69,art_008.jpg,3.0,2.0
69,art_009.jpg,17.0,16.0
69,art_010.jpg,2.0,1.0
69,art_011.jpg,13.0,12.0
69,cat_012.jpg,16.0,15.0
69,cat_013.jpg,11.0,10.0
69,cat_014.jpg,10.0,9.0
69,cat_015.jpg,2.0,1.0
69,ind_016.jpg,4.0,3.0
69,ind_017.jpg,15.0,14.0
69,ind_018.jpg,18.0,17.0
69,ind_019.jpg,13.0,12.0
69,ind_020.jpg,7.0,6.0
69,ind_021.jpg,18.0,17.0
69,ind_022.jpg,11.0,10.0
69,ind_023.jpg,19.0,18.0
69,ind_024.jpg,6.0,5.0
69,ind_025.jpg,10.0,9.0
69,land_026.jpg,1.0,0.0
69,land_027.jpg,2.0,1.0
69,land_028.jpg,17.0,16.0
69,land_029.jpg,1.0,0.0
69,land_030.jpg,9.0,8.0
69,low_031.jpg,15.0,14.0
69,low_032.jpg,2.0,1.0
69,low_033.jpg,18.0,17.0
69,low_034.jpg,12.0,11.0
69,low_035.jpg,15.0,14.0
69,low_036.jpg,5.0,4.0
69,mood_37.jpg,16.0,15.0
69,mood_38.jpg,3.0,2.0
69,mood_39.jpg,8.0,7.0
69,mood_40.jpg,14.0,13.0
69,mood_41.jpg,11.0,10.0
69,mood_42.jpg,13.0,12.0
69,mood_43.jpg,16.0,15.0
69,mood_44.jpg,10.0,9.0
69,mood_45.jpg,15.0,14.0
69,mood_46.jpg,15.0,14.0
69,noi_047.jpg,7.0,6.0
69,noi_048.jpg,4.0,3.0
69,noi_049.jpg,2.0,1.0
69,noi_050.jpg,19.0,18.0
69,noi_051.jpg,15.0,14.0
69,noi_052.jpg,3.0,2.0
69,noi_053.jpg,13.0,12.0
69,outman_054.jpg,1.0,0.0
69,outman_055.jpg,16.0,15.0
69,outman_056.jpg,11.0,10.0
69,outman_057.jpg,10.0,9.0
69,outman_058.jpg,10.0,9.0
69,outman_059.jpg,17.0,16.0
69,outman_060.jpg,12.0,11.0
69,outman_061.jpg,11.0,10.0
69,pat_066.jpg,1.0,0.0
69,pat_067.jpg,10.0,9.0
69,pat_068.jpg,18.0,17.0
69,pat_069.jpg,16.0,15.0
69,pat_070.jpg,6.0,5.0
69,patch_062.jpg,5.0,4.0
69,patch_063.jpg,1.0,0.0
69,patch_064.jpg,2.0,1.0
69,patch_065.jpg,12.0,11.0
69,por_071.jpg,4.0,3.0
69,por_072.jpg,7.0,6.0
69,por_073.jpg,4.0,3.0
69,por_074.jpg,14.0,13.0
69,rand_075.jpg,,
69,rand_076.jpg,13.0,12.0
69,rand_077.jpg,,
69,rand_078.jpg,2.0,1.0
69,rand_079.jpg,18.0,17.0
69,sat_080.jpg,6.0,5.0
69,sat_081.jpg,11.0,10.0
69,sat_082.jpg,18.0,17.0
69,sat_083.jpg,16.0,15.0
69,sat_084.jpg,22.0,21.0
69,sat_085.jpg,1.0,0.0
69,sat_086.jpg,20.0,19.0
69,sat_087.jpg,,
69,soc_088.jpg,12.0,11.0
69,soc_089.jpg,18.0,17.0
69,soc_090.jpg,13.0,12.0
69,soc_091.jpg,7.0,6.0
69,soc_092.jpg,12.0,11.0
69,soc_093.jpg,11.0,10.0
69,soc_094.jpg,9.0,8.0
69,soc_095.jpg,5.0,4.0
69,soc_096.jpg,16.0,15.0
69,soc_097.jpg,7.0,6.0
69,soc_098.jpg,12.0,11.0
69,soc_099.jpg,15.0,14.0
69,soc_100.jpg,11.0,10.0
70,act_001.jpg,13.0,12.0
70,act_002.jpg,10.0,9.0
70,act_003.jpg,12.0,11.0
70,act_004.jpg,12.0,11.0
70,act_005.jpg,9.0,8.0
70,art_006.jpg,16.0,15.0
70,art_007.jpg,12.0,11.0
70,art_008.jpg,15.0,14.0
70,art_009.jpg,14.0,13.0
70,art_010.jpg,15.0,14.0
70,art_011.jpg,12.0,11.0
70,cat_012.jpg,14.0,13.0
70,cat_013.jpg,13.0,12.0
70,cat_014.jpg,15.0,14.0
70,cat_015.jpg,11.0,10.0
70,ind_016.jpg,14.0,13.0
70,ind_017.jpg,15.0,14.0
70,ind_018.jpg,16.0,15.0
70,ind_019.jpg,14.0,13.0
70,ind_020.jpg,13.0,12.0
70,ind_021.jpg,17.0,16.0
70,ind_022.jpg,15.0,14.0
70,ind_023.jpg,11.0,10.0
70,ind_024.jpg,16.0,15.0
70,ind_025.jpg,15.0,14.0
70,land_026.jpg,17.0,16.0
70,land_027.jpg,13.0,12.0
70,land_028.jpg,12.0,11.0
70,land_029.jpg,11.0,10.0
70,land_030.jpg,14.0,13.0
70,low_031.jpg,8.0,7.0
70,low_032.jpg,12.0,11.0
70,low_033.jpg,15.0,14.0
70,low_034.jpg,9.0,8.0
70,low_035.jpg,15.0,14.0
70,low_036.jpg,9.0,8.0
70,mood_37.jpg,12.0,11.0
70,mood_38.jpg,15.0,14.0
70,mood_39.jpg,13.0,12.0
70,mood_40.jpg,15.0,14.0
70,mood_41.jpg,13.0,12.0
70,mood_42.jpg,18.0,17.0
70,mood_43.jpg,15.0,14.0
70,mood_44.jpg,13.0,12.0
70,mood_45.jpg,16.0,15.0
70,mood_46.jpg,10.0,9.0
70,noi_047.jpg,12.0,11.0
70,noi_048.jpg,11.0,10.0
70,noi_049.jpg,8.0,7.0
70,noi_050.jpg,9.0,8.0
70,noi_051.jpg,13.0,12.0
70,noi_052.jpg,13.0,12.0
70,noi_053.jpg,17.0,16.0
70,outman_054.jpg,13.0,12.0
70,outman_055.jpg,12.0,11.0
70,outman_056.jpg,15.0,14.0
70,outman_057.jpg,12.0,11.0
70,outman_058.jpg,15.0,14.0
70,outman_059.jpg,12.0,11.0
70,outman_060.jpg,13.0,12.0
70,outman_061.jpg,12.0,11.0
70,pat_066.jpg,17.0,16.0
70,pat_067.jpg,11.0,10.0
70,pat_068.jpg,11.0,10.0
70,pat_069.jpg,14.0,13.0
70,pat_070.jpg,16.0,15.0
70,patch_062.jpg,15.0,14.0
70,patch_063.jpg,15.0,14.0
70,patch_064.jpg,12.0,11.0
70,patch_065.jpg,15.0,14.0
70,por_071.jpg,15.0,14.0
70,por_072.jpg,10.0,9.0
70,por_073.jpg,8.0,7.0
70,por_074.jpg,11.0,10.0
70,rand_075.jpg,12.0,11.0
70,rand_076.jpg,15.0,14.0
70,rand_077.jpg,12.0,11.0
70,rand_078.jpg,9.0,8.0
70,rand_079.jpg,13.0,12.0
70,sat_080.jpg,12.0,11.0
70,sat_081.jpg,12.0,11.0
70,sat_082.jpg,17.0,16.0
70,sat_083.jpg,15.0,14.0
70,sat_084.jpg,7.0,6.0
70,sat_085.jpg,16.0,15.0
70,sat_086.jpg,12.0,11.0
70,sat_087.jpg,8.0,7.0
70,soc_088.jpg,10.0,9.0
70,soc_089.jpg,14.0,13.0
70,soc_090.jpg,9.0,8.0
70,soc_091.jpg,14.0,13.0
70,soc_092.jpg,12.0,11.0
70,soc_093.jpg,12.0,11.0
70,soc_094.jpg,16.0,15.0
70,soc_095.jpg,12.0,11.0
70,soc_096.jpg,10.0,9.0
70,soc_097.jpg,14.0,13.0
70,soc_098.jpg,14.0,13.0
70,soc_099.jpg,11.0,10.0
70,soc_100.jpg,9.0,8.0
71,act_001.jpg,17.0,16.0
71,act_002.jpg,18.0,17.0
71,act_003.jpg,17.0,16.0
71,act_004.jpg,14.0,13.0
71,act_005.jpg,17.0,16.0
71,art_006.jpg,13.0,12.0
71,art_007.jpg,18.0,17.0
71,art_008.jpg,13.0,12.0
71,art_009.jpg,16.0,15.0
71,art_010.jpg,15.0,14.0
71,art_011.jpg,17.0,16.0
71,cat_012.jpg,17.0,16.0
71,cat_013.jpg,15.0,14.0
71,cat_014.jpg,11.0,10.0
71,cat_015.jpg,16.0,15.0
71,ind_016.jpg,11.0,10.0
71,ind_017.jpg,16.0,15.0
71,ind_018.jpg,16.0,15.0
71,ind_019.jpg,19.0,18.0
71,ind_020.jpg,17.0,16.0
71,ind_021.jpg,17.0,16.0
71,ind_022.jpg,16.0,15.0
71,ind_023.jpg,18.0,17.0
71,ind_024.jpg,16.0,15.0
71,ind_025.jpg,17.0,16.0
71,land_026.jpg,16.0,15.0
71,land_027.jpg,12.0,11.0
71,land_028.jpg,16.0,15.0
71,land_029.jpg,16.0,15.0
71,land_030.jpg,17.0,16.0
71,low_031.jpg,14.0,13.0
71,low_032.jpg,15.0,14.0
71,low_033.jpg,17.0,16.0
71,low_034.jpg,17.0,16.0
71,low_035.jpg,19.0,18.0
71,low_036.jpg,13.0,12.0
71,mood_37.jpg,17.0,16.0
71,mood_38.jpg,16.0,15.0
71,mood_39.jpg,19.0,18.0
71,mood_40.jpg,16.0,15.0
71,mood_41.jpg,17.0,16.0
71,mood_42.jpg,16.0,15.0
71,mood_43.jpg,16.0,15.0
71,mood_44.jpg,18.0,17.0
71,mood_45.jpg,18.0,17.0
71,mood_46.jpg,17.0,16.0
71,noi_047.jpg,16.0,15.0
71,noi_048.jpg,15.0,14.0
71,noi_049.jpg,15.0,14.0
71,noi_050.jpg,15.0,14.0
71,noi_051.jpg,18.0,17.0
71,noi_052.jpg,15.0,14.0
71,noi_053.jpg,15.0,14.0
71,outman_054.jpg,15.0,14.0
71,outman_055.jpg,14.0,13.0
71,outman_056.jpg,14.0,13.0
71,outman_057.jpg,19.0,18.0
71,outman_058.jpg,14.0,13.0
71,outman_059.jpg,14.0,13.0
71,outman_060.jpg,13.0,12.0
71,outman_061.jpg,15.0,14.0
71,pat_066.jpg,17.0,16.0
71,pat_067.jpg,17.0,16.0
71,pat_068.jpg,16.0,15.0
71,pat_069.jpg,19.0,18.0
71,pat_070.jpg,18.0,17.0
71,patch_062.jpg,19.0,18.0
71,patch_063.jpg,15.0,14.0
71,patch_064.jpg,13.0,12.0
71,patch_065.jpg,17.0,16.0
71,por_071.jpg,18.0,17.0
71,por_072.jpg,15.0,14.0
71,por_073.jpg,16.0,15.0
71,por_074.jpg,17.0,16.0
71,rand_075.jpg,16.0,15.0
71,rand_076.jpg,18.0,17.0
71,rand_077.jpg,18.0,17.0
71,rand_078.jpg,17.0,16.0
71,rand_079.jpg,15.0,14.0
71,sat_080.jpg,16.0,15.0
71,sat_081.jpg,16.0,15.0
71,sat_082.jpg,17.0,16.0
71,sat_083.jpg,17.0,16.0
71,sat_084.jpg,17.0,16.0
71,sat_085.jpg,15.0,14.0
71,sat_086.jpg,18.0,17.0
71,sat_087.jpg,16.0,15.0
71,soc_088.jpg,19.0,18.0
71,soc_089.jpg,17.0,16.0
71,soc_090.jpg,14.0,13.0
71,soc_091.jpg,13.0,12.0
71,soc_092.jpg,14.0,13.0
71,soc_093.jpg,15.0,14.0
71,soc_094.jpg,15.0,14.0
71,soc_095.jpg,15.0,14.0
71,soc_096.jpg,14.0,13.0
71,soc_097.jpg,19.0,18.0
71,soc_098.jpg,15.0,14.0
71,soc_099.jpg,19.0,18.0
71,soc_100.jpg,18.0,17.0
72,act_001.jpg,19.0,18.0
72,act_002.jpg,22.0,21.0
72,act_003.jpg,22.0,21.0
72,act_004.jpg,19.0,18.0
72,act_005.jpg,18.0,17.0
72,art_006.jpg,14.0,13.0
72,art_007.jpg,20.0,19.0
72,art_008.jpg,17.0,16.0
72,art_009.jpg,21.0,20.0
72,art_010.jpg,15.0,14.0
72,art_011.jpg,19.0,18.0
72,cat_012.jpg,18.0,17.0
72,cat_013.jpg,21.0,20.0
72,cat_014.jpg,20.0,19.0
72,cat_015.jpg,20.0,19.0
72,ind_016.jpg,15.0,14.0
72,ind_017.jpg,17.0,16.0
72,ind_018.jpg,18.0,17.0
72,ind_019.jpg,17.0,16.0
72,ind_020.jpg,13.0,12.0
72,ind_021.jpg,19.0,18.0
72,ind_022.jpg,20.0,19.0
72,ind_023.jpg,15.0,14.0
72,ind_024.jpg,20.0,19.0
72,ind_025.jpg,20.0,19.0
72,land_026.jpg,10.0,9.0
72,land_027.jpg,17.0,16.0
72,land_028.jpg,19.0,18.0
72,land_029.jpg,15.0,14.0
72,land_030.jpg,15.0,14.0
72,low_031.jpg,17.0,16.0
72,low_032.jpg,16.0,15.0
72,low_033.jpg,16.0,15.0
72,low_034.jpg,13.0,12.0
72,low_035.jpg,15.0,14.0
72,low_036.jpg,16.0,15.0
72,mood_37.jpg,23.0,22.0
72,mood_38.jpg,20.0,19.0
72,mood_39.jpg,22.0,21.0
72,mood_40.jpg,18.0,17.0
72,mood_41.jpg,21.0,20.0
72,mood_42.jpg,18.0,17.0
72,mood_43.jpg,23.0,22.0
72,mood_44.jpg,20.0,19.0
72,mood_45.jpg,19.0,18.0
72,mood_46.jpg,21.0,20.0
72,noi_047.jpg,17.0,16.0
72,noi_048.jpg,14.0,13.0
72,noi_049.jpg,22.0,21.0
72,noi_050.jpg,18.0,17.0
72,noi_051.jpg,13.0,12.0
72,noi_052.jpg,16.0,15.0
72,noi_053.jpg,19.0,18.0
72,outman_054.jpg,15.0,14.0
72,outman_055.jpg,21.0,20.0
72,outman_056.jpg,17.0,16.0
72,outman_057.jpg,16.0,15.0
72,outman_058.jpg,16.0,15.0
72,outman_059.jpg,18.0,17.0
72,outman_060.jpg,18.0,17.0
72,outman_061.jpg,18.0,17.0
72,pat_066.jpg,16.0,15.0
72,pat_067.jpg,15.0,14.0
72,pat_068.jpg,19.0,18.0
72,pat_069.jpg,11.0,10.0
72,pat_070.jpg,17.0,16.0
72,patch_062.jpg,13.0,12.0
72,patch_063.jpg,20.0,19.0
72,patch_064.jpg,18.0,17.0
72,patch_065.jpg,21.0,20.0
72,por_071.jpg,20.0,19.0
72,por_072.jpg,13.0,12.0
72,por_073.jpg,19.0,18.0
72,por_074.jpg,17.0,16.0
72,rand_075.jpg,19.0,18.0
72,rand_076.jpg,18.0,17.0
72,rand_077.jpg,12.0,11.0
72,rand_078.jpg,19.0,18.0
72,rand_079.jpg,19.0,18.0
72,sat_080.jpg,13.0,12.0
72,sat_081.jpg,18.0,17.0
72,sat_082.jpg,17.0,16.0
72,sat_083.jpg,21.0,20.0
72,sat_084.jpg,16.0,15.0
72,sat_085.jpg,20.0,19.0
72,sat_086.jpg,19.0,18.0
72,sat_087.jpg,18.0,17.0
72,soc_088.jpg,17.0,16.0
72,soc_089.jpg,22.0,21.0
72,soc_090.jpg,17.0,16.0
72,soc_091.jpg,22.0,21.0
72,soc_092.jpg,17.0,16.0
72,soc_093.jpg,16.0,15.0
72,soc_094.jpg,20.0,19.0
72,soc_095.jpg,18.0,17.0
72,soc_096.jpg,18.0,17.0
72,soc_097.jpg,18.0,17.0
72,soc_098.jpg,21.0,20.0
72,soc_099.jpg,21.0,20.0
72,soc_100.jpg,14.0,13.0
73,act_001.jpg,16.0,15.0
73,act_002.jpg,19.0,18.0
73,act_003.jpg,20.0,19.0
73,act_004.jpg,17.0,16.0
73,act_005.jpg,19.0,18.0
73,art_006.jpg,16.0,15.0
73,art_007.jpg,18.0,17.0
73,art_008.jpg,18.0,17.0
73,art_009.jpg,15.0,14.0
73,art_010.jpg,14.0,13.0
73,art_011.jpg,18.0,17.0
73,cat_012.jpg,19.0,18.0
73,cat_013.jpg,15.0,14.0
73,cat_014.jpg,16.0,15.0
73,cat_015.jpg,20.0,19.0
73,ind_016.jpg,15.0,14.0
73,ind_017.jpg,18.0,17.0
73,ind_018.jpg,16.0,15.0
73,ind_019.jpg,19.0,18.0
73,ind_020.jpg,19.0,18.0
73,ind_021.jpg,18.0,17.0
73,ind_022.jpg,18.0,17.0
73,ind_023.jpg,15.0,14.0
73,ind_024.jpg,22.0,21.0
73,ind_025.jpg,18.0,17.0
73,land_026.jpg,16.0,15.0
73,land_027.jpg,15.0,14.0
73,land_028.jpg,12.0,11.0
73,land_029.jpg,18.0,17.0
73,land_030.jpg,13.0,12.0
73,low_031.jpg,14.0,13.0
73,low_032.jpg,15.0,14.0
73,low_033.jpg,15.0,14.0
73,low_034.jpg,16.0,15.0
73,low_035.jpg,18.0,17.0
73,low_036.jpg,16.0,15.0
73,mood_37.jpg,18.0,17.0
73,mood_38.jpg,17.0,16.0
73,mood_39.jpg,20.0,19.0
73,mood_40.jpg,13.0,12.0
73,mood_41.jpg,16.0,15.0
73,mood_42.jpg,18.0,17.0
73,mood_43.jpg,17.0,16.0
73,mood_44.jpg,19.0,18.0
73,mood_45.jpg,17.0,16.0
73,mood_46.jpg,16.0,15.0
73,noi_047.jpg,14.0,13.0
73,noi_048.jpg,14.0,13.0
73,noi_049.jpg,15.0,14.0
73,noi_050.jpg,16.0,15.0
73,noi_051.jpg,16.0,15.0
73,noi_052.jpg,15.0,14.0
73,noi_053.jpg,16.0,15.0
73,outman_054.jpg,14.0,13.0
73,outman_055.jpg,16.0,15.0
73,outman_056.jpg,16.0,15.0
73,outman_057.jpg,16.0,15.0
73,outman_058.jpg,17.0,16.0
73,outman_059.jpg,15.0,14.0
73,outman_060.jpg,16.0,15.0
73,outman_061.jpg,15.0,14.0
73,pat_066.jpg,17.0,16.0
73,pat_067.jpg,17.0,16.0
73,pat_068.jpg,12.0,11.0
73,pat_069.jpg,13.0,12.0
73,pat_070.jpg,21.0,20.0
73,patch_062.jpg,17.0,16.0
73,patch_063.jpg,20.0,19.0
73,patch_064.jpg,16.0,15.0
73,patch_065.jpg,17.0,16.0
73,por_071.jpg,13.0,12.0
73,por_072.jpg,15.0,14.0
73,por_073.jpg,15.0,14.0
73,por_074.jpg,15.0,14.0
73,rand_075.jpg,18.0,17.0
73,rand_076.jpg,22.0,21.0
73,rand_077.jpg,13.0,12.0
73,rand_078.jpg,16.0,15.0
73,rand_079.jpg,13.0,12.0
73,sat_080.jpg,11.0,10.0
73,sat_081.jpg,18.0,17.0
73,sat_082.jpg,15.0,14.0
73,sat_083.jpg,19.0,18.0
73,sat_084.jpg,19.0,18.0
73,sat_085.jpg,8.0,7.0
73,sat_086.jpg,12.0,11.0
73,sat_087.jpg,16.0,15.0
73,soc_088.jpg,5.0,4.0
73,soc_089.jpg,17.0,16.0
73,soc_090.jpg,9.0,8.0
73,soc_091.jpg,15.0,14.0
73,soc_092.jpg,16.0,15.0
73,soc_093.jpg,15.0,14.0
73,soc_094.jpg,15.0,14.0
73,soc_095.jpg,17.0,16.0
73,soc_096.jpg,13.0,12.0
73,soc_097.jpg,19.0,18.0
73,soc_098.jpg,13.0,12.0
73,soc_099.jpg,16.0,15.0
73,soc_100.jpg,19.0,18.0
77,act_001.jpg,19.0,18.0
77,act_002.jpg,21.0,20.0
77,act_003.jpg,21.0,20.0
77,act_004.jpg,17.0,16.0
77,act_005.jpg,19.0,18.0
77,art_006.jpg,16.0,15.0
77,art_007.jpg,19.0,18.0
77,art_008.jpg,18.0,17.0
77,art_009.jpg,19.0,18.0
77,art_010.jpg,17.0,16.0
77,art_011.jpg,11.0,10.0
77,cat_012.jpg,14.0,13.0
77,cat_013.jpg,19.0,18.0
77,cat_014.jpg,19.0,18.0
77,cat_015.jpg,18.0,17.0
77,ind_016.jpg,16.0,15.0
77,ind_017.jpg,16.0,15.0
77,ind_018.jpg,19.0,18.0
77,ind_019.jpg,18.0,17.0
77,ind_020.jpg,18.0,17.0
77,ind_021.jpg,19.0,18.0
77,ind_022.jpg,18.0,17.0
77,ind_023.jpg,17.0,16.0
77,ind_024.jpg,18.0,17.0
77,ind_025.jpg,16.0,15.0
77,land_026.jpg,14.0,13.0
77,land_027.jpg,21.0,20.0
77,land_028.jpg,18.0,17.0
77,land_029.jpg,15.0,14.0
77,land_030.jpg,17.0,16.0
77,low_031.jpg,19.0,18.0
77,low_032.jpg,16.0,15.0
77,low_033.jpg,18.0,17.0
77,low_034.jpg,17.0,16.0
77,low_035.jpg,18.0,17.0
77,low_036.jpg,20.0,19.0
77,mood_37.jpg,17.0,16.0
77,mood_38.jpg,20.0,19.0
77,mood_39.jpg,22.0,21.0
77,mood_40.jpg,20.0,19.0
77,mood_41.jpg,19.0,18.0
77,mood_42.jpg,17.0,16.0
77,mood_43.jpg,19.0,18.0
77,mood_44.jpg,19.0,18.0
77,mood_45.jpg,15.0,14.0
77,mood_46.jpg,19.0,18.0
77,noi_047.jpg,17.0,16.0
77,noi_048.jpg,18.0,17.0
77,noi_049.jpg,14.0,13.0
77,noi_050.jpg,17.0,16.0
77,noi_051.jpg,14.0,13.0
77,noi_052.jpg,18.0,17.0
77,noi_053.jpg,19.0,18.0
77,outman_054.jpg,17.0,16.0
77,outman_055.jpg,10.0,9.0
77,outman_056.jpg,18.0,17.0
77,outman_057.jpg,17.0,16.0
77,outman_058.jpg,19.0,18.0
77,outman_059.jpg,16.0,15.0
77,outman_060.jpg,14.0,13.0
77,outman_061.jpg,15.0,14.0
77,pat_066.jpg,11.0,10.0
77,pat_067.jpg,16.0,15.0
77,pat_068.jpg,18.0,17.0
77,pat_069.jpg,19.0,18.0
77,pat_070.jpg,20.0,19.0
77,patch_062.jpg,19.0,18.0
77,patch_063.jpg,16.0,15.0
77,patch_064.jpg,18.0,17.0
77,patch_065.jpg,18.0,17.0
77,por_071.jpg,17.0,16.0
77,por_072.jpg,17.0,16.0
77,por_073.jpg,18.0,17.0
77,por_074.jpg,19.0,18.0
77,rand_075.jpg,14.0,13.0
77,rand_076.jpg,17.0,16.0
77,rand_077.jpg,17.0,16.0
77,rand_078.jpg,17.0,16.0
77,rand_079.jpg,19.0,18.0
77,sat_080.jpg,18.0,17.0
77,sat_081.jpg,19.0,18.0
77,sat_082.jpg,18.0,17.0
77,sat_083.jpg,19.0,18.0
77,sat_084.jpg,18.0,17.0
77,sat_085.jpg,17.0,16.0
77,sat_086.jpg,16.0,15.0
77,sat_087.jpg,18.0,17.0
77,soc_088.jpg,17.0,16.0
77,soc_089.jpg,21.0,20.0
77,soc_090.jpg,20.0,19.0
77,soc_091.jpg,17.0,16.0
77,soc_092.jpg,18.0,17.0
77,soc_093.jpg,20.0,19.0
77,soc_094.jpg,20.0,19.0
77,soc_095.jpg,17.0,16.0
77,soc_096.jpg,20.0,19.0
77,soc_097.jpg,19.0,18.0
77,soc_098.jpg,19.0,18.0
77,soc_099.jpg,21.0,20.0
77,soc_100.jpg,19.0,18.0
79,act_001.jpg,9.0,8.0
79,act_002.jpg,12.0,11.0
79,act_003.jpg,14.0,13.0
79,act_004.jpg,9.0,8.0
79,act_005.jpg,13.0,12.0
79,art_006.jpg,3.0,2.0
79,art_007.jpg,9.0,8.0
79,art_008.jpg,11.0,10.0
79,art_009.jpg,14.0,13.0
79,art_010.jpg,13.0,12.0
79,art_011.jpg,12.0,11.0
79,cat_012.jpg,12.0,11.0
79,cat_013.jpg,8.0,7.0
79,cat_014.jpg,13.0,12.0
79,cat_015.jpg,12.0,11.0
79,ind_016.jpg,15.0,14.0
79,ind_017.jpg,13.0,12.0
79,ind_018.jpg,13.0,12.0
79,ind_019.jpg,14.0,13.0
79,ind_020.jpg,14.0,13.0
79,ind_021.jpg,13.0,12.0
79,ind_022.jpg,6.0,5.0
79,ind_023.jpg,15.0,14.0
79,ind_024.jpg,9.0,8.0
79,ind_025.jpg,2.0,1.0
79,land_026.jpg,1.0,0.0
79,land_027.jpg,12.0,11.0
79,land_028.jpg,13.0,12.0
79,land_029.jpg,10.0,9.0
79,land_030.jpg,11.0,10.0
79,low_031.jpg,14.0,13.0
79,low_032.jpg,6.0,5.0
79,low_033.jpg,8.0,7.0
79,low_034.jpg,7.0,6.0
79,low_035.jpg,9.0,8.0
79,low_036.jpg,4.0,3.0
79,mood_37.jpg,17.0,16.0
79,mood_38.jpg,15.0,14.0
79,mood_39.jpg,17.0,16.0
79,mood_40.jpg,16.0,15.0
79,mood_41.jpg,15.0,14.0
79,mood_42.jpg,7.0,6.0
79,mood_43.jpg,16.0,15.0
79,mood_44.jpg,13.0,12.0
79,mood_45.jpg,14.0,13.0
79,mood_46.jpg,11.0,10.0
79,noi_047.jpg,13.0,12.0
79,noi_048.jpg,11.0,10.0
79,noi_049.jpg,14.0,13.0
79,noi_050.jpg,11.0,10.0
79,noi_051.jpg,5.0,4.0
79,noi_052.jpg,7.0,6.0
79,noi_053.jpg,5.0,4.0
79,outman_054.jpg,11.0,10.0
79,outman_055.jpg,1.0,0.0
79,outman_056.jpg,15.0,14.0
79,outman_057.jpg,13.0,12.0
79,outman_058.jpg,10.0,9.0
79,outman_059.jpg,16.0,15.0
79,outman_060.jpg,8.0,7.0
79,outman_061.jpg,18.0,17.0
79,pat_066.jpg,13.0,12.0
79,pat_067.jpg,14.0,13.0
79,pat_068.jpg,12.0,11.0
79,pat_069.jpg,9.0,8.0
79,pat_070.jpg,16.0,15.0
79,patch_062.jpg,10.0,9.0
79,patch_063.jpg,9.0,8.0
79,patch_064.jpg,13.0,12.0
79,patch_065.jpg,16.0,15.0
79,por_071.jpg,4.0,3.0
79,por_072.jpg,14.0,13.0
79,por_073.jpg,15.0,14.0
79,por_074.jpg,10.0,9.0
79,rand_075.jpg,14.0,13.0
79,rand_076.jpg,12.0,11.0
79,rand_077.jpg,14.0,13.0
79,rand_078.jpg,11.0,10.0
79,rand_079.jpg,6.0,5.0
79,sat_080.jpg,3.0,2.0
79,sat_081.jpg,3.0,2.0
79,sat_082.jpg,5.0,4.0
79,sat_083.jpg,7.0,6.0
79,sat_084.jpg,12.0,11.0
79,sat_085.jpg,14.0,13.0
79,sat_086.jpg,14.0,13.0
79,sat_087.jpg,14.0,13.0
79,soc_088.jpg,15.0,14.0
79,soc_089.jpg,15.0,14.0
79,soc_090.jpg,14.0,13.0
79,soc_091.jpg,16.0,15.0
79,soc_092.jpg,15.0,14.0
79,soc_093.jpg,12.0,11.0
79,soc_094.jpg,15.0,14.0
79,soc_095.jpg,15.0,14.0
79,soc_096.jpg,2.0,1.0
79,soc_097.jpg,11.0,10.0
79,soc_098.jpg,11.0,10.0
79,soc_099.jpg,14.0,13.0
79,soc_100.jpg,14.0,13.0
80,act_001.jpg,16.0,15.0
80,act_002.jpg,14.0,13.0
80,act_003.jpg,17.0,16.0
80,act_004.jpg,18.0,17.0
80,act_005.jpg,17.0,16.0
80,art_006.jpg,8.0,7.0
80,art_007.jpg,18.0,17.0
80,art_008.jpg,19.0,18.0
80,art_009.jpg,10.0,9.0
80,art_010.jpg,16.0,15.0
80,art_011.jpg,14.0,13.0
80,cat_012.jpg,15.0,14.0
80,cat_013.jpg,9.0,8.0
80,cat_014.jpg,9.0,8.0
80,cat_015.jpg,21.0,20.0
80,ind_016.jpg,14.0,13.0
80,ind_017.jpg,17.0,16.0
80,ind_018.jpg,15.0,14.0
80,ind_019.jpg,18.0,17.0
80,ind_020.jpg,13.0,12.0
80,ind_021.jpg,1.0,0.0
80,ind_022.jpg,17.0,16.0
80,ind_023.jpg,19.0,18.0
80,ind_024.jpg,12.0,11.0
80,ind_025.jpg,18.0,17.0
80,land_026.jpg,5.0,4.0
80,land_027.jpg,19.0,18.0
80,land_028.jpg,18.0,17.0
80,land_029.jpg,17.0,16.0
80,land_030.jpg,17.0,16.0
80,low_031.jpg,13.0,12.0
80,low_032.jpg,10.0,9.0
80,low_033.jpg,16.0,15.0
80,low_034.jpg,5.0,4.0
80,low_035.jpg,9.0,8.0
80,low_036.jpg,14.0,13.0
80,mood_37.jpg,21.0,20.0
80,mood_38.jpg,20.0,19.0
80,mood_39.jpg,18.0,17.0
80,mood_40.jpg,18.0,17.0
80,mood_41.jpg,17.0,16.0
80,mood_42.jpg,18.0,17.0
80,mood_43.jpg,21.0,20.0
80,mood_44.jpg,19.0,18.0
80,mood_45.jpg,22.0,21.0
80,mood_46.jpg,18.0,17.0
80,noi_047.jpg,16.0,15.0
80,noi_048.jpg,17.0,16.0
80,noi_049.jpg,16.0,15.0
80,noi_050.jpg,14.0,13.0
80,noi_051.jpg,5.0,4.0
80,noi_052.jpg,11.0,10.0
80,noi_053.jpg,15.0,14.0
80,outman_054.jpg,11.0,10.0
80,outman_055.jpg,14.0,13.0
80,outman_056.jpg,18.0,17.0
80,outman_057.jpg,9.0,8.0
80,outman_058.jpg,12.0,11.0
80,outman_059.jpg,12.0,11.0
80,outman_060.jpg,16.0,15.0
80,outman_061.jpg,21.0,20.0
80,pat_066.jpg,13.0,12.0
80,pat_067.jpg,18.0,17.0
80,pat_068.jpg,11.0,10.0
80,pat_069.jpg,19.0,18.0
80,pat_070.jpg,16.0,15.0
80,patch_062.jpg,15.0,14.0
80,patch_063.jpg,16.0,15.0
80,patch_064.jpg,13.0,12.0
80,patch_065.jpg,16.0,15.0
80,por_071.jpg,15.0,14.0
80,por_072.jpg,20.0,19.0
80,por_073.jpg,18.0,17.0
80,por_074.jpg,9.0,8.0
80,rand_075.jpg,17.0,16.0
80,rand_076.jpg,17.0,16.0
80,rand_077.jpg,19.0,18.0
80,rand_078.jpg,15.0,14.0
80,rand_079.jpg,18.0,17.0
80,sat_080.jpg,16.0,15.0
80,sat_081.jpg,18.0,17.0
80,sat_082.jpg,19.0,18.0
80,sat_083.jpg,20.0,19.0
80,sat_084.jpg,16.0,15.0
80,sat_085.jpg,20.0,19.0
80,sat_086.jpg,16.0,15.0
80,sat_087.jpg,17.0,16.0
80,soc_088.jpg,16.0,15.0
80,soc_089.jpg,18.0,17.0
80,soc_090.jpg,13.0,12.0
80,soc_091.jpg,17.0,16.0
80,soc_092.jpg,21.0,20.0
80,soc_093.jpg,15.0,14.0
80,soc_094.jpg,17.0,16.0
80,soc_095.jpg,21.0,20.0
80,soc_096.jpg,21.0,20.0
80,soc_097.jpg,17.0,16.0
80,soc_098.jpg,19.0,18.0
80,soc_099.jpg,18.0,17.0
80,soc_100.jpg,16.0,15.0
81,act_001.jpg,19.0,18.0
81,act_002.jpg,22.0,21.0
81,act_003.jpg,23.0,22.0
81,act_004.jpg,22.0,21.0
81,act_005.jpg,24.0,23.0
81,art_006.jpg,17.0,16.0
81,art_007.jpg,22.0,21.0
81,art_008.jpg,20.0,19.0
81,art_009.jpg,19.0,18.0
81,art_010.jpg,22.0,21.0
81,art_011.jpg,20.0,19.0
81,cat_012.jpg,21.0,20.0
81,cat_013.jpg,21.0,20.0
81,cat_014.jpg,20.0,19.0
81,cat_015.jpg,23.0,22.0
81,ind_016.jpg,19.0,18.0
81,ind_017.jpg,17.0,16.0
81,ind_018.jpg,20.0,19.0
81,ind_019.jpg,21.0,20.0
81,ind_020.jpg,20.0,19.0
81,ind_021.jpg,24.0,23.0
81,ind_022.jpg,20.0,19.0
81,ind_023.jpg,20.0,19.0
81,ind_024.jpg,21.0,20.0
81,ind_025.jpg,19.0,18.0
81,land_026.jpg,22.0,21.0
81,land_027.jpg,21.0,20.0
81,land_028.jpg,21.0,20.0
81,land_029.jpg,21.0,20.0
81,land_030.jpg,18.0,17.0
81,low_031.jpg,18.0,17.0
81,low_032.jpg,21.0,20.0
81,low_033.jpg,22.0,21.0
81,low_034.jpg,21.0,20.0
81,low_035.jpg,18.0,17.0
81,low_036.jpg,16.0,15.0
81,mood_37.jpg,19.0,18.0
81,mood_38.jpg,11.0,10.0
81,mood_39.jpg,20.0,19.0
81,mood_40.jpg,21.0,20.0
81,mood_41.jpg,20.0,19.0
81,mood_42.jpg,19.0,18.0
81,mood_43.jpg,23.0,22.0
81,mood_44.jpg,18.0,17.0
81,mood_45.jpg,21.0,20.0
81,mood_46.jpg,20.0,19.0
81,noi_047.jpg,20.0,19.0
81,noi_048.jpg,21.0,20.0
81,noi_049.jpg,21.0,20.0
81,noi_050.jpg,20.0,19.0
81,noi_051.jpg,20.0,19.0
81,noi_052.jpg,21.0,20.0
81,noi_053.jpg,20.0,19.0
81,outman_054.jpg,18.0,17.0
81,outman_055.jpg,19.0,18.0
81,outman_056.jpg,21.0,20.0
81,outman_057.jpg,19.0,18.0
81,outman_058.jpg,21.0,20.0
81,outman_059.jpg,21.0,20.0
81,outman_060.jpg,19.0,18.0
81,outman_061.jpg,20.0,19.0
81,pat_066.jpg,23.0,22.0
81,pat_067.jpg,21.0,20.0
81,pat_068.jpg,12.0,11.0
81,pat_069.jpg,23.0,22.0
81,pat_070.jpg,24.0,23.0
81,patch_062.jpg,22.0,21.0
81,patch_063.jpg,20.0,19.0
81,patch_064.jpg,24.0,23.0
81,patch_065.jpg,20.0,19.0
81,por_071.jpg,14.0,13.0
81,por_072.jpg,19.0,18.0
81,por_073.jpg,19.0,18.0
81,por_074.jpg,21.0,20.0
81,rand_075.jpg,16.0,15.0
81,rand_076.jpg,21.0,20.0
81,rand_077.jpg,20.0,19.0
81,rand_078.jpg,14.0,13.0
81,rand_079.jpg,21.0,20.0
81,sat_080.jpg,20.0,19.0
81,sat_081.jpg,23.0,22.0
81,sat_082.jpg,19.0,18.0
81,sat_083.jpg,20.0,19.0
81,sat_084.jpg,20.0,19.0
81,sat_085.jpg,21.0,20.0
81,sat_086.jpg,21.0,20.0
81,sat_087.jpg,20.0,19.0
81,soc_088.jpg,20.0,19.0
81,soc_089.jpg,22.0,21.0
81,soc_090.jpg,18.0,17.0
81,soc_091.jpg,18.0,17.0
81,soc_092.jpg,18.0,17.0
81,soc_093.jpg,13.0,12.0
81,soc_094.jpg,18.0,17.0
81,soc_095.jpg,20.0,19.0
81,soc_096.jpg,18.0,17.0
81,soc_097.jpg,18.0,17.0
81,soc_098.jpg,17.0,16.0
81,soc_099.jpg,16.0,15.0
81,soc_100.jpg,20.0,19.0
82,act_001.jpg,14.0,13.0
82,act_002.jpg,15.0,14.0
82,act_003.jpg,14.0,13.0
82,act_004.jpg,19.0,18.0
82,act_005.jpg,16.0,15.0
82,art_006.jpg,16.0,15.0
82,art_007.jpg,18.0,17.0
82,art_008.jpg,16.0,15.0
82,art_009.jpg,16.0,15.0
82,art_010.jpg,16.0,15.0
82,art_011.jpg,14.0,13.0
82,cat_012.jpg,16.0,15.0
82,cat_013.jpg,12.0,11.0
82,cat_014.jpg,16.0,15.0
82,cat_015.jpg,15.0,14.0
82,ind_016.jpg,15.0,14.0
82,ind_017.jpg,16.0,15.0
82,ind_018.jpg,17.0,16.0
82,ind_019.jpg,16.0,15.0
82,ind_020.jpg,16.0,15.0
82,ind_021.jpg,16.0,15.0
82,ind_022.jpg,12.0,11.0
82,ind_023.jpg,16.0,15.0
82,ind_024.jpg,13.0,12.0
82,ind_025.jpg,10.0,9.0
82,land_026.jpg,15.0,14.0
82,land_027.jpg,13.0,12.0
82,land_028.jpg,17.0,16.0
82,land_029.jpg,16.0,15.0
82,land_030.jpg,17.0,16.0
82,low_031.jpg,12.0,11.0
82,low_032.jpg,15.0,14.0
82,low_033.jpg,16.0,15.0
82,low_034.jpg,7.0,6.0
82,low_035.jpg,8.0,7.0
82,low_036.jpg,14.0,13.0
82,mood_37.jpg,20.0,19.0
82,mood_38.jpg,17.0,16.0
82,mood_39.jpg,18.0,17.0
82,mood_40.jpg,15.0,14.0
82,mood_41.jpg,15.0,14.0
82,mood_42.jpg,13.0,12.0
82,mood_43.jpg,19.0,18.0
82,mood_44.jpg,18.0,17.0
82,mood_45.jpg,19.0,18.0
82,mood_46.jpg,18.0,17.0
82,noi_047.jpg,13.0,12.0
82,noi_048.jpg,19.0,18.0
82,noi_049.jpg,15.0,14.0
82,noi_050.jpg,14.0,13.0
82,noi_051.jpg,16.0,15.0
82,noi_052.jpg,16.0,15.0
82,noi_053.jpg,16.0,15.0
82,outman_054.jpg,17.0,16.0
82,outman_055.jpg,15.0,14.0
82,outman_056.jpg,15.0,14.0
82,outman_057.jpg,17.0,16.0
82,outman_058.jpg,16.0,15.0
82,outman_059.jpg,17.0,16.0
82,outman_060.jpg,16.0,15.0
82,outman_061.jpg,16.0,15.0
82,pat_066.jpg,11.0,10.0
82,pat_067.jpg,14.0,13.0
82,pat_068.jpg,19.0,18.0
82,pat_069.jpg,18.0,17.0
82,pat_070.jpg,15.0,14.0
82,patch_062.jpg,16.0,15.0
82,patch_063.jpg,17.0,16.0
82,patch_064.jpg,9.0,8.0
82,patch_065.jpg,18.0,17.0
82,por_071.jpg,18.0,17.0
82,por_072.jpg,17.0,16.0
82,por_073.jpg,17.0,16.0
82,por_074.jpg,13.0,12.0
82,rand_075.jpg,14.0,13.0
82,rand_076.jpg,5.0,4.0
82,rand_077.jpg,15.0,14.0
82,rand_078.jpg,16.0,15.0
82,rand_079.jpg,15.0,14.0
82,sat_080.jpg,16.0,15.0
82,sat_081.jpg,13.0,12.0
82,sat_082.jpg,16.0,15.0
82,sat_083.jpg,16.0,15.0
82,sat_084.jpg,16.0,15.0
82,sat_085.jpg,17.0,16.0
82,sat_086.jpg,17.0,16.0
82,sat_087.jpg,18.0,17.0
82,soc_088.jpg,17.0,16.0
82,soc_089.jpg,19.0,18.0
82,soc_090.jpg,15.0,14.0
82,soc_091.jpg,18.0,17.0
82,soc_092.jpg,11.0,10.0
82,soc_093.jpg,16.0,15.0
82,soc_094.jpg,19.0,18.0
82,soc_095.jpg,15.0,14.0
82,soc_096.jpg,16.0,15.0
82,soc_097.jpg,16.0,15.0
82,soc_098.jpg,16.0,15.0
82,soc_099.jpg,16.0,15.0
82,soc_100.jpg,17.0,16.0
83,act_001.jpg,15.0,14.0
83,act_002.jpg,17.0,16.0
83,act_003.jpg,19.0,18.0
83,act_004.jpg,15.0,14.0
83,act_005.jpg,16.0,15.0
83,art_006.jpg,19.0,18.0
83,art_007.jpg,17.0,16.0
83,art_008.jpg,15.0,14.0
83,art_009.jpg,19.0,18.0
83,art_010.jpg,23.0,22.0
83,art_011.jpg,20.0,19.0
83,cat_012.jpg,3.0,2.0
83,cat_013.jpg,18.0,17.0
83,cat_014.jpg,14.0,13.0
83,cat_015.jpg,19.0,18.0
83,ind_016.jpg,16.0,15.0
83,ind_017.jpg,15.0,14.0
83,ind_018.jpg,11.0,10.0
83,ind_019.jpg,14.0,13.0
83,ind_020.jpg,12.0,11.0
83,ind_021.jpg,13.0,12.0
83,ind_022.jpg,8.0,7.0
83,ind_023.jpg,16.0,15.0
83,ind_024.jpg,22.0,21.0
83,ind_025.jpg,15.0,14.0
83,land_026.jpg,5.0,4.0
83,land_027.jpg,18.0,17.0
83,land_028.jpg,17.0,16.0
83,land_029.jpg,16.0,15.0
83,land_030.jpg,15.0,14.0
83,low_031.jpg,8.0,7.0
83,low_032.jpg,5.0,4.0
83,low_033.jpg,12.0,11.0
83,low_034.jpg,17.0,16.0
83,low_035.jpg,17.0,16.0
83,low_036.jpg,7.0,6.0
83,mood_37.jpg,20.0,19.0
83,mood_38.jpg,20.0,19.0
83,mood_39.jpg,21.0,20.0
83,mood_40.jpg,13.0,12.0
83,mood_41.jpg,23.0,22.0
83,mood_42.jpg,20.0,19.0
83,mood_43.jpg,19.0,18.0
83,mood_44.jpg,20.0,19.0
83,mood_45.jpg,19.0,18.0
83,mood_46.jpg,16.0,15.0
83,noi_047.jpg,17.0,16.0
83,noi_048.jpg,18.0,17.0
83,noi_049.jpg,18.0,17.0
83,noi_050.jpg,3.0,2.0
83,noi_051.jpg,19.0,18.0
83,noi_052.jpg,6.0,5.0
83,noi_053.jpg,17.0,16.0
83,outman_054.jpg,16.0,15.0
83,outman_055.jpg,17.0,16.0
83,outman_056.jpg,13.0,12.0
83,outman_057.jpg,17.0,16.0
83,outman_058.jpg,14.0,13.0
83,outman_059.jpg,17.0,16.0
83,outman_060.jpg,17.0,16.0
83,outman_061.jpg,21.0,20.0
83,pat_066.jpg,17.0,16.0
83,pat_067.jpg,20.0,19.0
83,pat_068.jpg,19.0,18.0
83,pat_069.jpg,9.0,8.0
83,pat_070.jpg,18.0,17.0
83,patch_062.jpg,17.0,16.0
83,patch_063.jpg,17.0,16.0
83,patch_064.jpg,18.0,17.0
83,patch_065.jpg,19.0,18.0
83,por_071.jpg,19.0,18.0
83,por_072.jpg,22.0,21.0
83,por_073.jpg,20.0,19.0
83,por_074.jpg,20.0,19.0
83,rand_075.jpg,14.0,13.0
83,rand_076.jpg,21.0,20.0
83,rand_077.jpg,20.0,19.0
83,rand_078.jpg,20.0,19.0
83,rand_079.jpg,19.0,18.0
83,sat_080.jpg,14.0,13.0
83,sat_081.jpg,21.0,20.0
83,sat_082.jpg,20.0,19.0
83,sat_083.jpg,17.0,16.0
83,sat_084.jpg,6.0,5.0
83,sat_085.jpg,19.0,18.0
83,sat_086.jpg,7.0,6.0
83,sat_087.jpg,17.0,16.0
83,soc_088.jpg,19.0,18.0
83,soc_089.jpg,18.0,17.0
83,soc_090.jpg,20.0,19.0
83,soc_091.jpg,13.0,12.0
83,soc_092.jpg,18.0,17.0
83,soc_093.jpg,19.0,18.0
83,soc_094.jpg,20.0,19.0
83,soc_095.jpg,15.0,14.0
83,soc_096.jpg,20.0,19.0
83,soc_097.jpg,16.0,15.0
83,soc_098.jpg,21.0,20.0
83,soc_099.jpg,19.0,18.0
83,soc_100.jpg,8.0,7.0
84,act_001.jpg,9.0,8.0
84,act_002.jpg,16.0,15.0
84,act_003.jpg,13.0,12.0
84,act_004.jpg,7.0,6.0
84,act_005.jpg,5.0,4.0
84,art_006.jpg,2.0,1.0
84,art_007.jpg,13.0,12.0
84,art_008.jpg,15.0,14.0
84,art_009.jpg,11.0,10.0
84,art_010.jpg,9.0,8.0
84,art_011.jpg,9.0,8.0
84,cat_012.jpg,6.0,5.0
84,cat_013.jpg,10.0,9.0
84,cat_014.jpg,17.0,16.0
84,cat_015.jpg,12.0,11.0
84,ind_016.jpg,7.0,6.0
84,ind_017.jpg,17.0,16.0
84,ind_018.jpg,12.0,11.0
84,ind_019.jpg,8.0,7.0
84,ind_020.jpg,,
84,ind_021.jpg,,
84,ind_022.jpg,6.0,5.0
84,ind_023.jpg,15.0,14.0
84,ind_024.jpg,11.0,10.0
84,ind_025.jpg,14.0,13.0
84,land_026.jpg,6.0,5.0
84,land_027.jpg,9.0,8.0
84,land_028.jpg,7.0,6.0
84,land_029.jpg,14.0,13.0
84,land_030.jpg,8.0,7.0
84,low_031.jpg,6.0,5.0
84,low_032.jpg,9.0,8.0
84,low_033.jpg,11.0,10.0
84,low_034.jpg,9.0,8.0
84,low_035.jpg,13.0,12.0
84,low_036.jpg,13.0,12.0
84,mood_37.jpg,10.0,9.0
84,mood_38.jpg,13.0,12.0
84,mood_39.jpg,18.0,17.0
84,mood_40.jpg,13.0,12.0
84,mood_41.jpg,16.0,15.0
84,mood_42.jpg,19.0,18.0
84,mood_43.jpg,16.0,15.0
84,mood_44.jpg,14.0,13.0
84,mood_45.jpg,9.0,8.0
84,mood_46.jpg,11.0,10.0
84,noi_047.jpg,12.0,11.0
84,noi_048.jpg,7.0,6.0
84,noi_049.jpg,2.0,1.0
84,noi_050.jpg,,
84,noi_051.jpg,12.0,11.0
84,noi_052.jpg,3.0,2.0
84,noi_053.jpg,13.0,12.0
84,outman_054.jpg,13.0,12.0
84,outman_055.jpg,9.0,8.0
84,outman_056.jpg,8.0,7.0
84,outman_057.jpg,11.0,10.0
84,outman_058.jpg,7.0,6.0
84,outman_059.jpg,6.0,5.0
84,outman_060.jpg,10.0,9.0
84,outman_061.jpg,12.0,11.0
84,pat_066.jpg,6.0,5.0
84,pat_067.jpg,10.0,9.0
84,pat_068.jpg,8.0,7.0
84,pat_069.jpg,9.0,8.0
84,pat_070.jpg,14.0,13.0
84,patch_062.jpg,13.0,12.0
84,patch_063.jpg,16.0,15.0
84,patch_064.jpg,12.0,11.0
84,patch_065.jpg,12.0,11.0
84,por_071.jpg,10.0,9.0
84,por_072.jpg,12.0,11.0
84,por_073.jpg,13.0,12.0
84,por_074.jpg,6.0,5.0
84,rand_075.jpg,5.0,4.0
84,rand_076.jpg,9.0,8.0
84,rand_077.jpg,11.0,10.0
84,rand_078.jpg,11.0,10.0
84,rand_079.jpg,6.0,5.0
84,sat_080.jpg,6.0,5.0
84,sat_081.jpg,9.0,8.0
84,sat_082.jpg,15.0,14.0
84,sat_083.jpg,13.0,12.0
84,sat_084.jpg,10.0,9.0
84,sat_085.jpg,9.0,8.0
84,sat_086.jpg,11.0,10.0
84,sat_087.jpg,12.0,11.0
84,soc_088.jpg,9.0,8.0
84,soc_089.jpg,7.0,6.0
84,soc_090.jpg,11.0,10.0
84,soc_091.jpg,18.0,17.0
84,soc_092.jpg,11.0,10.0
84,soc_093.jpg,9.0,8.0
84,soc_094.jpg,9.0,8.0
84,soc_095.jpg,8.0,7.0
84,soc_096.jpg,11.0,10.0
84,soc_097.jpg,12.0,11.0
84,soc_098.jpg,15.0,14.0
84,soc_099.jpg,8.0,7.0
84,soc_100.jpg,16.0,15.0
85,act_001.jpg,17.0,16.0
85,act_002.jpg,19.0,18.0
85,act_003.jpg,20.0,19.0
85,act_004.jpg,15.0,14.0
85,act_005.jpg,12.0,11.0
85,art_006.jpg,16.0,15.0
85,art_007.jpg,17.0,16.0
85,art_008.jpg,12.0,11.0
85,art_009.jpg,15.0,14.0
85,art_010.jpg,18.0,17.0
85,art_011.jpg,18.0,17.0
85,cat_012.jpg,17.0,16.0
85,cat_013.jpg,13.0,12.0
85,cat_014.jpg,18.0,17.0
85,cat_015.jpg,15.0,14.0
85,ind_016.jpg,17.0,16.0
85,ind_017.jpg,17.0,16.0
85,ind_018.jpg,13.0,12.0
85,ind_019.jpg,14.0,13.0
85,ind_020.jpg,14.0,13.0
85,ind_021.jpg,17.0,16.0
85,ind_022.jpg,11.0,10.0
85,ind_023.jpg,15.0,14.0
85,ind_024.jpg,16.0,15.0
85,ind_025.jpg,19.0,18.0
85,land_026.jpg,15.0,14.0
85,land_027.jpg,14.0,13.0
85,land_028.jpg,19.0,18.0
85,land_029.jpg,16.0,15.0
85,land_030.jpg,9.0,8.0
85,low_031.jpg,13.0,12.0
85,low_032.jpg,14.0,13.0
85,low_033.jpg,19.0,18.0
85,low_034.jpg,13.0,12.0
85,low_035.jpg,13.0,12.0
85,low_036.jpg,17.0,16.0
85,mood_37.jpg,16.0,15.0
85,mood_38.jpg,21.0,20.0
85,mood_39.jpg,18.0,17.0
85,mood_40.jpg,14.0,13.0
85,mood_41.jpg,16.0,15.0
85,mood_42.jpg,18.0,17.0
85,mood_43.jpg,21.0,20.0
85,mood_44.jpg,22.0,21.0
85,mood_45.jpg,19.0,18.0
85,mood_46.jpg,17.0,16.0
85,noi_047.jpg,12.0,11.0
85,noi_048.jpg,8.0,7.0
85,noi_049.jpg,18.0,17.0
85,noi_050.jpg,12.0,11.0
85,noi_051.jpg,11.0,10.0
85,noi_052.jpg,10.0,9.0
85,noi_053.jpg,11.0,10.0
85,outman_054.jpg,16.0,15.0
85,outman_055.jpg,13.0,12.0
85,outman_056.jpg,15.0,14.0
85,outman_057.jpg,15.0,14.0
85,outman_058.jpg,12.0,11.0
85,outman_059.jpg,15.0,14.0
85,outman_060.jpg,22.0,21.0
85,outman_061.jpg,17.0,16.0
85,pat_066.jpg,13.0,12.0
85,pat_067.jpg,16.0,15.0
85,pat_068.jpg,18.0,17.0
85,pat_069.jpg,11.0,10.0
85,pat_070.jpg,15.0,14.0
85,patch_062.jpg,13.0,12.0
85,patch_063.jpg,16.0,15.0
85,patch_064.jpg,13.0,12.0
85,patch_065.jpg,18.0,17.0
85,por_071.jpg,15.0,14.0
85,por_072.jpg,15.0,14.0
85,por_073.jpg,15.0,14.0
85,por_074.jpg,17.0,16.0
85,rand_075.jpg,15.0,14.0
85,rand_076.jpg,15.0,14.0
85,rand_077.jpg,17.0,16.0
85,rand_078.jpg,16.0,15.0
85,rand_079.jpg,15.0,14.0
85,sat_080.jpg,5.0,4.0
85,sat_081.jpg,19.0,18.0
85,sat_082.jpg,21.0,20.0
85,sat_083.jpg,21.0,20.0
85,sat_084.jpg,20.0,19.0
85,sat_085.jpg,13.0,12.0
85,sat_086.jpg,16.0,15.0
85,sat_087.jpg,6.0,5.0
85,soc_088.jpg,15.0,14.0
85,soc_089.jpg,15.0,14.0
85,soc_090.jpg,17.0,16.0
85,soc_091.jpg,16.0,15.0
85,soc_092.jpg,15.0,14.0
85,soc_093.jpg,8.0,7.0
85,soc_094.jpg,16.0,15.0
85,soc_095.jpg,17.0,16.0
85,soc_096.jpg,17.0,16.0
85,soc_097.jpg,21.0,20.0
85,soc_098.jpg,19.0,18.0
85,soc_099.jpg,18.0,17.0
85,soc_100.jpg,18.0,17.0
86,act_001.jpg,14.0,13.0
86,act_002.jpg,16.0,15.0
86,act_003.jpg,16.0,15.0
86,act_004.jpg,16.0,15.0
86,act_005.jpg,15.0,14.0
86,art_006.jpg,15.0,14.0
86,art_007.jpg,18.0,17.0
86,art_008.jpg,14.0,13.0
86,art_009.jpg,17.0,16.0
86,art_010.jpg,13.0,12.0
86,art_011.jpg,18.0,17.0
86,cat_012.jpg,12.0,11.0
86,cat_013.jpg,10.0,9.0
86,cat_014.jpg,18.0,17.0
86,cat_015.jpg,18.0,17.0
86,ind_016.jpg,15.0,14.0
86,ind_017.jpg,16.0,15.0
86,ind_018.jpg,7.0,6.0
86,ind_019.jpg,17.0,16.0
86,ind_020.jpg,15.0,14.0
86,ind_021.jpg,10.0,9.0
86,ind_022.jpg,16.0,15.0
86,ind_023.jpg,17.0,16.0
86,ind_024.jpg,16.0,15.0
86,ind_025.jpg,17.0,16.0
86,land_026.jpg,16.0,15.0
86,land_027.jpg,15.0,14.0
86,land_028.jpg,18.0,17.0
86,land_029.jpg,14.0,13.0
86,land_030.jpg,17.0,16.0
86,low_031.jpg,9.0,8.0
86,low_032.jpg,8.0,7.0
86,low_033.jpg,18.0,17.0
86,low_034.jpg,14.0,13.0
86,low_035.jpg,10.0,9.0
86,low_036.jpg,14.0,13.0
86,mood_37.jpg,21.0,20.0
86,mood_38.jpg,19.0,18.0
86,mood_39.jpg,15.0,14.0
86,mood_40.jpg,20.0,19.0
86,mood_41.jpg,20.0,19.0
86,mood_42.jpg,18.0,17.0
86,mood_43.jpg,19.0,18.0
86,mood_44.jpg,22.0,21.0
86,mood_45.jpg,19.0,18.0
86,mood_46.jpg,19.0,18.0
86,noi_047.jpg,14.0,13.0
86,noi_048.jpg,14.0,13.0
86,noi_049.jpg,17.0,16.0
86,noi_050.jpg,18.0,17.0
86,noi_051.jpg,8.0,7.0
86,noi_052.jpg,10.0,9.0
86,noi_053.jpg,8.0,7.0
86,outman_054.jpg,14.0,13.0
86,outman_055.jpg,14.0,13.0
86,outman_056.jpg,11.0,10.0
86,outman_057.jpg,14.0,13.0
86,outman_058.jpg,16.0,15.0
86,outman_059.jpg,14.0,13.0
86,outman_060.jpg,19.0,18.0
86,outman_061.jpg,15.0,14.0
86,pat_066.jpg,18.0,17.0
86,pat_067.jpg,17.0,16.0
86,pat_068.jpg,20.0,19.0
86,pat_069.jpg,18.0,17.0
86,pat_070.jpg,23.0,22.0
86,patch_062.jpg,17.0,16.0
86,patch_063.jpg,18.0,17.0
86,patch_064.jpg,19.0,18.0
86,patch_065.jpg,17.0,16.0
86,por_071.jpg,17.0,16.0
86,por_072.jpg,18.0,17.0
86,por_073.jpg,20.0,19.0
86,por_074.jpg,18.0,17.0
86,rand_075.jpg,16.0,15.0
86,rand_076.jpg,17.0,16.0
86,rand_077.jpg,18.0,17.0
86,rand_078.jpg,16.0,15.0
86,rand_079.jpg,17.0,16.0
86,sat_080.jpg,16.0,15.0
86,sat_081.jpg,22.0,21.0
86,sat_082.jpg,17.0,16.0
86,sat_083.jpg,17.0,16.0
86,sat_084.jpg,17.0,16.0
86,sat_085.jpg,17.0,16.0
86,sat_086.jpg,17.0,16.0
86,sat_087.jpg,15.0,14.0
86,soc_088.jpg,22.0,21.0
86,soc_089.jpg,21.0,20.0
86,soc_090.jpg,17.0,16.0
86,soc_091.jpg,19.0,18.0
86,soc_092.jpg,17.0,16.0
86,soc_093.jpg,22.0,21.0
86,soc_094.jpg,19.0,18.0
86,soc_095.jpg,16.0,15.0
86,soc_096.jpg,17.0,16.0
86,soc_097.jpg,16.0,15.0
86,soc_098.jpg,19.0,18.0
86,soc_099.jpg,21.0,20.0
86,soc_100.jpg,20.0,19.0
87,act_001.jpg,15.0,14.0
87,act_002.jpg,18.0,17.0
87,act_003.jpg,21.0,20.0
87,act_004.jpg,16.0,15.0
87,act_005.jpg,21.0,20.0
87,art_006.jpg,15.0,14.0
87,art_007.jpg,19.0,18.0
87,art_008.jpg,16.0,15.0
87,art_009.jpg,17.0,16.0
87,art_010.jpg,17.0,16.0
87,art_011.jpg,19.0,18.0
87,cat_012.jpg,21.0,20.0
87,cat_013.jpg,15.0,14.0
87,cat_014.jpg,17.0,16.0
87,cat_015.jpg,19.0,18.0
87,ind_016.jpg,17.0,16.0
87,ind_017.jpg,17.0,16.0
87,ind_018.jpg,17.0,16.0
87,ind_019.jpg,14.0,13.0
87,ind_020.jpg,18.0,17.0
87,ind_021.jpg,22.0,21.0
87,ind_022.jpg,18.0,17.0
87,ind_023.jpg,18.0,17.0
87,ind_024.jpg,20.0,19.0
87,ind_025.jpg,17.0,16.0
87,land_026.jpg,15.0,14.0
87,land_027.jpg,19.0,18.0
87,land_028.jpg,16.0,15.0
87,land_029.jpg,16.0,15.0
87,land_030.jpg,16.0,15.0
87,low_031.jpg,20.0,19.0
87,low_032.jpg,16.0,15.0
87,low_033.jpg,16.0,15.0
87,low_034.jpg,14.0,13.0
87,low_035.jpg,15.0,14.0
87,low_036.jpg,17.0,16.0
87,mood_37.jpg,17.0,16.0
87,mood_38.jpg,19.0,18.0
87,mood_39.jpg,20.0,19.0
87,mood_40.jpg,20.0,19.0
87,mood_41.jpg,21.0,20.0
87,mood_42.jpg,19.0,18.0
87,mood_43.jpg,19.0,18.0
87,mood_44.jpg,22.0,21.0
87,mood_45.jpg,23.0,22.0
87,mood_46.jpg,19.0,18.0
87,noi_047.jpg,17.0,16.0
87,noi_048.jpg,18.0,17.0
87,noi_049.jpg,16.0,15.0
87,noi_050.jpg,17.0,16.0
87,noi_051.jpg,11.0,10.0
87,noi_052.jpg,19.0,18.0
87,noi_053.jpg,16.0,15.0
87,outman_054.jpg,18.0,17.0
87,outman_055.jpg,19.0,18.0
87,outman_056.jpg,15.0,14.0
87,outman_057.jpg,21.0,20.0
87,outman_058.jpg,18.0,17.0
87,outman_059.jpg,19.0,18.0
87,outman_060.jpg,19.0,18.0
87,outman_061.jpg,18.0,17.0
87,pat_066.jpg,18.0,17.0
87,pat_067.jpg,18.0,17.0
87,pat_068.jpg,18.0,17.0
87,pat_069.jpg,19.0,18.0
87,pat_070.jpg,21.0,20.0
87,patch_062.jpg,22.0,21.0
87,patch_063.jpg,20.0,19.0
87,patch_064.jpg,19.0,18.0
87,patch_065.jpg,15.0,14.0
87,por_071.jpg,18.0,17.0
87,por_072.jpg,17.0,16.0
87,por_073.jpg,21.0,20.0
87,por_074.jpg,19.0,18.0
87,rand_075.jpg,21.0,20.0
87,rand_076.jpg,19.0,18.0
87,rand_077.jpg,19.0,18.0
87,rand_078.jpg,19.0,18.0
87,rand_079.jpg,19.0,18.0
87,sat_080.jpg,18.0,17.0
87,sat_081.jpg,19.0,18.0
87,sat_082.jpg,20.0,19.0
87,sat_083.jpg,19.0,18.0
87,sat_084.jpg,20.0,19.0
87,sat_085.jpg,19.0,18.0
87,sat_086.jpg,20.0,19.0
87,sat_087.jpg,18.0,17.0
87,soc_088.jpg,18.0,17.0
87,soc_089.jpg,19.0,18.0
87,soc_090.jpg,17.0,16.0
87,soc_091.jpg,20.0,19.0
87,soc_092.jpg,23.0,22.0
87,soc_093.jpg,18.0,17.0
87,soc_094.jpg,20.0,19.0
87,soc_095.jpg,19.0,18.0
87,soc_096.jpg,19.0,18.0
87,soc_097.jpg,16.0,15.0
87,soc_098.jpg,18.0,17.0
87,soc_099.jpg,19.0,18.0
87,soc_100.jpg,20.0,19.0
88,act_001.jpg,15.0,14.0
88,act_002.jpg,15.0,14.0
88,act_003.jpg,5.0,4.0
88,act_004.jpg,13.0,12.0
88,act_005.jpg,3.0,2.0
88,art_006.jpg,12.0,11.0
88,art_007.jpg,14.0,13.0
88,art_008.jpg,10.0,9.0
88,art_009.jpg,16.0,15.0
88,art_010.jpg,10.0,9.0
88,art_011.jpg,15.0,14.0
88,cat_012.jpg,15.0,14.0
88,cat_013.jpg,6.0,5.0
88,cat_014.jpg,17.0,16.0
88,cat_015.jpg,14.0,13.0
88,ind_016.jpg,13.0,12.0
88,ind_017.jpg,14.0,13.0
88,ind_018.jpg,16.0,15.0
88,ind_019.jpg,16.0,15.0
88,ind_020.jpg,16.0,15.0
88,ind_021.jpg,16.0,15.0
88,ind_022.jpg,16.0,15.0
88,ind_023.jpg,10.0,9.0
88,ind_024.jpg,9.0,8.0
88,ind_025.jpg,12.0,11.0
88,land_026.jpg,12.0,11.0
88,land_027.jpg,8.0,7.0
88,land_028.jpg,9.0,8.0
88,land_029.jpg,1.0,0.0
88,land_030.jpg,13.0,12.0
88,low_031.jpg,14.0,13.0
88,low_032.jpg,10.0,9.0
88,low_033.jpg,15.0,14.0
88,low_034.jpg,10.0,9.0
88,low_035.jpg,14.0,13.0
88,low_036.jpg,8.0,7.0
88,mood_37.jpg,17.0,16.0
88,mood_38.jpg,16.0,15.0
88,mood_39.jpg,10.0,9.0
88,mood_40.jpg,15.0,14.0
88,mood_41.jpg,13.0,12.0
88,mood_42.jpg,15.0,14.0
88,mood_43.jpg,15.0,14.0
88,mood_44.jpg,16.0,15.0
88,mood_45.jpg,9.0,8.0
88,mood_46.jpg,17.0,16.0
88,noi_047.jpg,1.0,0.0
88,noi_048.jpg,13.0,12.0
88,noi_049.jpg,12.0,11.0
88,noi_050.jpg,8.0,7.0
88,noi_051.jpg,13.0,12.0
88,noi_052.jpg,13.0,12.0
88,noi_053.jpg,5.0,4.0
88,outman_054.jpg,,
88,outman_055.jpg,,
88,outman_056.jpg,16.0,15.0
88,outman_057.jpg,17.0,16.0
88,outman_058.jpg,14.0,13.0
88,outman_059.jpg,10.0,9.0
88,outman_060.jpg,16.0,15.0
88,outman_061.jpg,11.0,10.0
88,pat_066.jpg,11.0,10.0
88,pat_067.jpg,16.0,15.0
88,pat_068.jpg,13.0,12.0
88,pat_069.jpg,18.0,17.0
88,pat_070.jpg,18.0,17.0
88,patch_062.jpg,13.0,12.0
88,patch_063.jpg,14.0,13.0
88,patch_064.jpg,13.0,12.0
88,patch_065.jpg,15.0,14.0
88,por_071.jpg,17.0,16.0
88,por_072.jpg,19.0,18.0
88,por_073.jpg,15.0,14.0
88,por_074.jpg,13.0,12.0
88,rand_075.jpg,16.0,15.0
88,rand_076.jpg,18.0,17.0
88,rand_077.jpg,13.0,12.0
88,rand_078.jpg,10.0,9.0
88,rand_079.jpg,12.0,11.0
88,sat_080.jpg,14.0,13.0
88,sat_081.jpg,13.0,12.0
88,sat_082.jpg,10.0,9.0
88,sat_083.jpg,12.0,11.0
88,sat_084.jpg,16.0,15.0
88,sat_085.jpg,13.0,12.0
88,sat_086.jpg,13.0,12.0
88,sat_087.jpg,12.0,11.0
88,soc_088.jpg,15.0,14.0
88,soc_089.jpg,16.0,15.0
88,soc_090.jpg,12.0,11.0
88,soc_091.jpg,19.0,18.0
88,soc_092.jpg,15.0,14.0
88,soc_093.jpg,15.0,14.0
88,soc_094.jpg,13.0,12.0
88,soc_095.jpg,14.0,13.0
88,soc_096.jpg,14.0,13.0
88,soc_097.jpg,11.0,10.0
88,soc_098.jpg,16.0,15.0
88,soc_099.jpg,11.0,10.0
88,soc_100.jpg,13.0,12.0
89,act_001.jpg,16.0,15.0
89,act_002.jpg,19.0,18.0
89,act_003.jpg,18.0,17.0
89,act_004.jpg,12.0,11.0
89,act_005.jpg,15.0,14.0
89,art_006.jpg,11.0,10.0
89,art_007.jpg,15.0,14.0
89,art_008.jpg,13.0,12.0
89,art_009.jpg,16.0,15.0
89,art_010.jpg,15.0,14.0
89,art_011.jpg,16.0,15.0
89,cat_012.jpg,11.0,10.0
89,cat_013.jpg,14.0,13.0
89,cat_014.jpg,13.0,12.0
89,cat_015.jpg,12.0,11.0
89,ind_016.jpg,16.0,15.0
89,ind_017.jpg,15.0,14.0
89,ind_018.jpg,19.0,18.0
89,ind_019.jpg,15.0,14.0
89,ind_020.jpg,16.0,15.0
89,ind_021.jpg,17.0,16.0
89,ind_022.jpg,19.0,18.0
89,ind_023.jpg,15.0,14.0
89,ind_024.jpg,19.0,18.0
89,ind_025.jpg,19.0,18.0
89,land_026.jpg,20.0,19.0
89,land_027.jpg,9.0,8.0
89,land_028.jpg,15.0,14.0
89,land_029.jpg,12.0,11.0
89,land_030.jpg,12.0,11.0
89,low_031.jpg,16.0,15.0
89,low_032.jpg,14.0,13.0
89,low_033.jpg,16.0,15.0
89,low_034.jpg,16.0,15.0
89,low_035.jpg,14.0,13.0
89,low_036.jpg,14.0,13.0
89,mood_37.jpg,16.0,15.0
89,mood_38.jpg,18.0,17.0
89,mood_39.jpg,15.0,14.0
89,mood_40.jpg,18.0,17.0
89,mood_41.jpg,18.0,17.0
89,mood_42.jpg,11.0,10.0
89,mood_43.jpg,16.0,15.0
89,mood_44.jpg,17.0,16.0
89,mood_45.jpg,14.0,13.0
89,mood_46.jpg,14.0,13.0
89,noi_047.jpg,12.0,11.0
89,noi_048.jpg,19.0,18.0
89,noi_049.jpg,16.0,15.0
89,noi_050.jpg,15.0,14.0
89,noi_051.jpg,14.0,13.0
89,noi_052.jpg,17.0,16.0
89,noi_053.jpg,16.0,15.0
89,outman_054.jpg,17.0,16.0
89,outman_055.jpg,16.0,15.0
89,outman_056.jpg,16.0,15.0
89,outman_057.jpg,18.0,17.0
89,outman_058.jpg,16.0,15.0
89,outman_059.jpg,16.0,15.0
89,outman_060.jpg,15.0,14.0
89,outman_061.jpg,15.0,14.0
89,pat_066.jpg,14.0,13.0
89,pat_067.jpg,12.0,11.0
89,pat_068.jpg,8.0,7.0
89,pat_069.jpg,12.0,11.0
89,pat_070.jpg,19.0,18.0
89,patch_062.jpg,10.0,9.0
89,patch_063.jpg,12.0,11.0
89,patch_064.jpg,13.0,12.0
89,patch_065.jpg,16.0,15.0
89,por_071.jpg,15.0,14.0
89,por_072.jpg,10.0,9.0
89,por_073.jpg,15.0,14.0
89,por_074.jpg,14.0,13.0
89,rand_075.jpg,9.0,8.0
89,rand_076.jpg,12.0,11.0
89,rand_077.jpg,16.0,15.0
89,rand_078.jpg,14.0,13.0
89,rand_079.jpg,15.0,14.0
89,sat_080.jpg,9.0,8.0
89,sat_081.jpg,12.0,11.0
89,sat_082.jpg,18.0,17.0
89,sat_083.jpg,10.0,9.0
89,sat_084.jpg,13.0,12.0
89,sat_085.jpg,13.0,12.0
89,sat_086.jpg,16.0,15.0
89,sat_087.jpg,16.0,15.0
89,soc_088.jpg,14.0,13.0
89,soc_089.jpg,13.0,12.0
89,soc_090.jpg,11.0,10.0
89,soc_091.jpg,11.0,10.0
89,soc_092.jpg,14.0,13.0
89,soc_093.jpg,16.0,15.0
89,soc_094.jpg,15.0,14.0
89,soc_095.jpg,14.0,13.0
89,soc_096.jpg,15.0,14.0
89,soc_097.jpg,19.0,18.0
89,soc_098.jpg,19.0,18.0
89,soc_099.jpg,15.0,14.0
89,soc_100.jpg,22.0,21.0
90,act_001.jpg,12.0,11.0
90,act_002.jpg,12.0,11.0
90,act_003.jpg,12.0,11.0
90,act_004.jpg,13.0,12.0
90,act_005.jpg,12.0,11.0
90,art_006.jpg,11.0,10.0
90,art_007.jpg,14.0,13.0
90,art_008.jpg,11.0,10.0
90,art_009.jpg,3.0,2.0
90,art_010.jpg,11.0,10.0
90,art_011.jpg,4.0,3.0
90,cat_012.jpg,12.0,11.0
90,cat_013.jpg,14.0,13.0
90,cat_014.jpg,8.0,7.0
90,cat_015.jpg,2.0,1.0
90,ind_016.jpg,2.0,1.0
90,ind_017.jpg,12.0,11.0
90,ind_018.jpg,12.0,11.0
90,ind_019.jpg,13.0,12.0
90,ind_020.jpg,11.0,10.0
90,ind_021.jpg,14.0,13.0
90,ind_022.jpg,12.0,11.0
90,ind_023.jpg,16.0,15.0
90,ind_024.jpg,8.0,7.0
90,ind_025.jpg,7.0,6.0
90,land_026.jpg,3.0,2.0
90,land_027.jpg,14.0,13.0
90,land_028.jpg,8.0,7.0
90,land_029.jpg,12.0,11.0
90,land_030.jpg,8.0,7.0
90,low_031.jpg,6.0,5.0
90,low_032.jpg,,
90,low_033.jpg,13.0,12.0
90,low_034.jpg,,
90,low_035.jpg,14.0,13.0
90,low_036.jpg,6.0,5.0
90,mood_37.jpg,12.0,11.0
90,mood_38.jpg,14.0,13.0
90,mood_39.jpg,15.0,14.0
90,mood_40.jpg,14.0,13.0
90,mood_41.jpg,12.0,11.0
90,mood_42.jpg,14.0,13.0
90,mood_43.jpg,17.0,16.0
90,mood_44.jpg,15.0,14.0
90,mood_45.jpg,7.0,6.0
90,mood_46.jpg,13.0,12.0
90,noi_047.jpg,9.0,8.0
90,noi_048.jpg,5.0,4.0
90,noi_049.jpg,5.0,4.0
90,noi_050.jpg,12.0,11.0
90,noi_051.jpg,11.0,10.0
90,noi_052.jpg,11.0,10.0
90,noi_053.jpg,10.0,9.0
90,outman_054.jpg,6.0,5.0
90,outman_055.jpg,12.0,11.0
90,outman_056.jpg,9.0,8.0
90,outman_057.jpg,13.0,12.0
90,outman_058.jpg,,
90,outman_059.jpg,14.0,13.0
90,outman_060.jpg,11.0,10.0
90,outman_061.jpg,14.0,13.0
90,pat_066.jpg,10.0,9.0
90,pat_067.jpg,2.0,1.0
90,pat_068.jpg,15.0,14.0
90,pat_069.jpg,16.0,15.0
90,pat_070.jpg,5.0,4.0
90,patch_062.jpg,10.0,9.0
90,patch_063.jpg,11.0,10.0
90,patch_064.jpg,14.0,13.0
90,patch_065.jpg,15.0,14.0
90,por_071.jpg,14.0,13.0
90,por_072.jpg,17.0,16.0
90,por_073.jpg,16.0,15.0
90,por_074.jpg,12.0,11.0
90,rand_075.jpg,1.0,0.0
90,rand_076.jpg,14.0,13.0
90,rand_077.jpg,10.0,9.0
90,rand_078.jpg,5.0,4.0
90,rand_079.jpg,12.0,11.0
90,sat_080.jpg,1.0,0.0
90,sat_081.jpg,14.0,13.0
90,sat_082.jpg,15.0,14.0
90,sat_083.jpg,15.0,14.0
90,sat_084.jpg,11.0,10.0
90,sat_085.jpg,10.0,9.0
90,sat_086.jpg,13.0,12.0
90,sat_087.jpg,4.0,3.0
90,soc_088.jpg,9.0,8.0
90,soc_089.jpg,11.0,10.0
90,soc_090.jpg,10.0,9.0
90,soc_091.jpg,11.0,10.0
90,soc_092.jpg,10.0,9.0
90,soc_093.jpg,15.0,14.0
90,soc_094.jpg,12.0,11.0
90,soc_095.jpg,16.0,15.0
90,soc_096.jpg,16.0,15.0
90,soc_097.jpg,9.0,8.0
90,soc_098.jpg,5.0,4.0
90,soc_099.jpg,13.0,12.0
90,soc_100.jpg,10.0,9.0
91,act_001.jpg,12.0,11.0
91,act_002.jpg,12.0,11.0
91,act_003.jpg,14.0,13.0
91,act_004.jpg,5.0,4.0
91,act_005.jpg,17.0,16.0
91,art_006.jpg,13.0,12.0
91,art_007.jpg,14.0,13.0
91,art_008.jpg,12.0,11.0
91,art_009.jpg,12.0,11.0
91,art_010.jpg,8.0,7.0
91,art_011.jpg,16.0,15.0
91,cat_012.jpg,11.0,10.0
91,cat_013.jpg,7.0,6.0
91,cat_014.jpg,9.0,8.0
91,cat_015.jpg,12.0,11.0
91,ind_016.jpg,14.0,13.0
91,ind_017.jpg,9.0,8.0
91,ind_018.jpg,14.0,13.0
91,ind_019.jpg,13.0,12.0
91,ind_020.jpg,20.0,19.0
91,ind_021.jpg,9.0,8.0
91,ind_022.jpg,10.0,9.0
91,ind_023.jpg,12.0,11.0
91,ind_024.jpg,15.0,14.0
91,ind_025.jpg,14.0,13.0
91,land_026.jpg,8.0,7.0
91,land_027.jpg,8.0,7.0
91,land_028.jpg,11.0,10.0
91,land_029.jpg,13.0,12.0
91,land_030.jpg,11.0,10.0
91,low_031.jpg,4.0,3.0
91,low_032.jpg,8.0,7.0
91,low_033.jpg,8.0,7.0
91,low_034.jpg,8.0,7.0
91,low_035.jpg,14.0,13.0
91,low_036.jpg,12.0,11.0
91,mood_37.jpg,17.0,16.0
91,mood_38.jpg,17.0,16.0
91,mood_39.jpg,17.0,16.0
91,mood_40.jpg,16.0,15.0
91,mood_41.jpg,16.0,15.0
91,mood_42.jpg,11.0,10.0
91,mood_43.jpg,19.0,18.0
91,mood_44.jpg,17.0,16.0
91,mood_45.jpg,16.0,15.0
91,mood_46.jpg,17.0,16.0
91,noi_047.jpg,10.0,9.0
91,noi_048.jpg,5.0,4.0
91,noi_049.jpg,12.0,11.0
91,noi_050.jpg,13.0,12.0
91,noi_051.jpg,6.0,5.0
91,noi_052.jpg,11.0,10.0
91,noi_053.jpg,8.0,7.0
91,outman_054.jpg,14.0,13.0
91,outman_055.jpg,12.0,11.0
91,outman_056.jpg,12.0,11.0
91,outman_057.jpg,13.0,12.0
91,outman_058.jpg,11.0,10.0
91,outman_059.jpg,6.0,5.0
91,outman_060.jpg,14.0,13.0
91,outman_061.jpg,16.0,15.0
91,pat_066.jpg,14.0,13.0
91,pat_067.jpg,12.0,11.0
91,pat_068.jpg,12.0,11.0
91,pat_069.jpg,13.0,12.0
91,pat_070.jpg,13.0,12.0
91,patch_062.jpg,17.0,16.0
91,patch_063.jpg,18.0,17.0
91,patch_064.jpg,17.0,16.0
91,patch_065.jpg,14.0,13.0
91,por_071.jpg,14.0,13.0
91,por_072.jpg,13.0,12.0
91,por_073.jpg,11.0,10.0
91,por_074.jpg,11.0,10.0
91,rand_075.jpg,17.0,16.0
91,rand_076.jpg,17.0,16.0
91,rand_077.jpg,12.0,11.0
91,rand_078.jpg,11.0,10.0
91,rand_079.jpg,15.0,14.0
91,sat_080.jpg,16.0,15.0
91,sat_081.jpg,17.0,16.0
91,sat_082.jpg,14.0,13.0
91,sat_083.jpg,15.0,14.0
91,sat_084.jpg,17.0,16.0
91,sat_085.jpg,15.0,14.0
91,sat_086.jpg,18.0,17.0
91,sat_087.jpg,14.0,13.0
91,soc_088.jpg,16.0,15.0
91,soc_089.jpg,15.0,14.0
91,soc_090.jpg,14.0,13.0
91,soc_091.jpg,12.0,11.0
91,soc_092.jpg,14.0,13.0
91,soc_093.jpg,16.0,15.0
91,soc_094.jpg,18.0,17.0
91,soc_095.jpg,16.0,15.0
91,soc_096.jpg,15.0,14.0
91,soc_097.jpg,13.0,12.0
91,soc_098.jpg,15.0,14.0
91,soc_099.jpg,14.0,13.0
91,soc_100.jpg,14.0,13.0
94,act_001.jpg,9.0,8.0
94,act_002.jpg,14.0,13.0
94,act_003.jpg,18.0,17.0
94,act_004.jpg,13.0,12.0
94,act_005.jpg,14.0,13.0
94,art_006.jpg,12.0,11.0
94,art_007.jpg,14.0,13.0
94,art_008.jpg,14.0,13.0
94,art_009.jpg,15.0,14.0
94,art_010.jpg,14.0,13.0
94,art_011.jpg,13.0,12.0
94,cat_012.jpg,11.0,10.0
94,cat_013.jpg,13.0,12.0
94,cat_014.jpg,13.0,12.0
94,cat_015.jpg,13.0,12.0
94,ind_016.jpg,11.0,10.0
94,ind_017.jpg,13.0,12.0
94,ind_018.jpg,15.0,14.0
94,ind_019.jpg,14.0,13.0
94,ind_020.jpg,16.0,15.0
94,ind_021.jpg,13.0,12.0
94,ind_022.jpg,14.0,13.0
94,ind_023.jpg,12.0,11.0
94,ind_024.jpg,13.0,12.0
94,ind_025.jpg,12.0,11.0
94,land_026.jpg,13.0,12.0
94,land_027.jpg,12.0,11.0
94,land_028.jpg,12.0,11.0
94,land_029.jpg,11.0,10.0
94,land_030.jpg,13.0,12.0
94,low_031.jpg,13.0,12.0
94,low_032.jpg,11.0,10.0
94,low_033.jpg,12.0,11.0
94,low_034.jpg,15.0,14.0
94,low_035.jpg,9.0,8.0
94,low_036.jpg,11.0,10.0
94,mood_37.jpg,13.0,12.0
94,mood_38.jpg,16.0,15.0
94,mood_39.jpg,15.0,14.0
94,mood_40.jpg,13.0,12.0
94,mood_41.jpg,17.0,16.0
94,mood_42.jpg,18.0,17.0
94,mood_43.jpg,15.0,14.0
94,mood_44.jpg,13.0,12.0
94,mood_45.jpg,14.0,13.0
94,mood_46.jpg,15.0,14.0
94,noi_047.jpg,12.0,11.0
94,noi_048.jpg,10.0,9.0
94,noi_049.jpg,12.0,11.0
94,noi_050.jpg,14.0,13.0
94,noi_051.jpg,9.0,8.0
94,noi_052.jpg,9.0,8.0
94,noi_053.jpg,15.0,14.0
94,outman_054.jpg,11.0,10.0
94,outman_055.jpg,9.0,8.0
94,outman_056.jpg,14.0,13.0
94,outman_057.jpg,11.0,10.0
94,outman_058.jpg,13.0,12.0
94,outman_059.jpg,9.0,8.0
94,outman_060.jpg,14.0,13.0
94,outman_061.jpg,11.0,10.0
94,pat_066.jpg,10.0,9.0
94,pat_067.jpg,15.0,14.0
94,pat_068.jpg,8.0,7.0
94,pat_069.jpg,10.0,9.0
94,pat_070.jpg,11.0,10.0
94,patch_062.jpg,12.0,11.0
94,patch_063.jpg,13.0,12.0
94,patch_064.jpg,14.0,13.0
94,patch_065.jpg,9.0,8.0
94,por_071.jpg,8.0,7.0
94,por_072.jpg,13.0,12.0
94,por_073.jpg,11.0,10.0
94,por_074.jpg,12.0,11.0
94,rand_075.jpg,11.0,10.0
94,rand_076.jpg,11.0,10.0
94,rand_077.jpg,9.0,8.0
94,rand_078.jpg,11.0,10.0
94,rand_079.jpg,15.0,14.0
94,sat_080.jpg,10.0,9.0
94,sat_081.jpg,11.0,10.0
94,sat_082.jpg,13.0,12.0
94,sat_083.jpg,9.0,8.0
94,sat_084.jpg,13.0,12.0
94,sat_085.jpg,13.0,12.0
94,sat_086.jpg,15.0,14.0
94,sat_087.jpg,12.0,11.0
94,soc_088.jpg,12.0,11.0
94,soc_089.jpg,12.0,11.0
94,soc_090.jpg,11.0,10.0
94,soc_091.jpg,16.0,15.0
94,soc_092.jpg,11.0,10.0
94,soc_093.jpg,16.0,15.0
94,soc_094.jpg,16.0,15.0
94,soc_095.jpg,16.0,15.0
94,soc_096.jpg,17.0,16.0
94,soc_097.jpg,17.0,16.0
94,soc_098.jpg,13.0,12.0
94,soc_099.jpg,17.0,16.0
94,soc_100.jpg,16.0,15.0
95,act_001.jpg,16.0,15.0
95,act_002.jpg,18.0,17.0
95,act_003.jpg,15.0,14.0
95,act_004.jpg,16.0,15.0
95,act_005.jpg,16.0,15.0
95,art_006.jpg,17.0,16.0
95,art_007.jpg,13.0,12.0
95,art_008.jpg,15.0,14.0
95,art_009.jpg,19.0,18.0
95,art_010.jpg,18.0,17.0
95,art_011.jpg,13.0,12.0
95,cat_012.jpg,15.0,14.0
95,cat_013.jpg,16.0,15.0
95,cat_014.jpg,17.0,16.0
95,cat_015.jpg,14.0,13.0
95,ind_016.jpg,15.0,14.0
95,ind_017.jpg,15.0,14.0
95,ind_018.jpg,17.0,16.0
95,ind_019.jpg,16.0,15.0
95,ind_020.jpg,18.0,17.0
95,ind_021.jpg,19.0,18.0
95,ind_022.jpg,16.0,15.0
95,ind_023.jpg,14.0,13.0
95,ind_024.jpg,19.0,18.0
95,ind_025.jpg,16.0,15.0
95,land_026.jpg,12.0,11.0
95,land_027.jpg,17.0,16.0
95,land_028.jpg,16.0,15.0
95,land_029.jpg,12.0,11.0
95,land_030.jpg,12.0,11.0
95,low_031.jpg,16.0,15.0
95,low_032.jpg,17.0,16.0
95,low_033.jpg,17.0,16.0
95,low_034.jpg,11.0,10.0
95,low_035.jpg,17.0,16.0
95,low_036.jpg,15.0,14.0
95,mood_37.jpg,19.0,18.0
95,mood_38.jpg,19.0,18.0
95,mood_39.jpg,19.0,18.0
95,mood_40.jpg,17.0,16.0
95,mood_41.jpg,20.0,19.0
95,mood_42.jpg,17.0,16.0
95,mood_43.jpg,18.0,17.0
95,mood_44.jpg,16.0,15.0
95,mood_45.jpg,19.0,18.0
95,mood_46.jpg,17.0,16.0
95,noi_047.jpg,17.0,16.0
95,noi_048.jpg,16.0,15.0
95,noi_049.jpg,19.0,18.0
95,noi_050.jpg,16.0,15.0
95,noi_051.jpg,16.0,15.0
95,noi_052.jpg,17.0,16.0
95,noi_053.jpg,14.0,13.0
95,outman_054.jpg,16.0,15.0
95,outman_055.jpg,16.0,15.0
95,outman_056.jpg,14.0,13.0
95,outman_057.jpg,16.0,15.0
95,outman_058.jpg,16.0,15.0
95,outman_059.jpg,15.0,14.0
95,outman_060.jpg,17.0,16.0
95,outman_061.jpg,18.0,17.0
95,pat_066.jpg,19.0,18.0
95,pat_067.jpg,15.0,14.0
95,pat_068.jpg,17.0,16.0
95,pat_069.jpg,19.0,18.0
95,pat_070.jpg,16.0,15.0
95,patch_062.jpg,18.0,17.0
95,patch_063.jpg,16.0,15.0
95,patch_064.jpg,17.0,16.0
95,patch_065.jpg,14.0,13.0
95,por_071.jpg,18.0,17.0
95,por_072.jpg,21.0,20.0
95,por_073.jpg,20.0,19.0
95,por_074.jpg,19.0,18.0
95,rand_075.jpg,16.0,15.0
95,rand_076.jpg,16.0,15.0
95,rand_077.jpg,16.0,15.0
95,rand_078.jpg,17.0,16.0
95,rand_079.jpg,19.0,18.0
95,sat_080.jpg,19.0,18.0
95,sat_081.jpg,21.0,20.0
95,sat_082.jpg,21.0,20.0
95,sat_083.jpg,20.0,19.0
95,sat_084.jpg,17.0,16.0
95,sat_085.jpg,18.0,17.0
95,sat_086.jpg,17.0,16.0
95,sat_087.jpg,20.0,19.0
95,soc_088.jpg,20.0,19.0
95,soc_089.jpg,22.0,21.0
95,soc_090.jpg,17.0,16.0
95,soc_091.jpg,17.0,16.0
95,soc_092.jpg,20.0,19.0
95,soc_093.jpg,16.0,15.0
95,soc_094.jpg,18.0,17.0
95,soc_095.jpg,19.0,18.0
95,soc_096.jpg,16.0,15.0
95,soc_097.jpg,18.0,17.0
95,soc_098.jpg,20.0,19.0
95,soc_099.jpg,19.0,18.0
95,soc_100.jpg,16.0,15.0
97,act_001.jpg,16.0,15.0
97,act_002.jpg,16.0,15.0
97,act_003.jpg,19.0,18.0
97,act_004.jpg,15.0,14.0
97,act_005.jpg,17.0,16.0
97,art_006.jpg,11.0,10.0
97,art_007.jpg,17.0,16.0
97,art_008.jpg,14.0,13.0
97,art_009.jpg,15.0,14.0
97,art_010.jpg,12.0,11.0
97,art_011.jpg,14.0,13.0
97,cat_012.jpg,17.0,16.0
97,cat_013.jpg,15.0,14.0
97,cat_014.jpg,14.0,13.0
97,cat_015.jpg,12.0,11.0
97,ind_016.jpg,16.0,15.0
97,ind_017.jpg,13.0,12.0
97,ind_018.jpg,16.0,15.0
97,ind_019.jpg,16.0,15.0
97,ind_020.jpg,16.0,15.0
97,ind_021.jpg,16.0,15.0
97,ind_022.jpg,16.0,15.0
97,ind_023.jpg,15.0,14.0
97,ind_024.jpg,15.0,14.0
97,ind_025.jpg,15.0,14.0
97,land_026.jpg,15.0,14.0
97,land_027.jpg,11.0,10.0
97,land_028.jpg,16.0,15.0
97,land_029.jpg,11.0,10.0
97,land_030.jpg,11.0,10.0
97,low_031.jpg,10.0,9.0
97,low_032.jpg,13.0,12.0
97,low_033.jpg,14.0,13.0
97,low_034.jpg,12.0,11.0
97,low_035.jpg,14.0,13.0
97,low_036.jpg,16.0,15.0
97,mood_37.jpg,17.0,16.0
97,mood_38.jpg,15.0,14.0
97,mood_39.jpg,16.0,15.0
97,mood_40.jpg,15.0,14.0
97,mood_41.jpg,14.0,13.0
97,mood_42.jpg,15.0,14.0
97,mood_43.jpg,20.0,19.0
97,mood_44.jpg,16.0,15.0
97,mood_45.jpg,15.0,14.0
97,mood_46.jpg,14.0,13.0
97,noi_047.jpg,17.0,16.0
97,noi_048.jpg,6.0,5.0
97,noi_049.jpg,18.0,17.0
97,noi_050.jpg,11.0,10.0
97,noi_051.jpg,3.0,2.0
97,noi_052.jpg,16.0,15.0
97,noi_053.jpg,17.0,16.0
97,outman_054.jpg,15.0,14.0
97,outman_055.jpg,16.0,15.0
97,outman_056.jpg,14.0,13.0
97,outman_057.jpg,12.0,11.0
97,outman_058.jpg,16.0,15.0
97,outman_059.jpg,16.0,15.0
97,outman_060.jpg,15.0,14.0
97,outman_061.jpg,15.0,14.0
97,pat_066.jpg,14.0,13.0
97,pat_067.jpg,10.0,9.0
97,pat_068.jpg,12.0,11.0
97,pat_069.jpg,15.0,14.0
97,pat_070.jpg,17.0,16.0
97,patch_062.jpg,14.0,13.0
97,patch_063.jpg,15.0,14.0
97,patch_064.jpg,16.0,15.0
97,patch_065.jpg,13.0,12.0
97,por_071.jpg,14.0,13.0
97,por_072.jpg,14.0,13.0
97,por_073.jpg,16.0,15.0
97,por_074.jpg,14.0,13.0
97,rand_075.jpg,15.0,14.0
97,rand_076.jpg,16.0,15.0
97,rand_077.jpg,12.0,11.0
97,rand_078.jpg,13.0,12.0
97,rand_079.jpg,14.0,13.0
97,sat_080.jpg,14.0,13.0
97,sat_081.jpg,16.0,15.0
97,sat_082.jpg,14.0,13.0
97,sat_083.jpg,16.0,15.0
97,sat_084.jpg,12.0,11.0
97,sat_085.jpg,15.0,14.0
97,sat_086.jpg,16.0,15.0
97,sat_087.jpg,13.0,12.0
97,soc_088.jpg,14.0,13.0
97,soc_089.jpg,17.0,16.0
97,soc_090.jpg,12.0,11.0
97,soc_091.jpg,17.0,16.0
97,soc_092.jpg,16.0,15.0
97,soc_093.jpg,14.0,13.0
97,soc_094.jpg,12.0,11.0
97,soc_095.jpg,13.0,12.0
97,soc_096.jpg,16.0,15.0
97,soc_097.jpg,16.0,15.0
97,soc_098.jpg,15.0,14.0
97,soc_099.jpg,16.0,15.0
97,soc_100.jpg,18.0,17.0
99,act_001.jpg,17.0,16.0
99,act_002.jpg,3.0,2.0
99,act_003.jpg,18.0,17.0
99,act_004.jpg,17.0,16.0
99,act_005.jpg,2.0,1.0
99,art_006.jpg,14.0,13.0
99,art_007.jpg,17.0,16.0
99,art_008.jpg,18.0,17.0
99,art_009.jpg,14.0,13.0
99,art_010.jpg,2.0,1.0
99,art_011.jpg,16.0,15.0
99,cat_012.jpg,3.0,2.0
99,cat_013.jpg,18.0,17.0
99,cat_014.jpg,19.0,18.0
99,cat_015.jpg,4.0,3.0
99,ind_016.jpg,15.0,14.0
99,ind_017.jpg,3.0,2.0
99,ind_018.jpg,13.0,12.0
99,ind_019.jpg,16.0,15.0
99,ind_020.jpg,18.0,17.0
99,ind_021.jpg,16.0,15.0
99,ind_022.jpg,17.0,16.0
99,ind_023.jpg,16.0,15.0
99,ind_024.jpg,16.0,15.0
99,ind_025.jpg,13.0,12.0
99,land_026.jpg,,
99,land_027.jpg,17.0,16.0
99,land_028.jpg,1.0,0.0
99,land_029.jpg,12.0,11.0
99,land_030.jpg,17.0,16.0
99,low_031.jpg,11.0,10.0
99,low_032.jpg,16.0,15.0
99,low_033.jpg,8.0,7.0
99,low_034.jpg,16.0,15.0
99,low_035.jpg,15.0,14.0
99,low_036.jpg,16.0,15.0
99,mood_37.jpg,16.0,15.0
99,mood_38.jpg,20.0,19.0
99,mood_39.jpg,19.0,18.0
99,mood_40.jpg,15.0,14.0
99,mood_41.jpg,15.0,14.0
99,mood_42.jpg,18.0,17.0
99,mood_43.jpg,16.0,15.0
99,mood_44.jpg,15.0,14.0
99,mood_45.jpg,18.0,17.0
99,mood_46.jpg,20.0,19.0
99,noi_047.jpg,19.0,18.0
99,noi_048.jpg,9.0,8.0
99,noi_049.jpg,17.0,16.0
99,noi_050.jpg,7.0,6.0
99,noi_051.jpg,9.0,8.0
99,noi_052.jpg,12.0,11.0
99,noi_053.jpg,,
99,outman_054.jpg,16.0,15.0
99,outman_055.jpg,17.0,16.0
99,outman_056.jpg,14.0,13.0
99,outman_057.jpg,6.0,5.0
99,outman_058.jpg,14.0,13.0
99,outman_059.jpg,15.0,14.0
99,outman_060.jpg,16.0,15.0
99,outman_061.jpg,2.0,1.0
99,pat_066.jpg,17.0,16.0
99,pat_067.jpg,18.0,17.0
99,pat_068.jpg,12.0,11.0
99,pat_069.jpg,16.0,15.0
99,pat_070.jpg,20.0,19.0
99,patch_062.jpg,5.0,4.0
99,patch_063.jpg,13.0,12.0
99,patch_064.jpg,10.0,9.0
99,patch_065.jpg,10.0,9.0
99,por_071.jpg,19.0,18.0
99,por_072.jpg,18.0,17.0
99,por_073.jpg,16.0,15.0
99,por_074.jpg,18.0,17.0
99,rand_075.jpg,15.0,14.0
99,rand_076.jpg,19.0,18.0
99,rand_077.jpg,17.0,16.0
99,rand_078.jpg,7.0,6.0
99,rand_079.jpg,20.0,19.0
99,sat_080.jpg,16.0,15.0
99,sat_081.jpg,16.0,15.0
99,sat_082.jpg,15.0,14.0
99,sat_083.jpg,18.0,17.0
99,sat_084.jpg,7.0,6.0
99,sat_085.jpg,13.0,12.0
99,sat_086.jpg,18.0,17.0
99,sat_087.jpg,17.0,16.0
99,soc_088.jpg,13.0,12.0
99,soc_089.jpg,17.0,16.0
99,soc_090.jpg,16.0,15.0
99,soc_091.jpg,12.0,11.0
99,soc_092.jpg,16.0,15.0
99,soc_093.jpg,19.0,18.0
99,soc_094.jpg,17.0,16.0
99,soc_095.jpg,17.0,16.0
99,soc_096.jpg,21.0,20.0
99,soc_097.jpg,15.0,14.0
99,soc_098.jpg,12.0,11.0
99,soc_099.jpg,19.0,18.0
99,soc_100.jpg,15.0,14.0
101,act_001.jpg,15.0,14.0
101,act_002.jpg,13.0,12.0
101,act_003.jpg,17.0,16.0
101,act_004.jpg,15.0,14.0
101,act_005.jpg,17.0,16.0
101,art_006.jpg,12.0,11.0
101,art_007.jpg,16.0,15.0
101,art_008.jpg,17.0,16.0
101,art_009.jpg,14.0,13.0
101,art_010.jpg,17.0,16.0
101,art_011.jpg,11.0,10.0
101,cat_012.jpg,16.0,15.0
101,cat_013.jpg,18.0,17.0
101,cat_014.jpg,16.0,15.0
101,cat_015.jpg,15.0,14.0
101,ind_016.jpg,13.0,12.0
101,ind_017.jpg,12.0,11.0
101,ind_018.jpg,16.0,15.0
101,ind_019.jpg,14.0,13.0
101,ind_020.jpg,18.0,17.0
101,ind_021.jpg,16.0,15.0
101,ind_022.jpg,16.0,15.0
101,ind_023.jpg,15.0,14.0
101,ind_024.jpg,16.0,15.0
101,ind_025.jpg,9.0,8.0
101,land_026.jpg,17.0,16.0
101,land_027.jpg,16.0,15.0
101,land_028.jpg,17.0,16.0
101,land_029.jpg,14.0,13.0
101,land_030.jpg,4.0,3.0
101,low_031.jpg,12.0,11.0
101,low_032.jpg,11.0,10.0
101,low_033.jpg,16.0,15.0
101,low_034.jpg,12.0,11.0
101,low_035.jpg,10.0,9.0
101,low_036.jpg,15.0,14.0
101,mood_37.jpg,16.0,15.0
101,mood_38.jpg,16.0,15.0
101,mood_39.jpg,17.0,16.0
101,mood_40.jpg,14.0,13.0
101,mood_41.jpg,16.0,15.0
101,mood_42.jpg,18.0,17.0
101,mood_43.jpg,18.0,17.0
101,mood_44.jpg,17.0,16.0
101,mood_45.jpg,18.0,17.0
101,mood_46.jpg,15.0,14.0
101,noi_047.jpg,15.0,14.0
101,noi_048.jpg,16.0,15.0
101,noi_049.jpg,11.0,10.0
101,noi_050.jpg,10.0,9.0
101,noi_051.jpg,7.0,6.0
101,noi_052.jpg,16.0,15.0
101,noi_053.jpg,15.0,14.0
101,outman_054.jpg,15.0,14.0
101,outman_055.jpg,16.0,15.0
101,outman_056.jpg,17.0,16.0
101,outman_057.jpg,17.0,16.0
101,outman_058.jpg,14.0,13.0
101,outman_059.jpg,15.0,14.0
101,outman_060.jpg,16.0,15.0
101,outman_061.jpg,16.0,15.0
101,pat_066.jpg,13.0,12.0
101,pat_067.jpg,18.0,17.0
101,pat_068.jpg,16.0,15.0
101,pat_069.jpg,14.0,13.0
101,pat_070.jpg,17.0,16.0
101,patch_062.jpg,15.0,14.0
101,patch_063.jpg,17.0,16.0
101,patch_064.jpg,17.0,16.0
101,patch_065.jpg,15.0,14.0
101,por_071.jpg,14.0,13.0
101,por_072.jpg,12.0,11.0
101,por_073.jpg,15.0,14.0
101,por_074.jpg,15.0,14.0
101,rand_075.jpg,15.0,14.0
101,rand_076.jpg,17.0,16.0
101,rand_077.jpg,13.0,12.0
101,rand_078.jpg,12.0,11.0
101,rand_079.jpg,17.0,16.0
101,sat_080.jpg,16.0,15.0
101,sat_081.jpg,20.0,19.0
101,sat_082.jpg,17.0,16.0
101,sat_083.jpg,18.0,17.0
101,sat_084.jpg,16.0,15.0
101,sat_085.jpg,16.0,15.0
101,sat_086.jpg,16.0,15.0
101,sat_087.jpg,15.0,14.0
101,soc_088.jpg,16.0,15.0
101,soc_089.jpg,20.0,19.0
101,soc_090.jpg,16.0,15.0
101,soc_091.jpg,19.0,18.0
101,soc_092.jpg,14.0,13.0
101,soc_093.jpg,17.0,16.0
101,soc_094.jpg,17.0,16.0
101,soc_095.jpg,17.0,16.0
101,soc_096.jpg,20.0,19.0
101,soc_097.jpg,15.0,14.0
101,soc_098.jpg,16.0,15.0
101,soc_099.jpg,15.0,14.0
101,soc_100.jpg,14.0,13.0
102,act_001.jpg,15.0,14.0
102,act_002.jpg,18.0,17.0
102,act_003.jpg,19.0,18.0
102,act_004.jpg,17.0,16.0
102,act_005.jpg,18.0,17.0
102,art_006.jpg,18.0,17.0
102,art_007.jpg,18.0,17.0
102,art_008.jpg,19.0,18.0
102,art_009.jpg,13.0,12.0
102,art_010.jpg,17.0,16.0
102,art_011.jpg,15.0,14.0
102,cat_012.jpg,18.0,17.0
102,cat_013.jpg,19.0,18.0
102,cat_014.jpg,15.0,14.0
102,cat_015.jpg,13.0,12.0
102,ind_016.jpg,18.0,17.0
102,ind_017.jpg,16.0,15.0
102,ind_018.jpg,16.0,15.0
102,ind_019.jpg,13.0,12.0
102,ind_020.jpg,15.0,14.0
102,ind_021.jpg,19.0,18.0
102,ind_022.jpg,19.0,18.0
102,ind_023.jpg,16.0,15.0
102,ind_024.jpg,18.0,17.0
102,ind_025.jpg,17.0,16.0
102,land_026.jpg,18.0,17.0
102,land_027.jpg,19.0,18.0
102,land_028.jpg,15.0,14.0
102,land_029.jpg,19.0,18.0
102,land_030.jpg,17.0,16.0
102,low_031.jpg,11.0,10.0
102,low_032.jpg,13.0,12.0
102,low_033.jpg,18.0,17.0
102,low_034.jpg,16.0,15.0
102,low_035.jpg,15.0,14.0
102,low_036.jpg,14.0,13.0
102,mood_37.jpg,14.0,13.0
102,mood_38.jpg,18.0,17.0
102,mood_39.jpg,20.0,19.0
102,mood_40.jpg,18.0,17.0
102,mood_41.jpg,19.0,18.0
102,mood_42.jpg,18.0,17.0
102,mood_43.jpg,18.0,17.0
102,mood_44.jpg,17.0,16.0
102,mood_45.jpg,18.0,17.0
102,mood_46.jpg,18.0,17.0
102,noi_047.jpg,19.0,18.0
102,noi_048.jpg,19.0,18.0
102,noi_049.jpg,17.0,16.0
102,noi_050.jpg,17.0,16.0
102,noi_051.jpg,16.0,15.0
102,noi_052.jpg,15.0,14.0
102,noi_053.jpg,18.0,17.0
102,outman_054.jpg,16.0,15.0
102,outman_055.jpg,18.0,17.0
102,outman_056.jpg,16.0,15.0
102,outman_057.jpg,17.0,16.0
102,outman_058.jpg,17.0,16.0
102,outman_059.jpg,17.0,16.0
102,outman_060.jpg,15.0,14.0
102,outman_061.jpg,16.0,15.0
102,pat_066.jpg,11.0,10.0
102,pat_067.jpg,13.0,12.0
102,pat_068.jpg,9.0,8.0
102,pat_069.jpg,14.0,13.0
102,pat_070.jpg,15.0,14.0
102,patch_062.jpg,18.0,17.0
102,patch_063.jpg,17.0,16.0
102,patch_064.jpg,11.0,10.0
102,patch_065.jpg,17.0,16.0
102,por_071.jpg,18.0,17.0
102,por_072.jpg,16.0,15.0
102,por_073.jpg,16.0,15.0
102,por_074.jpg,16.0,15.0
102,rand_075.jpg,19.0,18.0
102,rand_076.jpg,16.0,15.0
102,rand_077.jpg,14.0,13.0
102,rand_078.jpg,16.0,15.0
102,rand_079.jpg,15.0,14.0
102,sat_080.jpg,19.0,18.0
102,sat_081.jpg,17.0,16.0
102,sat_082.jpg,16.0,15.0
102,sat_083.jpg,19.0,18.0
102,sat_084.jpg,17.0,16.0
102,sat_085.jpg,19.0,18.0
102,sat_086.jpg,19.0,18.0
102,sat_087.jpg,17.0,16.0
102,soc_088.jpg,15.0,14.0
102,soc_089.jpg,19.0,18.0
102,soc_090.jpg,12.0,11.0
102,soc_091.jpg,19.0,18.0
102,soc_092.jpg,16.0,15.0
102,soc_093.jpg,16.0,15.0
102,soc_094.jpg,15.0,14.0
102,soc_095.jpg,14.0,13.0
102,soc_096.jpg,14.0,13.0
102,soc_097.jpg,20.0,19.0
102,soc_098.jpg,17.0,16.0
102,soc_099.jpg,17.0,16.0
102,soc_100.jpg,16.0,15.0
203,act_001.jpg,13.0,12.0
203,act_002.jpg,12.0,11.0
203,act_003.jpg,16.0,15.0
203,act_004.jpg,11.0,10.0
203,act_005.jpg,14.0,13.0
203,art_006.jpg,13.0,12.0
203,art_007.jpg,12.0,11.0
203,art_008.jpg,16.0,15.0
203,art_009.jpg,12.0,11.0
203,art_010.jpg,13.0,12.0
203,art_011.jpg,15.0,14.0
203,cat_012.jpg,13.0,12.0
203,cat_013.jpg,8.0,7.0
203,cat_014.jpg,16.0,15.0
203,cat_015.jpg,16.0,15.0
203,ind_016.jpg,14.0,13.0
203,ind_017.jpg,16.0,15.0
203,ind_018.jpg,13.0,12.0
203,ind_019.jpg,8.0,7.0
203,ind_020.jpg,13.0,12.0
203,ind_021.jpg,15.0,14.0
203,ind_022.jpg,15.0,14.0
203,ind_023.jpg,12.0,11.0
203,ind_024.jpg,14.0,13.0
203,ind_025.jpg,13.0,12.0
203,land_026.jpg,13.0,12.0
203,land_027.jpg,13.0,12.0
203,land_028.jpg,13.0,12.0
203,land_029.jpg,12.0,11.0
203,land_030.jpg,11.0,10.0
203,low_031.jpg,13.0,12.0
203,low_032.jpg,11.0,10.0
203,low_033.jpg,9.0,8.0
203,low_034.jpg,11.0,10.0
203,low_035.jpg,11.0,10.0
203,low_036.jpg,10.0,9.0
203,mood_37.jpg,16.0,15.0
203,mood_38.jpg,18.0,17.0
203,mood_39.jpg,16.0,15.0
203,mood_40.jpg,14.0,13.0
203,mood_41.jpg,14.0,13.0
203,mood_42.jpg,14.0,13.0
203,mood_43.jpg,12.0,11.0
203,mood_44.jpg,18.0,17.0
203,mood_45.jpg,18.0,17.0
203,mood_46.jpg,16.0,15.0
203,noi_047.jpg,9.0,8.0
203,noi_048.jpg,13.0,12.0
203,noi_049.jpg,12.0,11.0
203,noi_050.jpg,15.0,14.0
203,noi_051.jpg,8.0,7.0
203,noi_052.jpg,13.0,12.0
203,noi_053.jpg,15.0,14.0
203,outman_054.jpg,14.0,13.0
203,outman_055.jpg,8.0,7.0
203,outman_056.jpg,13.0,12.0
203,outman_057.jpg,14.0,13.0
203,outman_058.jpg,16.0,15.0
203,outman_059.jpg,15.0,14.0
203,outman_060.jpg,13.0,12.0
203,outman_061.jpg,10.0,9.0
203,pat_066.jpg,5.0,4.0
203,pat_067.jpg,12.0,11.0
203,pat_068.jpg,8.0,7.0
203,pat_069.jpg,14.0,13.0
203,pat_070.jpg,11.0,10.0
203,patch_062.jpg,8.0,7.0
203,patch_063.jpg,18.0,17.0
203,patch_064.jpg,11.0,10.0
203,patch_065.jpg,11.0,10.0
203,por_071.jpg,11.0,10.0
203,por_072.jpg,11.0,10.0
203,por_073.jpg,15.0,14.0
203,por_074.jpg,10.0,9.0
203,rand_075.jpg,12.0,11.0
203,rand_076.jpg,12.0,11.0
203,rand_077.jpg,9.0,8.0
203,rand_078.jpg,12.0,11.0
203,rand_079.jpg,15.0,14.0
203,sat_080.jpg,10.0,9.0
203,sat_081.jpg,13.0,12.0
203,sat_082.jpg,5.0,4.0
203,sat_083.jpg,10.0,9.0
203,sat_084.jpg,11.0,10.0
203,sat_085.jpg,10.0,9.0
203,sat_086.jpg,13.0,12.0
203,sat_087.jpg,11.0,10.0
203,soc_088.jpg,10.0,9.0
203,soc_089.jpg,15.0,14.0
203,soc_090.jpg,11.0,10.0
203,soc_091.jpg,14.0,13.0
203,soc_092.jpg,10.0,9.0
203,soc_093.jpg,15.0,14.0
203,soc_094.jpg,13.0,12.0
203,soc_095.jpg,16.0,15.0
203,soc_096.jpg,16.0,15.0
203,soc_097.jpg,15.0,14.0
203,soc_098.jpg,13.0,12.0
203,soc_099.jpg,16.0,15.0
203,soc_100.jpg,12.0,11.0
204,act_001.jpg,5.0,4.0
204,act_002.jpg,7.0,6.0
204,act_003.jpg,14.0,13.0
204,act_004.jpg,,
204,act_005.jpg,3.0,2.0
204,art_006.jpg,10.0,9.0
204,art_007.jpg,6.0,5.0
204,art_008.jpg,9.0,8.0
204,art_009.jpg,11.0,10.0
204,art_010.jpg,5.0,4.0
204,art_011.jpg,,
204,cat_012.jpg,11.0,10.0
204,cat_013.jpg,10.0,9.0
204,cat_014.jpg,5.0,4.0
204,cat_015.jpg,11.0,10.0
204,ind_016.jpg,6.0,5.0
204,ind_017.jpg,9.0,8.0
204,ind_018.jpg,6.0,5.0
204,ind_019.jpg,5.0,4.0
204,ind_020.jpg,2.0,1.0
204,ind_021.jpg,4.0,3.0
204,ind_022.jpg,8.0,7.0
204,ind_023.jpg,5.0,4.0
204,ind_024.jpg,3.0,2.0
204,ind_025.jpg,6.0,5.0
204,land_026.jpg,8.0,7.0
204,land_027.jpg,6.0,5.0
204,land_028.jpg,1.0,0.0
204,land_029.jpg,2.0,1.0
204,land_030.jpg,4.0,3.0
204,low_031.jpg,5.0,4.0
204,low_032.jpg,5.0,4.0
204,low_033.jpg,11.0,10.0
204,low_034.jpg,6.0,5.0
204,low_035.jpg,4.0,3.0
204,low_036.jpg,5.0,4.0
204,mood_37.jpg,5.0,4.0
204,mood_38.jpg,7.0,6.0
204,mood_39.jpg,5.0,4.0
204,mood_40.jpg,11.0,10.0
204,mood_41.jpg,16.0,15.0
204,mood_42.jpg,10.0,9.0
204,mood_43.jpg,13.0,12.0
204,mood_44.jpg,12.0,11.0
204,mood_45.jpg,9.0,8.0
204,mood_46.jpg,15.0,14.0
204,noi_047.jpg,4.0,3.0
204,noi_048.jpg,5.0,4.0
204,noi_049.jpg,,
204,noi_050.jpg,7.0,6.0
204,noi_051.jpg,12.0,11.0
204,noi_052.jpg,5.0,4.0
204,noi_053.jpg,8.0,7.0
204,outman_054.jpg,9.0,8.0
204,outman_055.jpg,6.0,5.0
204,outman_056.jpg,3.0,2.0
204,outman_057.jpg,3.0,2.0
204,outman_058.jpg,2.0,1.0
204,outman_059.jpg,8.0,7.0
204,outman_060.jpg,13.0,12.0
204,outman_061.jpg,12.0,11.0
204,pat_066.jpg,7.0,6.0
204,pat_067.jpg,,
204,pat_068.jpg,2.0,1.0
204,pat_069.jpg,1.0,0.0
204,pat_070.jpg,4.0,3.0
204,patch_062.jpg,8.0,7.0
204,patch_063.jpg,10.0,9.0
204,patch_064.jpg,8.0,7.0
204,patch_065.jpg,10.0,9.0
204,por_071.jpg,7.0,6.0
204,por_072.jpg,11.0,10.0
204,por_073.jpg,11.0,10.0
204,por_074.jpg,10.0,9.0
204,rand_075.jpg,1.0,0.0
204,rand_076.jpg,4.0,3.0
204,rand_077.jpg,3.0,2.0
204,rand_078.jpg,,
204,rand_079.jpg,3.0,2.0
204,sat_080.jpg,3.0,2.0
204,sat_081.jpg,9.0,8.0
204,sat_082.jpg,12.0,11.0
204,sat_083.jpg,13.0,12.0
204,sat_084.jpg,8.0,7.0
204,sat_085.jpg,,
204,sat_086.jpg,9.0,8.0
204,sat_087.jpg,14.0,13.0
204,soc_088.jpg,10.0,9.0
204,soc_089.jpg,8.0,7.0
204,soc_090.jpg,15.0,14.0
204,soc_091.jpg,2.0,1.0
204,soc_092.jpg,7.0,6.0
204,soc_093.jpg,4.0,3.0
204,soc_094.jpg,9.0,8.0
204,soc_095.jpg,12.0,11.0
204,soc_096.jpg,10.0,9.0
204,soc_097.jpg,12.0,11.0
204,soc_098.jpg,9.0,8.0
204,soc_099.jpg,13.0,12.0
204,soc_100.jpg,10.0,9.0
205,act_001.jpg,16.0,15.0
205,act_002.jpg,16.0,15.0
205,act_003.jpg,14.0,13.0
205,act_004.jpg,15.0,14.0
205,act_005.jpg,16.0,15.0
205,art_006.jpg,13.0,12.0
205,art_007.jpg,11.0,10.0
205,art_008.jpg,13.0,12.0
205,art_009.jpg,14.0,13.0
205,art_010.jpg,16.0,15.0
205,art_011.jpg,10.0,9.0
205,cat_012.jpg,13.0,12.0
205,cat_013.jpg,11.0,10.0
205,cat_014.jpg,15.0,14.0
205,cat_015.jpg,16.0,15.0
205,ind_016.jpg,14.0,13.0
205,ind_017.jpg,13.0,12.0
205,ind_018.jpg,15.0,14.0
205,ind_019.jpg,12.0,11.0
205,ind_020.jpg,13.0,12.0
205,ind_021.jpg,14.0,13.0
205,ind_022.jpg,14.0,13.0
205,ind_023.jpg,13.0,12.0
205,ind_024.jpg,13.0,12.0
205,ind_025.jpg,13.0,12.0
205,land_026.jpg,12.0,11.0
205,land_027.jpg,15.0,14.0
205,land_028.jpg,14.0,13.0
205,land_029.jpg,5.0,4.0
205,land_030.jpg,12.0,11.0
205,low_031.jpg,8.0,7.0
205,low_032.jpg,9.0,8.0
205,low_033.jpg,10.0,9.0
205,low_034.jpg,10.0,9.0
205,low_035.jpg,13.0,12.0
205,low_036.jpg,8.0,7.0
205,mood_37.jpg,14.0,13.0
205,mood_38.jpg,13.0,12.0
205,mood_39.jpg,16.0,15.0
205,mood_40.jpg,17.0,16.0
205,mood_41.jpg,17.0,16.0
205,mood_42.jpg,11.0,10.0
205,mood_43.jpg,22.0,21.0
205,mood_44.jpg,17.0,16.0
205,mood_45.jpg,15.0,14.0
205,mood_46.jpg,17.0,16.0
205,noi_047.jpg,13.0,12.0
205,noi_048.jpg,14.0,13.0
205,noi_049.jpg,17.0,16.0
205,noi_050.jpg,15.0,14.0
205,noi_051.jpg,13.0,12.0
205,noi_052.jpg,14.0,13.0
205,noi_053.jpg,14.0,13.0
205,outman_054.jpg,14.0,13.0
205,outman_055.jpg,14.0,13.0
205,outman_056.jpg,15.0,14.0
205,outman_057.jpg,13.0,12.0
205,outman_058.jpg,13.0,12.0
205,outman_059.jpg,14.0,13.0
205,outman_060.jpg,14.0,13.0
205,outman_061.jpg,14.0,13.0
205,pat_066.jpg,2.0,1.0
205,pat_067.jpg,7.0,6.0
205,pat_068.jpg,9.0,8.0
205,pat_069.jpg,6.0,5.0
205,pat_070.jpg,1.0,0.0
205,patch_062.jpg,14.0,13.0
205,patch_063.jpg,12.0,11.0
205,patch_064.jpg,10.0,9.0
205,patch_065.jpg,13.0,12.0
205,por_071.jpg,13.0,12.0
205,por_072.jpg,15.0,14.0
205,por_073.jpg,15.0,14.0
205,por_074.jpg,13.0,12.0
205,rand_075.jpg,9.0,8.0
205,rand_076.jpg,10.0,9.0
205,rand_077.jpg,12.0,11.0
205,rand_078.jpg,10.0,9.0
205,rand_079.jpg,12.0,11.0
205,sat_080.jpg,10.0,9.0
205,sat_081.jpg,10.0,9.0
205,sat_082.jpg,13.0,12.0
205,sat_083.jpg,14.0,13.0
205,sat_084.jpg,14.0,13.0
205,sat_085.jpg,14.0,13.0
205,sat_086.jpg,13.0,12.0
205,sat_087.jpg,11.0,10.0
205,soc_088.jpg,16.0,15.0
205,soc_089.jpg,18.0,17.0
205,soc_090.jpg,13.0,12.0
205,soc_091.jpg,15.0,14.0
205,soc_092.jpg,15.0,14.0
205,soc_093.jpg,16.0,15.0
205,soc_094.jpg,14.0,13.0
205,soc_095.jpg,13.0,12.0
205,soc_096.jpg,15.0,14.0
205,soc_097.jpg,17.0,16.0
205,soc_098.jpg,13.0,12.0
205,soc_099.jpg,15.0,14.0
205,soc_100.jpg,15.0,14.0
206,act_001.jpg,10.0,9.0
206,act_002.jpg,9.0,8.0
206,act_003.jpg,11.0,10.0
206,act_004.jpg,9.0,8.0
206,act_005.jpg,11.0,10.0
206,art_006.jpg,6.0,5.0
206,art_007.jpg,19.0,18.0
206,art_008.jpg,11.0,10.0
206,art_009.jpg,8.0,7.0
206,art_010.jpg,9.0,8.0
206,art_011.jpg,13.0,12.0
206,cat_012.jpg,9.0,8.0
206,cat_013.jpg,5.0,4.0
206,cat_014.jpg,13.0,12.0
206,cat_015.jpg,11.0,10.0
206,ind_016.jpg,,
206,ind_017.jpg,9.0,8.0
206,ind_018.jpg,13.0,12.0
206,ind_019.jpg,9.0,8.0
206,ind_020.jpg,4.0,3.0
206,ind_021.jpg,8.0,7.0
206,ind_022.jpg,14.0,13.0
206,ind_023.jpg,7.0,6.0
206,ind_024.jpg,11.0,10.0
206,ind_025.jpg,11.0,10.0
206,land_026.jpg,9.0,8.0
206,land_027.jpg,9.0,8.0
206,land_028.jpg,9.0,8.0
206,land_029.jpg,8.0,7.0
206,land_030.jpg,8.0,7.0
206,low_031.jpg,9.0,8.0
206,low_032.jpg,9.0,8.0
206,low_033.jpg,8.0,7.0
206,low_034.jpg,9.0,8.0
206,low_035.jpg,10.0,9.0
206,low_036.jpg,10.0,9.0
206,mood_37.jpg,11.0,10.0
206,mood_38.jpg,20.0,19.0
206,mood_39.jpg,17.0,16.0
206,mood_40.jpg,15.0,14.0
206,mood_41.jpg,14.0,13.0
206,mood_42.jpg,16.0,15.0
206,mood_43.jpg,12.0,11.0
206,mood_44.jpg,19.0,18.0
206,mood_45.jpg,15.0,14.0
206,mood_46.jpg,15.0,14.0
206,noi_047.jpg,9.0,8.0
206,noi_048.jpg,6.0,5.0
206,noi_049.jpg,8.0,7.0
206,noi_050.jpg,7.0,6.0
206,noi_051.jpg,7.0,6.0
206,noi_052.jpg,9.0,8.0
206,noi_053.jpg,9.0,8.0
206,outman_054.jpg,9.0,8.0
206,outman_055.jpg,13.0,12.0
206,outman_056.jpg,10.0,9.0
206,outman_057.jpg,7.0,6.0
206,outman_058.jpg,7.0,6.0
206,outman_059.jpg,14.0,13.0
206,outman_060.jpg,6.0,5.0
206,outman_061.jpg,7.0,6.0
206,pat_066.jpg,11.0,10.0
206,pat_067.jpg,13.0,12.0
206,pat_068.jpg,14.0,13.0
206,pat_069.jpg,16.0,15.0
206,pat_070.jpg,9.0,8.0
206,patch_062.jpg,15.0,14.0
206,patch_063.jpg,21.0,20.0
206,patch_064.jpg,6.0,5.0
206,patch_065.jpg,8.0,7.0
206,por_071.jpg,12.0,11.0
206,por_072.jpg,13.0,12.0
206,por_073.jpg,8.0,7.0
206,por_074.jpg,12.0,11.0
206,rand_075.jpg,15.0,14.0
206,rand_076.jpg,11.0,10.0
206,rand_077.jpg,8.0,7.0
206,rand_078.jpg,9.0,8.0
206,rand_079.jpg,8.0,7.0
206,sat_080.jpg,12.0,11.0
206,sat_081.jpg,10.0,9.0
206,sat_082.jpg,12.0,11.0
206,sat_083.jpg,8.0,7.0
206,sat_084.jpg,12.0,11.0
206,sat_085.jpg,15.0,14.0
206,sat_086.jpg,12.0,11.0
206,sat_087.jpg,8.0,7.0
206,soc_088.jpg,11.0,10.0
206,soc_089.jpg,10.0,9.0
206,soc_090.jpg,13.0,12.0
206,soc_091.jpg,8.0,7.0
206,soc_092.jpg,13.0,12.0
206,soc_093.jpg,15.0,14.0
206,soc_094.jpg,14.0,13.0
206,soc_095.jpg,11.0,10.0
206,soc_096.jpg,15.0,14.0
206,soc_097.jpg,10.0,9.0
206,soc_098.jpg,13.0,12.0
206,soc_099.jpg,17.0,16.0
206,soc_100.jpg,15.0,14.0
207,act_001.jpg,9.0,8.0
207,act_002.jpg,12.0,11.0
207,act_003.jpg,14.0,13.0
207,act_004.jpg,14.0,13.0
207,act_005.jpg,10.0,9.0
207,art_006.jpg,11.0,10.0
207,art_007.jpg,11.0,10.0
207,art_008.jpg,10.0,9.0
207,art_009.jpg,16.0,15.0
207,art_010.jpg,8.0,7.0
207,art_011.jpg,6.0,5.0
207,cat_012.jpg,11.0,10.0
207,cat_013.jpg,11.0,10.0
207,cat_014.jpg,13.0,12.0
207,cat_015.jpg,8.0,7.0
207,ind_016.jpg,9.0,8.0
207,ind_017.jpg,,
207,ind_018.jpg,10.0,9.0
207,ind_019.jpg,10.0,9.0
207,ind_020.jpg,7.0,6.0
207,ind_021.jpg,15.0,14.0
207,ind_022.jpg,12.0,11.0
207,ind_023.jpg,11.0,10.0
207,ind_024.jpg,11.0,10.0
207,ind_025.jpg,2.0,1.0
207,land_026.jpg,12.0,11.0
207,land_027.jpg,7.0,6.0
207,land_028.jpg,12.0,11.0
207,land_029.jpg,9.0,8.0
207,land_030.jpg,4.0,3.0
207,low_031.jpg,5.0,4.0
207,low_032.jpg,1.0,0.0
207,low_033.jpg,9.0,8.0
207,low_034.jpg,4.0,3.0
207,low_035.jpg,9.0,8.0
207,low_036.jpg,7.0,6.0
207,mood_37.jpg,9.0,8.0
207,mood_38.jpg,14.0,13.0
207,mood_39.jpg,12.0,11.0
207,mood_40.jpg,13.0,12.0
207,mood_41.jpg,13.0,12.0
207,mood_42.jpg,14.0,13.0
207,mood_43.jpg,15.0,14.0
207,mood_44.jpg,11.0,10.0
207,mood_45.jpg,12.0,11.0
207,mood_46.jpg,15.0,14.0
207,noi_047.jpg,11.0,10.0
207,noi_048.jpg,9.0,8.0
207,noi_049.jpg,13.0,12.0
207,noi_050.jpg,9.0,8.0
207,noi_051.jpg,4.0,3.0
207,noi_052.jpg,5.0,4.0
207,noi_053.jpg,10.0,9.0
207,outman_054.jpg,13.0,12.0
207,outman_055.jpg,12.0,11.0
207,outman_056.jpg,9.0,8.0
207,outman_057.jpg,13.0,12.0
207,outman_058.jpg,8.0,7.0
207,outman_059.jpg,9.0,8.0
207,outman_060.jpg,11.0,10.0
207,outman_061.jpg,13.0,12.0
207,pat_066.jpg,1.0,0.0
207,pat_067.jpg,14.0,13.0
207,pat_068.jpg,9.0,8.0
207,pat_069.jpg,5.0,4.0
207,pat_070.jpg,7.0,6.0
207,patch_062.jpg,13.0,12.0
207,patch_063.jpg,10.0,9.0
207,patch_064.jpg,7.0,6.0
207,patch_065.jpg,11.0,10.0
207,por_071.jpg,11.0,10.0
207,por_072.jpg,13.0,12.0
207,por_073.jpg,7.0,6.0
207,por_074.jpg,4.0,3.0
207,rand_075.jpg,10.0,9.0
207,rand_076.jpg,12.0,11.0
207,rand_077.jpg,7.0,6.0
207,rand_078.jpg,9.0,8.0
207,rand_079.jpg,9.0,8.0
207,sat_080.jpg,8.0,7.0
207,sat_081.jpg,8.0,7.0
207,sat_082.jpg,11.0,10.0
207,sat_083.jpg,8.0,7.0
207,sat_084.jpg,10.0,9.0
207,sat_085.jpg,10.0,9.0
207,sat_086.jpg,14.0,13.0
207,sat_087.jpg,10.0,9.0
207,soc_088.jpg,12.0,11.0
207,soc_089.jpg,8.0,7.0
207,soc_090.jpg,10.0,9.0
207,soc_091.jpg,6.0,5.0
207,soc_092.jpg,4.0,3.0
207,soc_093.jpg,11.0,10.0
207,soc_094.jpg,8.0,7.0
207,soc_095.jpg,10.0,9.0
207,soc_096.jpg,16.0,15.0
207,soc_097.jpg,13.0,12.0
207,soc_098.jpg,16.0,15.0
207,soc_099.jpg,11.0,10.0
207,soc_100.jpg,10.0,9.0
208,act_001.jpg,13.0,12.0
208,act_002.jpg,14.0,13.0
208,act_003.jpg,11.0,10.0
208,act_004.jpg,13.0,12.0
208,act_005.jpg,11.0,10.0
208,art_006.jpg,8.0,7.0
208,art_007.jpg,6.0,5.0
208,art_008.jpg,11.0,10.0
208,art_009.jpg,14.0,13.0
208,art_010.jpg,12.0,11.0
208,art_011.jpg,13.0,12.0
208,cat_012.jpg,13.0,12.0
208,cat_013.jpg,13.0,12.0
208,cat_014.jpg,15.0,14.0
208,cat_015.jpg,10.0,9.0
208,ind_016.jpg,10.0,9.0
208,ind_017.jpg,11.0,10.0
208,ind_018.jpg,14.0,13.0
208,ind_019.jpg,12.0,11.0
208,ind_020.jpg,14.0,13.0
208,ind_021.jpg,14.0,13.0
208,ind_022.jpg,4.0,3.0
208,ind_023.jpg,11.0,10.0
208,ind_024.jpg,15.0,14.0
208,ind_025.jpg,12.0,11.0
208,land_026.jpg,11.0,10.0
208,land_027.jpg,10.0,9.0
208,land_028.jpg,12.0,11.0
208,land_029.jpg,13.0,12.0
208,land_030.jpg,10.0,9.0
208,low_031.jpg,10.0,9.0
208,low_032.jpg,8.0,7.0
208,low_033.jpg,12.0,11.0
208,low_034.jpg,12.0,11.0
208,low_035.jpg,7.0,6.0
208,low_036.jpg,8.0,7.0
208,mood_37.jpg,8.0,7.0
208,mood_38.jpg,8.0,7.0
208,mood_39.jpg,14.0,13.0
208,mood_40.jpg,14.0,13.0
208,mood_41.jpg,15.0,14.0
208,mood_42.jpg,14.0,13.0
208,mood_43.jpg,15.0,14.0
208,mood_44.jpg,14.0,13.0
208,mood_45.jpg,15.0,14.0
208,mood_46.jpg,13.0,12.0
208,noi_047.jpg,,
208,noi_048.jpg,12.0,11.0
208,noi_049.jpg,10.0,9.0
208,noi_050.jpg,11.0,10.0
208,noi_051.jpg,9.0,8.0
208,noi_052.jpg,11.0,10.0
208,noi_053.jpg,12.0,11.0
208,outman_054.jpg,13.0,12.0
208,outman_055.jpg,13.0,12.0
208,outman_056.jpg,9.0,8.0
208,outman_057.jpg,12.0,11.0
208,outman_058.jpg,15.0,14.0
208,outman_059.jpg,11.0,10.0
208,outman_060.jpg,4.0,3.0
208,outman_061.jpg,11.0,10.0
208,pat_066.jpg,8.0,7.0
208,pat_067.jpg,8.0,7.0
208,pat_068.jpg,3.0,2.0
208,pat_069.jpg,7.0,6.0
208,pat_070.jpg,11.0,10.0
208,patch_062.jpg,7.0,6.0
208,patch_063.jpg,13.0,12.0
208,patch_064.jpg,15.0,14.0
208,patch_065.jpg,15.0,14.0
208,por_071.jpg,10.0,9.0
208,por_072.jpg,13.0,12.0
208,por_073.jpg,12.0,11.0
208,por_074.jpg,10.0,9.0
208,rand_075.jpg,12.0,11.0
208,rand_076.jpg,,
208,rand_077.jpg,11.0,10.0
208,rand_078.jpg,8.0,7.0
208,rand_079.jpg,12.0,11.0
208,sat_080.jpg,3.0,2.0
208,sat_081.jpg,7.0,6.0
208,sat_082.jpg,14.0,13.0
208,sat_083.jpg,11.0,10.0
208,sat_084.jpg,13.0,12.0
208,sat_085.jpg,12.0,11.0
208,sat_086.jpg,12.0,11.0
208,sat_087.jpg,12.0,11.0
208,soc_088.jpg,10.0,9.0
208,soc_089.jpg,14.0,13.0
208,soc_090.jpg,12.0,11.0
208,soc_091.jpg,14.0,13.0
208,soc_092.jpg,10.0,9.0
208,soc_093.jpg,2.0,1.0
208,soc_094.jpg,15.0,14.0
208,soc_095.jpg,10.0,9.0
208,soc_096.jpg,13.0,12.0
208,soc_097.jpg,13.0,12.0
208,soc_098.jpg,14.0,13.0
208,soc_099.jpg,12.0,11.0
208,soc_100.jpg,10.0,9.0
211,act_001.jpg,11.0,10.0
211,act_002.jpg,13.0,12.0
211,act_003.jpg,12.0,11.0
211,act_004.jpg,9.0,8.0
211,act_005.jpg,10.0,9.0
211,art_006.jpg,6.0,5.0
211,art_007.jpg,9.0,8.0
211,art_008.jpg,8.0,7.0
211,art_009.jpg,11.0,10.0
211,art_010.jpg,9.0,8.0
211,art_011.jpg,10.0,9.0
211,cat_012.jpg,10.0,9.0
211,cat_013.jpg,13.0,12.0
211,cat_014.jpg,13.0,12.0
211,cat_015.jpg,9.0,8.0
211,ind_016.jpg,14.0,13.0
211,ind_017.jpg,4.0,3.0
211,ind_018.jpg,12.0,11.0
211,ind_019.jpg,12.0,11.0
211,ind_020.jpg,7.0,6.0
211,ind_021.jpg,14.0,13.0
211,ind_022.jpg,14.0,13.0
211,ind_023.jpg,10.0,9.0
211,ind_024.jpg,9.0,8.0
211,ind_025.jpg,10.0,9.0
211,land_026.jpg,8.0,7.0
211,land_027.jpg,9.0,8.0
211,land_028.jpg,9.0,8.0
211,land_029.jpg,9.0,8.0
211,land_030.jpg,6.0,5.0
211,low_031.jpg,6.0,5.0
211,low_032.jpg,6.0,5.0
211,low_033.jpg,10.0,9.0
211,low_034.jpg,7.0,6.0
211,low_035.jpg,6.0,5.0
211,low_036.jpg,4.0,3.0
211,mood_37.jpg,14.0,13.0
211,mood_38.jpg,13.0,12.0
211,mood_39.jpg,10.0,9.0
211,mood_40.jpg,13.0,12.0
211,mood_41.jpg,12.0,11.0
211,mood_42.jpg,13.0,12.0
211,mood_43.jpg,13.0,12.0
211,mood_44.jpg,16.0,15.0
211,mood_45.jpg,16.0,15.0
211,mood_46.jpg,10.0,9.0
211,noi_047.jpg,10.0,9.0
211,noi_048.jpg,6.0,5.0
211,noi_049.jpg,8.0,7.0
211,noi_050.jpg,10.0,9.0
211,noi_051.jpg,4.0,3.0
211,noi_052.jpg,7.0,6.0
211,noi_053.jpg,11.0,10.0
211,outman_054.jpg,10.0,9.0
211,outman_055.jpg,6.0,5.0
211,outman_056.jpg,11.0,10.0
211,outman_057.jpg,11.0,10.0
211,outman_058.jpg,12.0,11.0
211,outman_059.jpg,11.0,10.0
211,outman_060.jpg,8.0,7.0
211,outman_061.jpg,9.0,8.0
211,pat_066.jpg,3.0,2.0
211,pat_067.jpg,6.0,5.0
211,pat_068.jpg,8.0,7.0
211,pat_069.jpg,7.0,6.0
211,pat_070.jpg,2.0,1.0
211,patch_062.jpg,10.0,9.0
211,patch_063.jpg,14.0,13.0
211,patch_064.jpg,10.0,9.0
211,patch_065.jpg,8.0,7.0
211,por_071.jpg,10.0,9.0
211,por_072.jpg,12.0,11.0
211,por_073.jpg,10.0,9.0
211,por_074.jpg,12.0,11.0
211,rand_075.jpg,11.0,10.0
211,rand_076.jpg,8.0,7.0
211,rand_077.jpg,8.0,7.0
211,rand_078.jpg,9.0,8.0
211,rand_079.jpg,10.0,9.0
211,sat_080.jpg,8.0,7.0
211,sat_081.jpg,8.0,7.0
211,sat_082.jpg,9.0,8.0
211,sat_083.jpg,10.0,9.0
211,sat_084.jpg,7.0,6.0
211,sat_085.jpg,12.0,11.0
211,sat_086.jpg,7.0,6.0
211,sat_087.jpg,11.0,10.0
211,soc_088.jpg,11.0,10.0
211,soc_089.jpg,14.0,13.0
211,soc_090.jpg,10.0,9.0
211,soc_091.jpg,16.0,15.0
211,soc_092.jpg,11.0,10.0
211,soc_093.jpg,15.0,14.0
211,soc_094.jpg,11.0,10.0
211,soc_095.jpg,13.0,12.0
211,soc_096.jpg,12.0,11.0
211,soc_097.jpg,11.0,10.0
211,soc_098.jpg,10.0,9.0
211,soc_099.jpg,11.0,10.0
211,soc_100.jpg,13.0,12.0
212,act_001.jpg,12.0,11.0
212,act_002.jpg,11.0,10.0
212,act_003.jpg,11.0,10.0
212,act_004.jpg,14.0,13.0
212,act_005.jpg,6.0,5.0
212,art_006.jpg,10.0,9.0
212,art_007.jpg,10.0,9.0
212,art_008.jpg,10.0,9.0
212,art_009.jpg,11.0,10.0
212,art_010.jpg,7.0,6.0
212,art_011.jpg,11.0,10.0
212,cat_012.jpg,11.0,10.0
212,cat_013.jpg,11.0,10.0
212,cat_014.jpg,10.0,9.0
212,cat_015.jpg,14.0,13.0
212,ind_016.jpg,14.0,13.0
212,ind_017.jpg,11.0,10.0
212,ind_018.jpg,10.0,9.0
212,ind_019.jpg,13.0,12.0
212,ind_020.jpg,14.0,13.0
212,ind_021.jpg,13.0,12.0
212,ind_022.jpg,11.0,10.0
212,ind_023.jpg,9.0,8.0
212,ind_024.jpg,9.0,8.0
212,ind_025.jpg,14.0,13.0
212,land_026.jpg,5.0,4.0
212,land_027.jpg,9.0,8.0
212,land_028.jpg,10.0,9.0
212,land_029.jpg,10.0,9.0
212,land_030.jpg,13.0,12.0
212,low_031.jpg,13.0,12.0
212,low_032.jpg,11.0,10.0
212,low_033.jpg,8.0,7.0
212,low_034.jpg,9.0,8.0
212,low_035.jpg,11.0,10.0
212,low_036.jpg,14.0,13.0
212,mood_37.jpg,6.0,5.0
212,mood_38.jpg,7.0,6.0
212,mood_39.jpg,15.0,14.0
212,mood_40.jpg,15.0,14.0
212,mood_41.jpg,15.0,14.0
212,mood_42.jpg,15.0,14.0
212,mood_43.jpg,13.0,12.0
212,mood_44.jpg,15.0,14.0
212,mood_45.jpg,11.0,10.0
212,mood_46.jpg,16.0,15.0
212,noi_047.jpg,12.0,11.0
212,noi_048.jpg,8.0,7.0
212,noi_049.jpg,9.0,8.0
212,noi_050.jpg,7.0,6.0
212,noi_051.jpg,6.0,5.0
212,noi_052.jpg,8.0,7.0
212,noi_053.jpg,15.0,14.0
212,outman_054.jpg,12.0,11.0
212,outman_055.jpg,10.0,9.0
212,outman_056.jpg,9.0,8.0
212,outman_057.jpg,11.0,10.0
212,outman_058.jpg,10.0,9.0
212,outman_059.jpg,11.0,10.0
212,outman_060.jpg,10.0,9.0
212,outman_061.jpg,8.0,7.0
212,pat_066.jpg,4.0,3.0
212,pat_067.jpg,13.0,12.0
212,pat_068.jpg,6.0,5.0
212,pat_069.jpg,10.0,9.0
212,pat_070.jpg,13.0,12.0
212,patch_062.jpg,13.0,12.0
212,patch_063.jpg,15.0,14.0
212,patch_064.jpg,11.0,10.0
212,patch_065.jpg,7.0,6.0
212,por_071.jpg,12.0,11.0
212,por_072.jpg,11.0,10.0
212,por_073.jpg,13.0,12.0
212,por_074.jpg,11.0,10.0
212,rand_075.jpg,10.0,9.0
212,rand_076.jpg,14.0,13.0
212,rand_077.jpg,11.0,10.0
212,rand_078.jpg,11.0,10.0
212,rand_079.jpg,11.0,10.0
212,sat_080.jpg,12.0,11.0
212,sat_081.jpg,9.0,8.0
212,sat_082.jpg,14.0,13.0
212,sat_083.jpg,7.0,6.0
212,sat_084.jpg,8.0,7.0
212,sat_085.jpg,12.0,11.0
212,sat_086.jpg,13.0,12.0
212,sat_087.jpg,9.0,8.0
212,soc_088.jpg,8.0,7.0
212,soc_089.jpg,10.0,9.0
212,soc_090.jpg,8.0,7.0
212,soc_091.jpg,16.0,15.0
212,soc_092.jpg,10.0,9.0
212,soc_093.jpg,12.0,11.0
212,soc_094.jpg,10.0,9.0
212,soc_095.jpg,11.0,10.0
212,soc_096.jpg,13.0,12.0
212,soc_097.jpg,11.0,10.0
212,soc_098.jpg,12.0,11.0
212,soc_099.jpg,13.0,12.0
212,soc_100.jpg,12.0,11.0
213,act_001.jpg,17.0,16.0
213,act_002.jpg,9.0,8.0
213,act_003.jpg,15.0,14.0
213,act_004.jpg,16.0,15.0
213,act_005.jpg,12.0,11.0
213,art_006.jpg,12.0,11.0
213,art_007.jpg,18.0,17.0
213,art_008.jpg,10.0,9.0
213,art_009.jpg,16.0,15.0
213,art_010.jpg,12.0,11.0
213,art_011.jpg,11.0,10.0
213,cat_012.jpg,15.0,14.0
213,cat_013.jpg,13.0,12.0
213,cat_014.jpg,11.0,10.0
213,cat_015.jpg,16.0,15.0
213,ind_016.jpg,14.0,13.0
213,ind_017.jpg,15.0,14.0
213,ind_018.jpg,11.0,10.0
213,ind_019.jpg,12.0,11.0
213,ind_020.jpg,17.0,16.0
213,ind_021.jpg,13.0,12.0
213,ind_022.jpg,13.0,12.0
213,ind_023.jpg,14.0,13.0
213,ind_024.jpg,12.0,11.0
213,ind_025.jpg,9.0,8.0
213,land_026.jpg,15.0,14.0
213,land_027.jpg,16.0,15.0
213,land_028.jpg,14.0,13.0
213,land_029.jpg,12.0,11.0
213,land_030.jpg,13.0,12.0
213,low_031.jpg,12.0,11.0
213,low_032.jpg,11.0,10.0
213,low_033.jpg,14.0,13.0
213,low_034.jpg,13.0,12.0
213,low_035.jpg,10.0,9.0
213,low_036.jpg,12.0,11.0
213,mood_37.jpg,13.0,12.0
213,mood_38.jpg,15.0,14.0
213,mood_39.jpg,16.0,15.0
213,mood_40.jpg,17.0,16.0
213,mood_41.jpg,6.0,5.0
213,mood_42.jpg,16.0,15.0
213,mood_43.jpg,20.0,19.0
213,mood_44.jpg,14.0,13.0
213,mood_45.jpg,14.0,13.0
213,mood_46.jpg,18.0,17.0
213,noi_047.jpg,9.0,8.0
213,noi_048.jpg,12.0,11.0
213,noi_049.jpg,13.0,12.0
213,noi_050.jpg,12.0,11.0
213,noi_051.jpg,12.0,11.0
213,noi_052.jpg,14.0,13.0
213,noi_053.jpg,14.0,13.0
213,outman_054.jpg,13.0,12.0
213,outman_055.jpg,14.0,13.0
213,outman_056.jpg,16.0,15.0
213,outman_057.jpg,18.0,17.0
213,outman_058.jpg,13.0,12.0
213,outman_059.jpg,13.0,12.0
213,outman_060.jpg,13.0,12.0
213,outman_061.jpg,14.0,13.0
213,pat_066.jpg,12.0,11.0
213,pat_067.jpg,9.0,8.0
213,pat_068.jpg,11.0,10.0
213,pat_069.jpg,9.0,8.0
213,pat_070.jpg,7.0,6.0
213,patch_062.jpg,14.0,13.0
213,patch_063.jpg,13.0,12.0
213,patch_064.jpg,13.0,12.0
213,patch_065.jpg,12.0,11.0
213,por_071.jpg,14.0,13.0
213,por_072.jpg,14.0,13.0
213,por_073.jpg,13.0,12.0
213,por_074.jpg,10.0,9.0
213,rand_075.jpg,9.0,8.0
213,rand_076.jpg,14.0,13.0
213,rand_077.jpg,15.0,14.0
213,rand_078.jpg,11.0,10.0
213,rand_079.jpg,13.0,12.0
213,sat_080.jpg,11.0,10.0
213,sat_081.jpg,14.0,13.0
213,sat_082.jpg,11.0,10.0
213,sat_083.jpg,10.0,9.0
213,sat_084.jpg,11.0,10.0
213,sat_085.jpg,12.0,11.0
213,sat_086.jpg,13.0,12.0
213,sat_087.jpg,13.0,12.0
213,soc_088.jpg,15.0,14.0
213,soc_089.jpg,17.0,16.0
213,soc_090.jpg,13.0,12.0
213,soc_091.jpg,16.0,15.0
213,soc_092.jpg,13.0,12.0
213,soc_093.jpg,12.0,11.0
213,soc_094.jpg,14.0,13.0
213,soc_095.jpg,16.0,15.0
213,soc_096.jpg,12.0,11.0
213,soc_097.jpg,14.0,13.0
213,soc_098.jpg,17.0,16.0
213,soc_099.jpg,10.0,9.0
213,soc_100.jpg,16.0,15.0
214,act_001.jpg,18.0,17.0
214,act_002.jpg,11.0,10.0
214,act_003.jpg,22.0,21.0
214,act_004.jpg,9.0,8.0
214,act_005.jpg,13.0,12.0
214,art_006.jpg,12.0,11.0
214,art_007.jpg,12.0,11.0
214,art_008.jpg,10.0,9.0
214,art_009.jpg,4.0,3.0
214,art_010.jpg,14.0,13.0
214,art_011.jpg,13.0,12.0
214,cat_012.jpg,13.0,12.0
214,cat_013.jpg,16.0,15.0
214,cat_014.jpg,11.0,10.0
214,cat_015.jpg,14.0,13.0
214,ind_016.jpg,12.0,11.0
214,ind_017.jpg,18.0,17.0
214,ind_018.jpg,11.0,10.0
214,ind_019.jpg,19.0,18.0
214,ind_020.jpg,12.0,11.0
214,ind_021.jpg,12.0,11.0
214,ind_022.jpg,13.0,12.0
214,ind_023.jpg,9.0,8.0
214,ind_024.jpg,11.0,10.0
214,ind_025.jpg,13.0,12.0
214,land_026.jpg,15.0,14.0
214,land_027.jpg,15.0,14.0
214,land_028.jpg,2.0,1.0
214,land_029.jpg,12.0,11.0
214,land_030.jpg,4.0,3.0
214,low_031.jpg,10.0,9.0
214,low_032.jpg,9.0,8.0
214,low_033.jpg,13.0,12.0
214,low_034.jpg,10.0,9.0
214,low_035.jpg,11.0,10.0
214,low_036.jpg,13.0,12.0
214,mood_37.jpg,17.0,16.0
214,mood_38.jpg,18.0,17.0
214,mood_39.jpg,15.0,14.0
214,mood_40.jpg,18.0,17.0
214,mood_41.jpg,17.0,16.0
214,mood_42.jpg,21.0,20.0
214,mood_43.jpg,22.0,21.0
214,mood_44.jpg,21.0,20.0
214,mood_45.jpg,21.0,20.0
214,mood_46.jpg,19.0,18.0
214,noi_047.jpg,16.0,15.0
214,noi_048.jpg,3.0,2.0
214,noi_049.jpg,11.0,10.0
214,noi_050.jpg,5.0,4.0
214,noi_051.jpg,3.0,2.0
214,noi_052.jpg,10.0,9.0
214,noi_053.jpg,7.0,6.0
214,outman_054.jpg,16.0,15.0
214,outman_055.jpg,16.0,15.0
214,outman_056.jpg,11.0,10.0
214,outman_057.jpg,12.0,11.0
214,outman_058.jpg,12.0,11.0
214,outman_059.jpg,21.0,20.0
214,outman_060.jpg,16.0,15.0
214,outman_061.jpg,15.0,14.0
214,pat_066.jpg,11.0,10.0
214,pat_067.jpg,1.0,0.0
214,pat_068.jpg,13.0,12.0
214,pat_069.jpg,8.0,7.0
214,pat_070.jpg,10.0,9.0
214,patch_062.jpg,11.0,10.0
214,patch_063.jpg,14.0,13.0
214,patch_064.jpg,16.0,15.0
214,patch_065.jpg,11.0,10.0
214,por_071.jpg,19.0,18.0
214,por_072.jpg,19.0,18.0
214,por_073.jpg,12.0,11.0
214,por_074.jpg,18.0,17.0
214,rand_075.jpg,10.0,9.0
214,rand_076.jpg,12.0,11.0
214,rand_077.jpg,10.0,9.0
214,rand_078.jpg,12.0,11.0
214,rand_079.jpg,18.0,17.0
214,sat_080.jpg,11.0,10.0
214,sat_081.jpg,18.0,17.0
214,sat_082.jpg,13.0,12.0
214,sat_083.jpg,15.0,14.0
214,sat_084.jpg,11.0,10.0
214,sat_085.jpg,15.0,14.0
214,sat_086.jpg,8.0,7.0
214,sat_087.jpg,11.0,10.0
214,soc_088.jpg,16.0,15.0
214,soc_089.jpg,17.0,16.0
214,soc_090.jpg,16.0,15.0
214,soc_091.jpg,18.0,17.0
214,soc_092.jpg,16.0,15.0
214,soc_093.jpg,15.0,14.0
214,soc_094.jpg,19.0,18.0
214,soc_095.jpg,16.0,15.0
214,soc_096.jpg,19.0,18.0
214,soc_097.jpg,19.0,18.0
214,soc_098.jpg,18.0,17.0
214,soc_099.jpg,20.0,19.0
214,soc_100.jpg,18.0,17.0
215,act_001.jpg,13.0,12.0
215,act_002.jpg,13.0,12.0
215,act_003.jpg,14.0,13.0
215,act_004.jpg,14.0,13.0
215,act_005.jpg,16.0,15.0
215,art_006.jpg,11.0,10.0
215,art_007.jpg,9.0,8.0
215,art_008.jpg,11.0,10.0
215,art_009.jpg,15.0,14.0
215,art_010.jpg,13.0,12.0
215,art_011.jpg,15.0,14.0
215,cat_012.jpg,15.0,14.0
215,cat_013.jpg,14.0,13.0
215,cat_014.jpg,11.0,10.0
215,cat_015.jpg,10.0,9.0
215,ind_016.jpg,14.0,13.0
215,ind_017.jpg,12.0,11.0
215,ind_018.jpg,16.0,15.0
215,ind_019.jpg,13.0,12.0
215,ind_020.jpg,14.0,13.0
215,ind_021.jpg,15.0,14.0
215,ind_022.jpg,13.0,12.0
215,ind_023.jpg,14.0,13.0
215,ind_024.jpg,14.0,13.0
215,ind_025.jpg,14.0,13.0
215,land_026.jpg,11.0,10.0
215,land_027.jpg,14.0,13.0
215,land_028.jpg,12.0,11.0
215,land_029.jpg,14.0,13.0
215,land_030.jpg,15.0,14.0
215,low_031.jpg,12.0,11.0
215,low_032.jpg,11.0,10.0
215,low_033.jpg,14.0,13.0
215,low_034.jpg,12.0,11.0
215,low_035.jpg,15.0,14.0
215,low_036.jpg,10.0,9.0
215,mood_37.jpg,15.0,14.0
215,mood_38.jpg,17.0,16.0
215,mood_39.jpg,13.0,12.0
215,mood_40.jpg,16.0,15.0
215,mood_41.jpg,11.0,10.0
215,mood_42.jpg,17.0,16.0
215,mood_43.jpg,15.0,14.0
215,mood_44.jpg,18.0,17.0
215,mood_45.jpg,16.0,15.0
215,mood_46.jpg,17.0,16.0
215,noi_047.jpg,8.0,7.0
215,noi_048.jpg,14.0,13.0
215,noi_049.jpg,14.0,13.0
215,noi_050.jpg,13.0,12.0
215,noi_051.jpg,12.0,11.0
215,noi_052.jpg,13.0,12.0
215,noi_053.jpg,12.0,11.0
215,outman_054.jpg,14.0,13.0
215,outman_055.jpg,13.0,12.0
215,outman_056.jpg,15.0,14.0
215,outman_057.jpg,13.0,12.0
215,outman_058.jpg,14.0,13.0
215,outman_059.jpg,13.0,12.0
215,outman_060.jpg,10.0,9.0
215,outman_061.jpg,14.0,13.0
215,pat_066.jpg,14.0,13.0
215,pat_067.jpg,12.0,11.0
215,pat_068.jpg,12.0,11.0
215,pat_069.jpg,15.0,14.0
215,pat_070.jpg,12.0,11.0
215,patch_062.jpg,16.0,15.0
215,patch_063.jpg,15.0,14.0
215,patch_064.jpg,16.0,15.0
215,patch_065.jpg,13.0,12.0
215,por_071.jpg,13.0,12.0
215,por_072.jpg,15.0,14.0
215,por_073.jpg,17.0,16.0
215,por_074.jpg,13.0,12.0
215,rand_075.jpg,14.0,13.0
215,rand_076.jpg,14.0,13.0
215,rand_077.jpg,11.0,10.0
215,rand_078.jpg,16.0,15.0
215,rand_079.jpg,15.0,14.0
215,sat_080.jpg,12.0,11.0
215,sat_081.jpg,16.0,15.0
215,sat_082.jpg,13.0,12.0
215,sat_083.jpg,15.0,14.0
215,sat_084.jpg,16.0,15.0
215,sat_085.jpg,16.0,15.0
215,sat_086.jpg,14.0,13.0
215,sat_087.jpg,15.0,14.0
215,soc_088.jpg,13.0,12.0
215,soc_089.jpg,17.0,16.0
215,soc_090.jpg,14.0,13.0
215,soc_091.jpg,14.0,13.0
215,soc_092.jpg,15.0,14.0
215,soc_093.jpg,18.0,17.0
215,soc_094.jpg,15.0,14.0
215,soc_095.jpg,14.0,13.0
215,soc_096.jpg,16.0,15.0
215,soc_097.jpg,14.0,13.0
215,soc_098.jpg,14.0,13.0
215,soc_099.jpg,17.0,16.0
215,soc_100.jpg,11.0,10.0
216,act_001.jpg,7.0,6.0
216,act_002.jpg,11.0,10.0
216,act_003.jpg,14.0,13.0
216,act_004.jpg,12.0,11.0
216,act_005.jpg,14.0,13.0
216,art_006.jpg,13.0,12.0
216,art_007.jpg,13.0,12.0
216,art_008.jpg,10.0,9.0
216,art_009.jpg,12.0,11.0
216,art_010.jpg,11.0,10.0
216,art_011.jpg,13.0,12.0
216,cat_012.jpg,14.0,13.0
216,cat_013.jpg,17.0,16.0
216,cat_014.jpg,,
216,cat_015.jpg,14.0,13.0
216,ind_016.jpg,10.0,9.0
216,ind_017.jpg,16.0,15.0
216,ind_018.jpg,14.0,13.0
216,ind_019.jpg,12.0,11.0
216,ind_020.jpg,13.0,12.0
216,ind_021.jpg,10.0,9.0
216,ind_022.jpg,14.0,13.0
216,ind_023.jpg,11.0,10.0
216,ind_024.jpg,9.0,8.0
216,ind_025.jpg,11.0,10.0
216,land_026.jpg,14.0,13.0
216,land_027.jpg,12.0,11.0
216,land_028.jpg,12.0,11.0
216,land_029.jpg,13.0,12.0
216,land_030.jpg,9.0,8.0
216,low_031.jpg,10.0,9.0
216,low_032.jpg,10.0,9.0
216,low_033.jpg,12.0,11.0
216,low_034.jpg,10.0,9.0
216,low_035.jpg,9.0,8.0
216,low_036.jpg,14.0,13.0
216,mood_37.jpg,,
216,mood_38.jpg,,
216,mood_39.jpg,,
216,mood_40.jpg,,
216,mood_41.jpg,3.0,2.0
216,mood_42.jpg,,
216,mood_43.jpg,6.0,5.0
216,mood_44.jpg,,
216,mood_45.jpg,,
216,mood_46.jpg,,
216,noi_047.jpg,12.0,11.0
216,noi_048.jpg,14.0,13.0
216,noi_049.jpg,12.0,11.0
216,noi_050.jpg,13.0,12.0
216,noi_051.jpg,13.0,12.0
216,noi_052.jpg,10.0,9.0
216,noi_053.jpg,11.0,10.0
216,outman_054.jpg,15.0,14.0
216,outman_055.jpg,10.0,9.0
216,outman_056.jpg,14.0,13.0
216,outman_057.jpg,16.0,15.0
216,outman_058.jpg,13.0,12.0
216,outman_059.jpg,14.0,13.0
216,outman_060.jpg,,
216,outman_061.jpg,,
216,pat_066.jpg,,
216,pat_067.jpg,,
216,pat_068.jpg,,
216,pat_069.jpg,,
216,pat_070.jpg,15.0,14.0
216,patch_062.jpg,,
216,patch_063.jpg,12.0,11.0
216,patch_064.jpg,,
216,patch_065.jpg,,
216,por_071.jpg,,
216,por_072.jpg,,
216,por_073.jpg,14.0,13.0
216,por_074.jpg,,
216,rand_075.jpg,4.0,3.0
216,rand_076.jpg,,
216,rand_077.jpg,,
216,rand_078.jpg,14.0,13.0
216,rand_079.jpg,2.0,1.0
216,sat_080.jpg,,
216,sat_081.jpg,,
216,sat_082.jpg,,
216,sat_083.jpg,13.0,12.0
216,sat_084.jpg,,
216,sat_085.jpg,,
216,sat_086.jpg,,
216,sat_087.jpg,,
216,soc_088.jpg,,
216,soc_089.jpg,3.0,2.0
216,soc_090.jpg,,
216,soc_091.jpg,11.0,10.0
216,soc_092.jpg,,
216,soc_093.jpg,,
216,soc_094.jpg,,
216,soc_095.jpg,,
216,soc_096.jpg,,
216,soc_097.jpg,11.0,10.0
216,soc_098.jpg,2.0,1.0
216,soc_099.jpg,15.0,14.0
216,soc_100.jpg,14.0,13.0
217,act_001.jpg,11.0,10.0
217,act_002.jpg,6.0,5.0
217,act_003.jpg,11.0,10.0
217,act_004.jpg,12.0,11.0
217,act_005.jpg,12.0,11.0
217,art_006.jpg,16.0,15.0
217,art_007.jpg,14.0,13.0
217,art_008.jpg,14.0,13.0
217,art_009.jpg,9.0,8.0
217,art_010.jpg,12.0,11.0
217,art_011.jpg,13.0,12.0
217,cat_012.jpg,3.0,2.0
217,cat_013.jpg,13.0,12.0
217,cat_014.jpg,16.0,15.0
217,cat_015.jpg,13.0,12.0
217,ind_016.jpg,14.0,13.0
217,ind_017.jpg,11.0,10.0
217,ind_018.jpg,14.0,13.0
217,ind_019.jpg,14.0,13.0
217,ind_020.jpg,10.0,9.0
217,ind_021.jpg,14.0,13.0
217,ind_022.jpg,3.0,2.0
217,ind_023.jpg,10.0,9.0
217,ind_024.jpg,12.0,11.0
217,ind_025.jpg,13.0,12.0
217,land_026.jpg,13.0,12.0
217,land_027.jpg,13.0,12.0
217,land_028.jpg,14.0,13.0
217,land_029.jpg,14.0,13.0
217,land_030.jpg,14.0,13.0
217,low_031.jpg,13.0,12.0
217,low_032.jpg,12.0,11.0
217,low_033.jpg,15.0,14.0
217,low_034.jpg,9.0,8.0
217,low_035.jpg,14.0,13.0
217,low_036.jpg,13.0,12.0
217,mood_37.jpg,15.0,14.0
217,mood_38.jpg,14.0,13.0
217,mood_39.jpg,15.0,14.0
217,mood_40.jpg,10.0,9.0
217,mood_41.jpg,16.0,15.0
217,mood_42.jpg,12.0,11.0
217,mood_43.jpg,8.0,7.0
217,mood_44.jpg,14.0,13.0
217,mood_45.jpg,10.0,9.0
217,mood_46.jpg,11.0,10.0
217,noi_047.jpg,13.0,12.0
217,noi_048.jpg,14.0,13.0
217,noi_049.jpg,11.0,10.0
217,noi_050.jpg,12.0,11.0
217,noi_051.jpg,11.0,10.0
217,noi_052.jpg,10.0,9.0
217,noi_053.jpg,13.0,12.0
217,outman_054.jpg,12.0,11.0
217,outman_055.jpg,13.0,12.0
217,outman_056.jpg,10.0,9.0
217,outman_057.jpg,14.0,13.0
217,outman_058.jpg,14.0,13.0
217,outman_059.jpg,16.0,15.0
217,outman_060.jpg,14.0,13.0
217,outman_061.jpg,12.0,11.0
217,pat_066.jpg,15.0,14.0
217,pat_067.jpg,10.0,9.0
217,pat_068.jpg,2.0,1.0
217,pat_069.jpg,12.0,11.0
217,pat_070.jpg,13.0,12.0
217,patch_062.jpg,15.0,14.0
217,patch_063.jpg,14.0,13.0
217,patch_064.jpg,14.0,13.0
217,patch_065.jpg,17.0,16.0
217,por_071.jpg,13.0,12.0
217,por_072.jpg,16.0,15.0
217,por_073.jpg,7.0,6.0
217,por_074.jpg,12.0,11.0
217,rand_075.jpg,13.0,12.0
217,rand_076.jpg,15.0,14.0
217,rand_077.jpg,15.0,14.0
217,rand_078.jpg,13.0,12.0
217,rand_079.jpg,16.0,15.0
217,sat_080.jpg,14.0,13.0
217,sat_081.jpg,12.0,11.0
217,sat_082.jpg,7.0,6.0
217,sat_083.jpg,10.0,9.0
217,sat_084.jpg,16.0,15.0
217,sat_085.jpg,16.0,15.0
217,sat_086.jpg,12.0,11.0
217,sat_087.jpg,15.0,14.0
217,soc_088.jpg,17.0,16.0
217,soc_089.jpg,16.0,15.0
217,soc_090.jpg,17.0,16.0
217,soc_091.jpg,13.0,12.0
217,soc_092.jpg,16.0,15.0
217,soc_093.jpg,16.0,15.0
217,soc_094.jpg,13.0,12.0
217,soc_095.jpg,13.0,12.0
217,soc_096.jpg,16.0,15.0
217,soc_097.jpg,18.0,17.0
217,soc_098.jpg,14.0,13.0
217,soc_099.jpg,15.0,14.0
217,soc_100.jpg,11.0,10.0
219,act_001.jpg,13.0,12.0
219,act_002.jpg,16.0,15.0
219,act_003.jpg,17.0,16.0
219,act_004.jpg,13.0,12.0
219,act_005.jpg,17.0,16.0
219,art_006.jpg,17.0,16.0
219,art_007.jpg,14.0,13.0
219,art_008.jpg,13.0,12.0
219,art_009.jpg,16.0,15.0
219,art_010.jpg,15.0,14.0
219,art_011.jpg,14.0,13.0
219,cat_012.jpg,18.0,17.0
219,cat_013.jpg,14.0,13.0
219,cat_014.jpg,15.0,14.0
219,cat_015.jpg,17.0,16.0
219,ind_016.jpg,17.0,16.0
219,ind_017.jpg,11.0,10.0
219,ind_018.jpg,15.0,14.0
219,ind_019.jpg,15.0,14.0
219,ind_020.jpg,13.0,12.0
219,ind_021.jpg,14.0,13.0
219,ind_022.jpg,15.0,14.0
219,ind_023.jpg,12.0,11.0
219,ind_024.jpg,14.0,13.0
219,ind_025.jpg,15.0,14.0
219,land_026.jpg,14.0,13.0
219,land_027.jpg,15.0,14.0
219,land_028.jpg,13.0,12.0
219,land_029.jpg,18.0,17.0
219,land_030.jpg,13.0,12.0
219,low_031.jpg,11.0,10.0
219,low_032.jpg,14.0,13.0
219,low_033.jpg,16.0,15.0
219,low_034.jpg,13.0,12.0
219,low_035.jpg,10.0,9.0
219,low_036.jpg,17.0,16.0
219,mood_37.jpg,14.0,13.0
219,mood_38.jpg,13.0,12.0
219,mood_39.jpg,15.0,14.0
219,mood_40.jpg,12.0,11.0
219,mood_41.jpg,15.0,14.0
219,mood_42.jpg,15.0,14.0
219,mood_43.jpg,17.0,16.0
219,mood_44.jpg,16.0,15.0
219,mood_45.jpg,19.0,18.0
219,mood_46.jpg,15.0,14.0
219,noi_047.jpg,15.0,14.0
219,noi_048.jpg,14.0,13.0
219,noi_049.jpg,15.0,14.0
219,noi_050.jpg,18.0,17.0
219,noi_051.jpg,12.0,11.0
219,noi_052.jpg,12.0,11.0
219,noi_053.jpg,4.0,3.0
219,outman_054.jpg,11.0,10.0
219,outman_055.jpg,13.0,12.0
219,outman_056.jpg,12.0,11.0
219,outman_057.jpg,16.0,15.0
219,outman_058.jpg,2.0,1.0
219,outman_059.jpg,12.0,11.0
219,outman_060.jpg,16.0,15.0
219,outman_061.jpg,15.0,14.0
219,pat_066.jpg,12.0,11.0
219,pat_067.jpg,16.0,15.0
219,pat_068.jpg,18.0,17.0
219,pat_069.jpg,17.0,16.0
219,pat_070.jpg,18.0,17.0
219,patch_062.jpg,13.0,12.0
219,patch_063.jpg,14.0,13.0
219,patch_064.jpg,11.0,10.0
219,patch_065.jpg,13.0,12.0
219,por_071.jpg,17.0,16.0
219,por_072.jpg,16.0,15.0
219,por_073.jpg,17.0,16.0
219,por_074.jpg,16.0,15.0
219,rand_075.jpg,18.0,17.0
219,rand_076.jpg,15.0,14.0
219,rand_077.jpg,15.0,14.0
219,rand_078.jpg,14.0,13.0
219,rand_079.jpg,12.0,11.0
219,sat_080.jpg,15.0,14.0
219,sat_081.jpg,16.0,15.0
219,sat_082.jpg,13.0,12.0
219,sat_083.jpg,14.0,13.0
219,sat_084.jpg,16.0,15.0
219,sat_085.jpg,17.0,16.0
219,sat_086.jpg,16.0,15.0
219,sat_087.jpg,14.0,13.0
219,soc_088.jpg,13.0,12.0
219,soc_089.jpg,16.0,15.0
219,soc_090.jpg,14.0,13.0
219,soc_091.jpg,13.0,12.0
219,soc_092.jpg,12.0,11.0
219,soc_093.jpg,13.0,12.0
219,soc_094.jpg,11.0,10.0
219,soc_095.jpg,9.0,8.0
219,soc_096.jpg,14.0,13.0
219,soc_097.jpg,13.0,12.0
219,soc_098.jpg,16.0,15.0
219,soc_099.jpg,12.0,11.0
219,soc_100.jpg,11.0,10.0
220,act_001.jpg,11.0,10.0
220,act_002.jpg,11.0,10.0
220,act_003.jpg,12.0,11.0
220,act_004.jpg,11.0,10.0
220,act_005.jpg,9.0,8.0
220,art_006.jpg,8.0,7.0
220,art_007.jpg,13.0,12.0
220,art_008.jpg,10.0,9.0
220,art_009.jpg,9.0,8.0
220,art_010.jpg,10.0,9.0
220,art_011.jpg,9.0,8.0
220,cat_012.jpg,8.0,7.0
220,cat_013.jpg,13.0,12.0
220,cat_014.jpg,9.0,8.0
220,cat_015.jpg,10.0,9.0
220,ind_016.jpg,9.0,8.0
220,ind_017.jpg,11.0,10.0
220,ind_018.jpg,8.0,7.0
220,ind_019.jpg,13.0,12.0
220,ind_020.jpg,10.0,9.0
220,ind_021.jpg,6.0,5.0
220,ind_022.jpg,8.0,7.0
220,ind_023.jpg,11.0,10.0
220,ind_024.jpg,7.0,6.0
220,ind_025.jpg,12.0,11.0
220,land_026.jpg,7.0,6.0
220,land_027.jpg,7.0,6.0
220,land_028.jpg,8.0,7.0
220,land_029.jpg,13.0,12.0
220,land_030.jpg,11.0,10.0
220,low_031.jpg,12.0,11.0
220,low_032.jpg,10.0,9.0
220,low_033.jpg,7.0,6.0
220,low_034.jpg,10.0,9.0
220,low_035.jpg,13.0,12.0
220,low_036.jpg,7.0,6.0
220,mood_37.jpg,10.0,9.0
220,mood_38.jpg,14.0,13.0
220,mood_39.jpg,11.0,10.0
220,mood_40.jpg,14.0,13.0
220,mood_41.jpg,10.0,9.0
220,mood_42.jpg,16.0,15.0
220,mood_43.jpg,10.0,9.0
220,mood_44.jpg,15.0,14.0
220,mood_45.jpg,12.0,11.0
220,mood_46.jpg,15.0,14.0
220,noi_047.jpg,9.0,8.0
220,noi_048.jpg,10.0,9.0
220,noi_049.jpg,8.0,7.0
220,noi_050.jpg,5.0,4.0
220,noi_051.jpg,8.0,7.0
220,noi_052.jpg,11.0,10.0
220,noi_053.jpg,13.0,12.0
220,outman_054.jpg,8.0,7.0
220,outman_055.jpg,11.0,10.0
220,outman_056.jpg,6.0,5.0
220,outman_057.jpg,6.0,5.0
220,outman_058.jpg,9.0,8.0
220,outman_059.jpg,9.0,8.0
220,outman_060.jpg,8.0,7.0
220,outman_061.jpg,13.0,12.0
220,pat_066.jpg,11.0,10.0
220,pat_067.jpg,12.0,11.0
220,pat_068.jpg,10.0,9.0
220,pat_069.jpg,13.0,12.0
220,pat_070.jpg,10.0,9.0
220,patch_062.jpg,11.0,10.0
220,patch_063.jpg,11.0,10.0
220,patch_064.jpg,10.0,9.0
220,patch_065.jpg,9.0,8.0
220,por_071.jpg,13.0,12.0
220,por_072.jpg,13.0,12.0
220,por_073.jpg,9.0,8.0
220,por_074.jpg,9.0,8.0
220,rand_075.jpg,12.0,11.0
220,rand_076.jpg,8.0,7.0
220,rand_077.jpg,14.0,13.0
220,rand_078.jpg,10.0,9.0
220,rand_079.jpg,9.0,8.0
220,sat_080.jpg,11.0,10.0
220,sat_081.jpg,10.0,9.0
220,sat_082.jpg,12.0,11.0
220,sat_083.jpg,9.0,8.0
220,sat_084.jpg,11.0,10.0
220,sat_085.jpg,10.0,9.0
220,sat_086.jpg,10.0,9.0
220,sat_087.jpg,11.0,10.0
220,soc_088.jpg,10.0,9.0
220,soc_089.jpg,15.0,14.0
220,soc_090.jpg,14.0,13.0
220,soc_091.jpg,8.0,7.0
220,soc_092.jpg,10.0,9.0
220,soc_093.jpg,13.0,12.0
220,soc_094.jpg,11.0,10.0
220,soc_095.jpg,14.0,13.0
220,soc_096.jpg,16.0,15.0
220,soc_097.jpg,7.0,6.0
220,soc_098.jpg,11.0,10.0
220,soc_099.jpg,13.0,12.0
220,soc_100.jpg,11.0,10.0
221,act_001.jpg,15.0,14.0
221,act_002.jpg,12.0,11.0
221,act_003.jpg,15.0,14.0
221,act_004.jpg,16.0,15.0
221,act_005.jpg,16.0,15.0
221,art_006.jpg,11.0,10.0
221,art_007.jpg,13.0,12.0
221,art_008.jpg,15.0,14.0
221,art_009.jpg,14.0,13.0
221,art_010.jpg,15.0,14.0
221,art_011.jpg,8.0,7.0
221,cat_012.jpg,12.0,11.0
221,cat_013.jpg,15.0,14.0
221,cat_014.jpg,17.0,16.0
221,cat_015.jpg,15.0,14.0
221,ind_016.jpg,14.0,13.0
221,ind_017.jpg,13.0,12.0
221,ind_018.jpg,18.0,17.0
221,ind_019.jpg,16.0,15.0
221,ind_020.jpg,12.0,11.0
221,ind_021.jpg,16.0,15.0
221,ind_022.jpg,9.0,8.0
221,ind_023.jpg,16.0,15.0
221,ind_024.jpg,15.0,14.0
221,ind_025.jpg,16.0,15.0
221,land_026.jpg,16.0,15.0
221,land_027.jpg,12.0,11.0
221,land_028.jpg,15.0,14.0
221,land_029.jpg,14.0,13.0
221,land_030.jpg,14.0,13.0
221,low_031.jpg,13.0,12.0
221,low_032.jpg,11.0,10.0
221,low_033.jpg,12.0,11.0
221,low_034.jpg,16.0,15.0
221,low_035.jpg,14.0,13.0
221,low_036.jpg,14.0,13.0
221,mood_37.jpg,17.0,16.0
221,mood_38.jpg,17.0,16.0
221,mood_39.jpg,19.0,18.0
221,mood_40.jpg,18.0,17.0
221,mood_41.jpg,16.0,15.0
221,mood_42.jpg,15.0,14.0
221,mood_43.jpg,17.0,16.0
221,mood_44.jpg,20.0,19.0
221,mood_45.jpg,16.0,15.0
221,mood_46.jpg,18.0,17.0
221,noi_047.jpg,13.0,12.0
221,noi_048.jpg,10.0,9.0
221,noi_049.jpg,17.0,16.0
221,noi_050.jpg,12.0,11.0
221,noi_051.jpg,12.0,11.0
221,noi_052.jpg,5.0,4.0
221,noi_053.jpg,15.0,14.0
221,outman_054.jpg,17.0,16.0
221,outman_055.jpg,14.0,13.0
221,outman_056.jpg,18.0,17.0
221,outman_057.jpg,13.0,12.0
221,outman_058.jpg,16.0,15.0
221,outman_059.jpg,14.0,13.0
221,outman_060.jpg,17.0,16.0
221,outman_061.jpg,15.0,14.0
221,pat_066.jpg,16.0,15.0
221,pat_067.jpg,17.0,16.0
221,pat_068.jpg,14.0,13.0
221,pat_069.jpg,17.0,16.0
221,pat_070.jpg,20.0,19.0
221,patch_062.jpg,17.0,16.0
221,patch_063.jpg,19.0,18.0
221,patch_064.jpg,18.0,17.0
221,patch_065.jpg,5.0,4.0
221,por_071.jpg,16.0,15.0
221,por_072.jpg,13.0,12.0
221,por_073.jpg,12.0,11.0
221,por_074.jpg,14.0,13.0
221,rand_075.jpg,16.0,15.0
221,rand_076.jpg,17.0,16.0
221,rand_077.jpg,15.0,14.0
221,rand_078.jpg,12.0,11.0
221,rand_079.jpg,13.0,12.0
221,sat_080.jpg,13.0,12.0
221,sat_081.jpg,17.0,16.0
221,sat_082.jpg,19.0,18.0
221,sat_083.jpg,16.0,15.0
221,sat_084.jpg,13.0,12.0
221,sat_085.jpg,16.0,15.0
221,sat_086.jpg,12.0,11.0
221,sat_087.jpg,16.0,15.0
221,soc_088.jpg,17.0,16.0
221,soc_089.jpg,18.0,17.0
221,soc_090.jpg,15.0,14.0
221,soc_091.jpg,11.0,10.0
221,soc_092.jpg,10.0,9.0
221,soc_093.jpg,14.0,13.0
221,soc_094.jpg,15.0,14.0
221,soc_095.jpg,14.0,13.0
221,soc_096.jpg,13.0,12.0
221,soc_097.jpg,15.0,14.0
221,soc_098.jpg,16.0,15.0
221,soc_099.jpg,16.0,15.0
221,soc_100.jpg,13.0,12.0
222,act_001.jpg,16.0,15.0
222,act_002.jpg,15.0,14.0
222,act_003.jpg,20.0,19.0
222,act_004.jpg,11.0,10.0
222,act_005.jpg,17.0,16.0
222,art_006.jpg,10.0,9.0
222,art_007.jpg,17.0,16.0
222,art_008.jpg,9.0,8.0
222,art_009.jpg,14.0,13.0
222,art_010.jpg,16.0,15.0
222,art_011.jpg,13.0,12.0
222,cat_012.jpg,11.0,10.0
222,cat_013.jpg,13.0,12.0
222,cat_014.jpg,9.0,8.0
222,cat_015.jpg,17.0,16.0
222,ind_016.jpg,15.0,14.0
222,ind_017.jpg,17.0,16.0
222,ind_018.jpg,17.0,16.0
222,ind_019.jpg,14.0,13.0
222,ind_020.jpg,8.0,7.0
222,ind_021.jpg,13.0,12.0
222,ind_022.jpg,10.0,9.0
222,ind_023.jpg,9.0,8.0
222,ind_024.jpg,14.0,13.0
222,ind_025.jpg,14.0,13.0
222,land_026.jpg,11.0,10.0
222,land_027.jpg,11.0,10.0
222,land_028.jpg,12.0,11.0
222,land_029.jpg,10.0,9.0
222,land_030.jpg,8.0,7.0
222,low_031.jpg,8.0,7.0
222,low_032.jpg,,
222,low_033.jpg,13.0,12.0
222,low_034.jpg,9.0,8.0
222,low_035.jpg,3.0,2.0
222,low_036.jpg,10.0,9.0
222,mood_37.jpg,14.0,13.0
222,mood_38.jpg,21.0,20.0
222,mood_39.jpg,17.0,16.0
222,mood_40.jpg,15.0,14.0
222,mood_41.jpg,19.0,18.0
222,mood_42.jpg,15.0,14.0
222,mood_43.jpg,20.0,19.0
222,mood_44.jpg,19.0,18.0
222,mood_45.jpg,17.0,16.0
222,mood_46.jpg,16.0,15.0
222,noi_047.jpg,13.0,12.0
222,noi_048.jpg,6.0,5.0
222,noi_049.jpg,2.0,1.0
222,noi_050.jpg,1.0,0.0
222,noi_051.jpg,13.0,12.0
222,noi_052.jpg,11.0,10.0
222,noi_053.jpg,13.0,12.0
222,outman_054.jpg,16.0,15.0
222,outman_055.jpg,13.0,12.0
222,outman_056.jpg,8.0,7.0
222,outman_057.jpg,16.0,15.0
222,outman_058.jpg,11.0,10.0
222,outman_059.jpg,11.0,10.0
222,outman_060.jpg,8.0,7.0
222,outman_061.jpg,13.0,12.0
222,pat_066.jpg,9.0,8.0
222,pat_067.jpg,6.0,5.0
222,pat_068.jpg,11.0,10.0
222,pat_069.jpg,5.0,4.0
222,pat_070.jpg,12.0,11.0
222,patch_062.jpg,16.0,15.0
222,patch_063.jpg,14.0,13.0
222,patch_064.jpg,11.0,10.0
222,patch_065.jpg,7.0,6.0
222,por_071.jpg,13.0,12.0
222,por_072.jpg,15.0,14.0
222,por_073.jpg,9.0,8.0
222,por_074.jpg,7.0,6.0
222,rand_075.jpg,10.0,9.0
222,rand_076.jpg,9.0,8.0
222,rand_077.jpg,8.0,7.0
222,rand_078.jpg,12.0,11.0
222,rand_079.jpg,6.0,5.0
222,sat_080.jpg,8.0,7.0
222,sat_081.jpg,9.0,8.0
222,sat_082.jpg,12.0,11.0
222,sat_083.jpg,13.0,12.0
222,sat_084.jpg,8.0,7.0
222,sat_085.jpg,12.0,11.0
222,sat_086.jpg,15.0,14.0
222,sat_087.jpg,13.0,12.0
222,soc_088.jpg,11.0,10.0
222,soc_089.jpg,14.0,13.0
222,soc_090.jpg,7.0,6.0
222,soc_091.jpg,9.0,8.0
222,soc_092.jpg,12.0,11.0
222,soc_093.jpg,18.0,17.0
222,soc_094.jpg,14.0,13.0
222,soc_095.jpg,13.0,12.0
222,soc_096.jpg,13.0,12.0
222,soc_097.jpg,11.0,10.0
222,soc_098.jpg,13.0,12.0
222,soc_099.jpg,15.0,14.0
222,soc_100.jpg,17.0,16.0
223,act_001.jpg,10.0,9.0
223,act_002.jpg,14.0,13.0
223,act_003.jpg,17.0,16.0
223,act_004.jpg,14.0,13.0
223,act_005.jpg,15.0,14.0
223,art_006.jpg,16.0,15.0
223,art_007.jpg,20.0,19.0
223,art_008.jpg,12.0,11.0
223,art_009.jpg,13.0,12.0
223,art_010.jpg,19.0,18.0
223,art_011.jpg,20.0,19.0
223,cat_012.jpg,13.0,12.0
223,cat_013.jpg,17.0,16.0
223,cat_014.jpg,13.0,12.0
223,cat_015.jpg,16.0,15.0
223,ind_016.jpg,15.0,14.0
223,ind_017.jpg,17.0,16.0
223,ind_018.jpg,7.0,6.0
223,ind_019.jpg,17.0,16.0
223,ind_020.jpg,9.0,8.0
223,ind_021.jpg,13.0,12.0
223,ind_022.jpg,15.0,14.0
223,ind_023.jpg,11.0,10.0
223,ind_024.jpg,14.0,13.0
223,ind_025.jpg,18.0,17.0
223,land_026.jpg,1.0,0.0
223,land_027.jpg,17.0,16.0
223,land_028.jpg,16.0,15.0
223,land_029.jpg,12.0,11.0
223,land_030.jpg,10.0,9.0
223,low_031.jpg,7.0,6.0
223,low_032.jpg,13.0,12.0
223,low_033.jpg,,
223,low_034.jpg,13.0,12.0
223,low_035.jpg,13.0,12.0
223,low_036.jpg,14.0,13.0
223,mood_37.jpg,16.0,15.0
223,mood_38.jpg,17.0,16.0
223,mood_39.jpg,20.0,19.0
223,mood_40.jpg,14.0,13.0
223,mood_41.jpg,20.0,19.0
223,mood_42.jpg,15.0,14.0
223,mood_43.jpg,15.0,14.0
223,mood_44.jpg,21.0,20.0
223,mood_45.jpg,15.0,14.0
223,mood_46.jpg,17.0,16.0
223,noi_047.jpg,15.0,14.0
223,noi_048.jpg,13.0,12.0
223,noi_049.jpg,14.0,13.0
223,noi_050.jpg,9.0,8.0
223,noi_051.jpg,9.0,8.0
223,noi_052.jpg,16.0,15.0
223,noi_053.jpg,16.0,15.0
223,outman_054.jpg,16.0,15.0
223,outman_055.jpg,14.0,13.0
223,outman_056.jpg,15.0,14.0
223,outman_057.jpg,14.0,13.0
223,outman_058.jpg,16.0,15.0
223,outman_059.jpg,13.0,12.0
223,outman_060.jpg,14.0,13.0
223,outman_061.jpg,15.0,14.0
223,pat_066.jpg,15.0,14.0
223,pat_067.jpg,13.0,12.0
223,pat_068.jpg,18.0,17.0
223,pat_069.jpg,15.0,14.0
223,pat_070.jpg,19.0,18.0
223,patch_062.jpg,14.0,13.0
223,patch_063.jpg,15.0,14.0
223,patch_064.jpg,19.0,18.0
223,patch_065.jpg,17.0,16.0
223,por_071.jpg,14.0,13.0
223,por_072.jpg,13.0,12.0
223,por_073.jpg,9.0,8.0
223,por_074.jpg,12.0,11.0
223,rand_075.jpg,15.0,14.0
223,rand_076.jpg,12.0,11.0
223,rand_077.jpg,16.0,15.0
223,rand_078.jpg,18.0,17.0
223,rand_079.jpg,13.0,12.0
223,sat_080.jpg,17.0,16.0
223,sat_081.jpg,17.0,16.0
223,sat_082.jpg,14.0,13.0
223,sat_083.jpg,18.0,17.0
223,sat_084.jpg,12.0,11.0
223,sat_085.jpg,14.0,13.0
223,sat_086.jpg,16.0,15.0
223,sat_087.jpg,14.0,13.0
223,soc_088.jpg,16.0,15.0
223,soc_089.jpg,10.0,9.0
223,soc_090.jpg,12.0,11.0
223,soc_091.jpg,18.0,17.0
223,soc_092.jpg,17.0,16.0
223,soc_093.jpg,18.0,17.0
223,soc_094.jpg,15.0,14.0
223,soc_095.jpg,12.0,11.0
223,soc_096.jpg,15.0,14.0
223,soc_097.jpg,17.0,16.0
223,soc_098.jpg,16.0,15.0
223,soc_099.jpg,15.0,14.0
223,soc_100.jpg,16.0,15.0
226,act_001.jpg,3.0,2.0
226,act_002.jpg,3.0,2.0
226,act_003.jpg,18.0,17.0
226,act_004.jpg,,
226,act_005.jpg,10.0,9.0
226,art_006.jpg,6.0,5.0
226,art_007.jpg,11.0,10.0
226,art_008.jpg,15.0,14.0
226,art_009.jpg,12.0,11.0
226,art_010.jpg,14.0,13.0
226,art_011.jpg,1.0,0.0
226,cat_012.jpg,,
226,cat_013.jpg,,
226,cat_014.jpg,3.0,2.0
226,cat_015.jpg,9.0,8.0
226,ind_016.jpg,8.0,7.0
226,ind_017.jpg,14.0,13.0
226,ind_018.jpg,1.0,0.0
226,ind_019.jpg,1.0,0.0
226,ind_020.jpg,4.0,3.0
226,ind_021.jpg,3.0,2.0
226,ind_022.jpg,1.0,0.0
226,ind_023.jpg,1.0,0.0
226,ind_024.jpg,,
226,ind_025.jpg,13.0,12.0
226,land_026.jpg,12.0,11.0
226,land_027.jpg,5.0,4.0
226,land_028.jpg,,
226,land_029.jpg,2.0,1.0
226,land_030.jpg,7.0,6.0
226,low_031.jpg,2.0,1.0
226,low_032.jpg,6.0,5.0
226,low_033.jpg,,
226,low_034.jpg,,
226,low_035.jpg,11.0,10.0
226,low_036.jpg,7.0,6.0
226,mood_37.jpg,,
226,mood_38.jpg,14.0,13.0
226,mood_39.jpg,20.0,19.0
226,mood_40.jpg,1.0,0.0
226,mood_41.jpg,10.0,9.0
226,mood_42.jpg,17.0,16.0
226,mood_43.jpg,16.0,15.0
226,mood_44.jpg,12.0,11.0
226,mood_45.jpg,14.0,13.0
226,mood_46.jpg,17.0,16.0
226,noi_047.jpg,12.0,11.0
226,noi_048.jpg,8.0,7.0
226,noi_049.jpg,8.0,7.0
226,noi_050.jpg,4.0,3.0
226,noi_051.jpg,3.0,2.0
226,noi_052.jpg,11.0,10.0
226,noi_053.jpg,10.0,9.0
226,outman_054.jpg,,
226,outman_055.jpg,16.0,15.0
226,outman_056.jpg,14.0,13.0
226,outman_057.jpg,15.0,14.0
226,outman_058.jpg,7.0,6.0
226,outman_059.jpg,1.0,0.0
226,outman_060.jpg,14.0,13.0
226,outman_061.jpg,14.0,13.0
226,pat_066.jpg,4.0,3.0
226,pat_067.jpg,,
226,pat_068.jpg,2.0,1.0
226,pat_069.jpg,2.0,1.0
226,pat_070.jpg,13.0,12.0
226,patch_062.jpg,15.0,14.0
226,patch_063.jpg,14.0,13.0
226,patch_064.jpg,,
226,patch_065.jpg,17.0,16.0
226,por_071.jpg,16.0,15.0
226,por_072.jpg,16.0,15.0
226,por_073.jpg,4.0,3.0
226,por_074.jpg,14.0,13.0
226,rand_075.jpg,5.0,4.0
226,rand_076.jpg,,
226,rand_077.jpg,11.0,10.0
226,rand_078.jpg,1.0,0.0
226,rand_079.jpg,8.0,7.0
226,sat_080.jpg,2.0,1.0
226,sat_081.jpg,12.0,11.0
226,sat_082.jpg,15.0,14.0
226,sat_083.jpg,5.0,4.0
226,sat_084.jpg,15.0,14.0
226,sat_085.jpg,17.0,16.0
226,sat_086.jpg,7.0,6.0
226,sat_087.jpg,14.0,13.0
226,soc_088.jpg,7.0,6.0
226,soc_089.jpg,17.0,16.0
226,soc_090.jpg,17.0,16.0
226,soc_091.jpg,15.0,14.0
226,soc_092.jpg,16.0,15.0
226,soc_093.jpg,21.0,20.0
226,soc_094.jpg,12.0,11.0
226,soc_095.jpg,15.0,14.0
226,soc_096.jpg,15.0,14.0
226,soc_097.jpg,16.0,15.0
226,soc_098.jpg,9.0,8.0
226,soc_099.jpg,11.0,10.0
226,soc_100.jpg,14.0,13.0
227,act_001.jpg,10.0,9.0
227,act_002.jpg,5.0,4.0
227,act_003.jpg,7.0,6.0
227,act_004.jpg,8.0,7.0
227,act_005.jpg,3.0,2.0
227,art_006.jpg,9.0,8.0
227,art_007.jpg,8.0,7.0
227,art_008.jpg,6.0,5.0
227,art_009.jpg,14.0,13.0
227,art_010.jpg,4.0,3.0
227,art_011.jpg,7.0,6.0
227,cat_012.jpg,9.0,8.0
227,cat_013.jpg,4.0,3.0
227,cat_014.jpg,12.0,11.0
227,cat_015.jpg,2.0,1.0
227,ind_016.jpg,10.0,9.0
227,ind_017.jpg,15.0,14.0
227,ind_018.jpg,6.0,5.0
227,ind_019.jpg,9.0,8.0
227,ind_020.jpg,5.0,4.0
227,ind_021.jpg,11.0,10.0
227,ind_022.jpg,8.0,7.0
227,ind_023.jpg,8.0,7.0
227,ind_024.jpg,13.0,12.0
227,ind_025.jpg,11.0,10.0
227,land_026.jpg,10.0,9.0
227,land_027.jpg,8.0,7.0
227,land_028.jpg,6.0,5.0
227,land_029.jpg,11.0,10.0
227,land_030.jpg,9.0,8.0
227,low_031.jpg,10.0,9.0
227,low_032.jpg,4.0,3.0
227,low_033.jpg,6.0,5.0
227,low_034.jpg,4.0,3.0
227,low_035.jpg,2.0,1.0
227,low_036.jpg,5.0,4.0
227,mood_37.jpg,13.0,12.0
227,mood_38.jpg,13.0,12.0
227,mood_39.jpg,19.0,18.0
227,mood_40.jpg,16.0,15.0
227,mood_41.jpg,14.0,13.0
227,mood_42.jpg,14.0,13.0
227,mood_43.jpg,14.0,13.0
227,mood_44.jpg,16.0,15.0
227,mood_45.jpg,15.0,14.0
227,mood_46.jpg,16.0,15.0
227,noi_047.jpg,,
227,noi_048.jpg,6.0,5.0
227,noi_049.jpg,7.0,6.0
227,noi_050.jpg,1.0,0.0
227,noi_051.jpg,1.0,0.0
227,noi_052.jpg,5.0,4.0
227,noi_053.jpg,10.0,9.0
227,outman_054.jpg,4.0,3.0
227,outman_055.jpg,1.0,0.0
227,outman_056.jpg,5.0,4.0
227,outman_057.jpg,11.0,10.0
227,outman_058.jpg,7.0,6.0
227,outman_059.jpg,3.0,2.0
227,outman_060.jpg,6.0,5.0
227,outman_061.jpg,7.0,6.0
227,pat_066.jpg,,
227,pat_067.jpg,1.0,0.0
227,pat_068.jpg,9.0,8.0
227,pat_069.jpg,4.0,3.0
227,pat_070.jpg,1.0,0.0
227,patch_062.jpg,4.0,3.0
227,patch_063.jpg,2.0,1.0
227,patch_064.jpg,9.0,8.0
227,patch_065.jpg,2.0,1.0
227,por_071.jpg,9.0,8.0
227,por_072.jpg,11.0,10.0
227,por_073.jpg,8.0,7.0
227,por_074.jpg,8.0,7.0
227,rand_075.jpg,2.0,1.0
227,rand_076.jpg,4.0,3.0
227,rand_077.jpg,2.0,1.0
227,rand_078.jpg,2.0,1.0
227,rand_079.jpg,11.0,10.0
227,sat_080.jpg,,
227,sat_081.jpg,13.0,12.0
227,sat_082.jpg,4.0,3.0
227,sat_083.jpg,1.0,0.0
227,sat_084.jpg,,
227,sat_085.jpg,4.0,3.0
227,sat_086.jpg,9.0,8.0
227,sat_087.jpg,5.0,4.0
227,soc_088.jpg,2.0,1.0
227,soc_089.jpg,3.0,2.0
227,soc_090.jpg,5.0,4.0
227,soc_091.jpg,3.0,2.0
227,soc_092.jpg,7.0,6.0
227,soc_093.jpg,13.0,12.0
227,soc_094.jpg,13.0,12.0
227,soc_095.jpg,13.0,12.0
227,soc_096.jpg,7.0,6.0
227,soc_097.jpg,12.0,11.0
227,soc_098.jpg,11.0,10.0
227,soc_099.jpg,9.0,8.0
227,soc_100.jpg,13.0,12.0
228,act_001.jpg,6.0,5.0
228,act_002.jpg,19.0,18.0
228,act_003.jpg,18.0,17.0
228,act_004.jpg,15.0,14.0
228,act_005.jpg,18.0,17.0
228,art_006.jpg,21.0,20.0
228,art_007.jpg,9.0,8.0
228,art_008.jpg,20.0,19.0
228,art_009.jpg,16.0,15.0
228,art_010.jpg,17.0,16.0
228,art_011.jpg,18.0,17.0
228,cat_012.jpg,16.0,15.0
228,cat_013.jpg,11.0,10.0
228,cat_014.jpg,12.0,11.0
228,cat_015.jpg,21.0,20.0
228,ind_016.jpg,17.0,16.0
228,ind_017.jpg,17.0,16.0
228,ind_018.jpg,20.0,19.0
228,ind_019.jpg,17.0,16.0
228,ind_020.jpg,16.0,15.0
228,ind_021.jpg,17.0,16.0
228,ind_022.jpg,18.0,17.0
228,ind_023.jpg,13.0,12.0
228,ind_024.jpg,10.0,9.0
228,ind_025.jpg,18.0,17.0
228,land_026.jpg,19.0,18.0
228,land_027.jpg,12.0,11.0
228,land_028.jpg,16.0,15.0
228,land_029.jpg,12.0,11.0
228,land_030.jpg,21.0,20.0
228,low_031.jpg,12.0,11.0
228,low_032.jpg,8.0,7.0
228,low_033.jpg,17.0,16.0
228,low_034.jpg,8.0,7.0
228,low_035.jpg,11.0,10.0
228,low_036.jpg,6.0,5.0
228,mood_37.jpg,19.0,18.0
228,mood_38.jpg,21.0,20.0
228,mood_39.jpg,16.0,15.0
228,mood_40.jpg,19.0,18.0
228,mood_41.jpg,21.0,20.0
228,mood_42.jpg,15.0,14.0
228,mood_43.jpg,14.0,13.0
228,mood_44.jpg,21.0,20.0
228,mood_45.jpg,17.0,16.0
228,mood_46.jpg,21.0,20.0
228,noi_047.jpg,10.0,9.0
228,noi_048.jpg,12.0,11.0
228,noi_049.jpg,19.0,18.0
228,noi_050.jpg,14.0,13.0
228,noi_051.jpg,9.0,8.0
228,noi_052.jpg,15.0,14.0
228,noi_053.jpg,7.0,6.0
228,outman_054.jpg,17.0,16.0
228,outman_055.jpg,20.0,19.0
228,outman_056.jpg,3.0,2.0
228,outman_057.jpg,20.0,19.0
228,outman_058.jpg,15.0,14.0
228,outman_059.jpg,17.0,16.0
228,outman_060.jpg,18.0,17.0
228,outman_061.jpg,18.0,17.0
228,pat_066.jpg,20.0,19.0
228,pat_067.jpg,10.0,9.0
228,pat_068.jpg,14.0,13.0
228,pat_069.jpg,20.0,19.0
228,pat_070.jpg,11.0,10.0
228,patch_062.jpg,11.0,10.0
228,patch_063.jpg,18.0,17.0
228,patch_064.jpg,17.0,16.0
228,patch_065.jpg,13.0,12.0
228,por_071.jpg,18.0,17.0
228,por_072.jpg,17.0,16.0
228,por_073.jpg,19.0,18.0
228,por_074.jpg,11.0,10.0
228,rand_075.jpg,14.0,13.0
228,rand_076.jpg,19.0,18.0
228,rand_077.jpg,16.0,15.0
228,rand_078.jpg,17.0,16.0
228,rand_079.jpg,10.0,9.0
228,sat_080.jpg,16.0,15.0
228,sat_081.jpg,19.0,18.0
228,sat_082.jpg,13.0,12.0
228,sat_083.jpg,18.0,17.0
228,sat_084.jpg,18.0,17.0
228,sat_085.jpg,16.0,15.0
228,sat_086.jpg,14.0,13.0
228,sat_087.jpg,16.0,15.0
228,soc_088.jpg,14.0,13.0
228,soc_089.jpg,16.0,15.0
228,soc_090.jpg,15.0,14.0
228,soc_091.jpg,17.0,16.0
228,soc_092.jpg,15.0,14.0
228,soc_093.jpg,15.0,14.0
228,soc_094.jpg,18.0,17.0
228,soc_095.jpg,13.0,12.0
228,soc_096.jpg,17.0,16.0
228,soc_097.jpg,13.0,12.0
228,soc_098.jpg,19.0,18.0
228,soc_099.jpg,11.0,10.0
228,soc_100.jpg,16.0,15.0
229,act_001.jpg,19.0,18.0
229,act_002.jpg,15.0,14.0
229,act_003.jpg,17.0,16.0
229,act_004.jpg,17.0,16.0
229,act_005.jpg,12.0,11.0
229,art_006.jpg,18.0,17.0
229,art_007.jpg,22.0,21.0
229,art_008.jpg,12.0,11.0
229,art_009.jpg,17.0,16.0
229,art_010.jpg,16.0,15.0
229,art_011.jpg,15.0,14.0
229,cat_012.jpg,15.0,14.0
229,cat_013.jpg,20.0,19.0
229,cat_014.jpg,19.0,18.0
229,cat_015.jpg,17.0,16.0
229,ind_016.jpg,16.0,15.0
229,ind_017.jpg,18.0,17.0
229,ind_018.jpg,17.0,16.0
229,ind_019.jpg,16.0,15.0
229,ind_020.jpg,16.0,15.0
229,ind_021.jpg,18.0,17.0
229,ind_022.jpg,17.0,16.0
229,ind_023.jpg,14.0,13.0
229,ind_024.jpg,13.0,12.0
229,ind_025.jpg,18.0,17.0
229,land_026.jpg,15.0,14.0
229,land_027.jpg,16.0,15.0
229,land_028.jpg,15.0,14.0
229,land_029.jpg,16.0,15.0
229,land_030.jpg,11.0,10.0
229,low_031.jpg,16.0,15.0
229,low_032.jpg,14.0,13.0
229,low_033.jpg,14.0,13.0
229,low_034.jpg,11.0,10.0
229,low_035.jpg,15.0,14.0
229,low_036.jpg,16.0,15.0
229,mood_37.jpg,17.0,16.0
229,mood_38.jpg,19.0,18.0
229,mood_39.jpg,16.0,15.0
229,mood_40.jpg,17.0,16.0
229,mood_41.jpg,18.0,17.0
229,mood_42.jpg,19.0,18.0
229,mood_43.jpg,20.0,19.0
229,mood_44.jpg,19.0,18.0
229,mood_45.jpg,16.0,15.0
229,mood_46.jpg,20.0,19.0
229,noi_047.jpg,18.0,17.0
229,noi_048.jpg,17.0,16.0
229,noi_049.jpg,17.0,16.0
229,noi_050.jpg,14.0,13.0
229,noi_051.jpg,12.0,11.0
229,noi_052.jpg,14.0,13.0
229,noi_053.jpg,17.0,16.0
229,outman_054.jpg,18.0,17.0
229,outman_055.jpg,14.0,13.0
229,outman_056.jpg,17.0,16.0
229,outman_057.jpg,17.0,16.0
229,outman_058.jpg,19.0,18.0
229,outman_059.jpg,7.0,6.0
229,outman_060.jpg,17.0,16.0
229,outman_061.jpg,14.0,13.0
229,pat_066.jpg,13.0,12.0
229,pat_067.jpg,14.0,13.0
229,pat_068.jpg,13.0,12.0
229,pat_069.jpg,18.0,17.0
229,pat_070.jpg,12.0,11.0
229,patch_062.jpg,13.0,12.0
229,patch_063.jpg,16.0,15.0
229,patch_064.jpg,17.0,16.0
229,patch_065.jpg,16.0,15.0
229,por_071.jpg,17.0,16.0
229,por_072.jpg,17.0,16.0
229,por_073.jpg,17.0,16.0
229,por_074.jpg,17.0,16.0
229,rand_075.jpg,17.0,16.0
229,rand_076.jpg,16.0,15.0
229,rand_077.jpg,15.0,14.0
229,rand_078.jpg,17.0,16.0
229,rand_079.jpg,16.0,15.0
229,sat_080.jpg,13.0,12.0
229,sat_081.jpg,18.0,17.0
229,sat_082.jpg,16.0,15.0
229,sat_083.jpg,17.0,16.0
229,sat_084.jpg,16.0,15.0
229,sat_085.jpg,18.0,17.0
229,sat_086.jpg,16.0,15.0
229,sat_087.jpg,15.0,14.0
229,soc_088.jpg,16.0,15.0
229,soc_089.jpg,19.0,18.0
229,soc_090.jpg,16.0,15.0
229,soc_091.jpg,18.0,17.0
229,soc_092.jpg,17.0,16.0
229,soc_093.jpg,15.0,14.0
229,soc_094.jpg,14.0,13.0
229,soc_095.jpg,16.0,15.0
229,soc_096.jpg,14.0,13.0
229,soc_097.jpg,18.0,17.0
229,soc_098.jpg,17.0,16.0
229,soc_099.jpg,18.0,17.0
229,soc_100.jpg,13.0,12.0
230,act_001.jpg,10.0,9.0
230,act_002.jpg,8.0,7.0
230,act_003.jpg,12.0,11.0
230,act_004.jpg,11.0,10.0
230,act_005.jpg,5.0,4.0
230,art_006.jpg,9.0,8.0
230,art_007.jpg,10.0,9.0
230,art_008.jpg,7.0,6.0
230,art_009.jpg,11.0,10.0
230,art_010.jpg,12.0,11.0
230,art_011.jpg,10.0,9.0
230,cat_012.jpg,12.0,11.0
230,cat_013.jpg,14.0,13.0
230,cat_014.jpg,11.0,10.0
230,cat_015.jpg,11.0,10.0
230,ind_016.jpg,11.0,10.0
230,ind_017.jpg,3.0,2.0
230,ind_018.jpg,14.0,13.0
230,ind_019.jpg,12.0,11.0
230,ind_020.jpg,7.0,6.0
230,ind_021.jpg,12.0,11.0
230,ind_022.jpg,3.0,2.0
230,ind_023.jpg,14.0,13.0
230,ind_024.jpg,11.0,10.0
230,ind_025.jpg,13.0,12.0
230,land_026.jpg,12.0,11.0
230,land_027.jpg,1.0,0.0
230,land_028.jpg,12.0,11.0
230,land_029.jpg,5.0,4.0
230,land_030.jpg,7.0,6.0
230,low_031.jpg,5.0,4.0
230,low_032.jpg,8.0,7.0
230,low_033.jpg,8.0,7.0
230,low_034.jpg,8.0,7.0
230,low_035.jpg,8.0,7.0
230,low_036.jpg,8.0,7.0
230,mood_37.jpg,14.0,13.0
230,mood_38.jpg,18.0,17.0
230,mood_39.jpg,11.0,10.0
230,mood_40.jpg,9.0,8.0
230,mood_41.jpg,12.0,11.0
230,mood_42.jpg,8.0,7.0
230,mood_43.jpg,15.0,14.0
230,mood_44.jpg,12.0,11.0
230,mood_45.jpg,12.0,11.0
230,mood_46.jpg,3.0,2.0
230,noi_047.jpg,8.0,7.0
230,noi_048.jpg,12.0,11.0
230,noi_049.jpg,13.0,12.0
230,noi_050.jpg,7.0,6.0
230,noi_051.jpg,6.0,5.0
230,noi_052.jpg,7.0,6.0
230,noi_053.jpg,8.0,7.0
230,outman_054.jpg,1.0,0.0
230,outman_055.jpg,9.0,8.0
230,outman_056.jpg,12.0,11.0
230,outman_057.jpg,12.0,11.0
230,outman_058.jpg,10.0,9.0
230,outman_059.jpg,15.0,14.0
230,outman_060.jpg,9.0,8.0
230,outman_061.jpg,4.0,3.0
230,pat_066.jpg,6.0,5.0
230,pat_067.jpg,7.0,6.0
230,pat_068.jpg,8.0,7.0
230,pat_069.jpg,4.0,3.0
230,pat_070.jpg,9.0,8.0
230,patch_062.jpg,6.0,5.0
230,patch_063.jpg,6.0,5.0
230,patch_064.jpg,7.0,6.0
230,patch_065.jpg,4.0,3.0
230,por_071.jpg,9.0,8.0
230,por_072.jpg,4.0,3.0
230,por_073.jpg,6.0,5.0
230,por_074.jpg,11.0,10.0
230,rand_075.jpg,8.0,7.0
230,rand_076.jpg,6.0,5.0
230,rand_077.jpg,6.0,5.0
230,rand_078.jpg,8.0,7.0
230,rand_079.jpg,6.0,5.0
230,sat_080.jpg,7.0,6.0
230,sat_081.jpg,5.0,4.0
230,sat_082.jpg,8.0,7.0
230,sat_083.jpg,8.0,7.0
230,sat_084.jpg,7.0,6.0
230,sat_085.jpg,6.0,5.0
230,sat_086.jpg,6.0,5.0
230,sat_087.jpg,8.0,7.0
230,soc_088.jpg,9.0,8.0
230,soc_089.jpg,4.0,3.0
230,soc_090.jpg,10.0,9.0
230,soc_091.jpg,9.0,8.0
230,soc_092.jpg,15.0,14.0
230,soc_093.jpg,9.0,8.0
230,soc_094.jpg,6.0,5.0
230,soc_095.jpg,3.0,2.0
230,soc_096.jpg,17.0,16.0
230,soc_097.jpg,6.0,5.0
230,soc_098.jpg,13.0,12.0
230,soc_099.jpg,12.0,11.0
230,soc_100.jpg,14.0,13.0
231,act_001.jpg,15.0,14.0
231,act_002.jpg,15.0,14.0
231,act_003.jpg,15.0,14.0
231,act_004.jpg,10.0,9.0
231,act_005.jpg,13.0,12.0
231,art_006.jpg,11.0,10.0
231,art_007.jpg,15.0,14.0
231,art_008.jpg,13.0,12.0
231,art_009.jpg,15.0,14.0
231,art_010.jpg,11.0,10.0
231,art_011.jpg,15.0,14.0
231,cat_012.jpg,10.0,9.0
231,cat_013.jpg,15.0,14.0
231,cat_014.jpg,11.0,10.0
231,cat_015.jpg,12.0,11.0
231,ind_016.jpg,14.0,13.0
231,ind_017.jpg,18.0,17.0
231,ind_018.jpg,12.0,11.0
231,ind_019.jpg,15.0,14.0
231,ind_020.jpg,13.0,12.0
231,ind_021.jpg,15.0,14.0
231,ind_022.jpg,16.0,15.0
231,ind_023.jpg,16.0,15.0
231,ind_024.jpg,16.0,15.0
231,ind_025.jpg,15.0,14.0
231,land_026.jpg,13.0,12.0
231,land_027.jpg,12.0,11.0
231,land_028.jpg,17.0,16.0
231,land_029.jpg,18.0,17.0
231,land_030.jpg,13.0,12.0
231,low_031.jpg,11.0,10.0
231,low_032.jpg,16.0,15.0
231,low_033.jpg,13.0,12.0
231,low_034.jpg,10.0,9.0
231,low_035.jpg,13.0,12.0
231,low_036.jpg,12.0,11.0
231,mood_37.jpg,18.0,17.0
231,mood_38.jpg,17.0,16.0
231,mood_39.jpg,17.0,16.0
231,mood_40.jpg,16.0,15.0
231,mood_41.jpg,15.0,14.0
231,mood_42.jpg,13.0,12.0
231,mood_43.jpg,16.0,15.0
231,mood_44.jpg,15.0,14.0
231,mood_45.jpg,16.0,15.0
231,mood_46.jpg,17.0,16.0
231,noi_047.jpg,14.0,13.0
231,noi_048.jpg,8.0,7.0
231,noi_049.jpg,10.0,9.0
231,noi_050.jpg,13.0,12.0
231,noi_051.jpg,14.0,13.0
231,noi_052.jpg,14.0,13.0
231,noi_053.jpg,15.0,14.0
231,outman_054.jpg,12.0,11.0
231,outman_055.jpg,14.0,13.0
231,outman_056.jpg,13.0,12.0
231,outman_057.jpg,16.0,15.0
231,outman_058.jpg,16.0,15.0
231,outman_059.jpg,15.0,14.0
231,outman_060.jpg,16.0,15.0
231,outman_061.jpg,17.0,16.0
231,pat_066.jpg,15.0,14.0
231,pat_067.jpg,16.0,15.0
231,pat_068.jpg,15.0,14.0
231,pat_069.jpg,16.0,15.0
231,pat_070.jpg,18.0,17.0
231,patch_062.jpg,16.0,15.0
231,patch_063.jpg,14.0,13.0
231,patch_064.jpg,16.0,15.0
231,patch_065.jpg,12.0,11.0
231,por_071.jpg,13.0,12.0
231,por_072.jpg,15.0,14.0
231,por_073.jpg,17.0,16.0
231,por_074.jpg,12.0,11.0
231,rand_075.jpg,12.0,11.0
231,rand_076.jpg,14.0,13.0
231,rand_077.jpg,16.0,15.0
231,rand_078.jpg,17.0,16.0
231,rand_079.jpg,17.0,16.0
231,sat_080.jpg,14.0,13.0
231,sat_081.jpg,13.0,12.0
231,sat_082.jpg,15.0,14.0
231,sat_083.jpg,15.0,14.0
231,sat_084.jpg,16.0,15.0
231,sat_085.jpg,16.0,15.0
231,sat_086.jpg,13.0,12.0
231,sat_087.jpg,13.0,12.0
231,soc_088.jpg,15.0,14.0
231,soc_089.jpg,16.0,15.0
231,soc_090.jpg,14.0,13.0
231,soc_091.jpg,15.0,14.0
231,soc_092.jpg,14.0,13.0
231,soc_093.jpg,15.0,14.0
231,soc_094.jpg,15.0,14.0
231,soc_095.jpg,16.0,15.0
231,soc_096.jpg,15.0,14.0
231,soc_097.jpg,15.0,14.0
231,soc_098.jpg,14.0,13.0
231,soc_099.jpg,15.0,14.0
231,soc_100.jpg,15.0,14.0
232,act_001.jpg,14.0,13.0
232,act_002.jpg,11.0,10.0
232,act_003.jpg,14.0,13.0
232,act_004.jpg,11.0,10.0
232,act_005.jpg,14.0,13.0
232,art_006.jpg,11.0,10.0
232,art_007.jpg,18.0,17.0
232,art_008.jpg,14.0,13.0
232,art_009.jpg,14.0,13.0
232,art_010.jpg,13.0,12.0
232,art_011.jpg,15.0,14.0
232,cat_012.jpg,14.0,13.0
232,cat_013.jpg,12.0,11.0
232,cat_014.jpg,15.0,14.0
232,cat_015.jpg,13.0,12.0
232,ind_016.jpg,13.0,12.0
232,ind_017.jpg,5.0,4.0
232,ind_018.jpg,13.0,12.0
232,ind_019.jpg,18.0,17.0
232,ind_020.jpg,11.0,10.0
232,ind_021.jpg,13.0,12.0
232,ind_022.jpg,10.0,9.0
232,ind_023.jpg,15.0,14.0
232,ind_024.jpg,15.0,14.0
232,ind_025.jpg,14.0,13.0
232,land_026.jpg,15.0,14.0
232,land_027.jpg,15.0,14.0
232,land_028.jpg,16.0,15.0
232,land_029.jpg,12.0,11.0
232,land_030.jpg,13.0,12.0
232,low_031.jpg,17.0,16.0
232,low_032.jpg,13.0,12.0
232,low_033.jpg,17.0,16.0
232,low_034.jpg,16.0,15.0
232,low_035.jpg,8.0,7.0
232,low_036.jpg,11.0,10.0
232,mood_37.jpg,18.0,17.0
232,mood_38.jpg,13.0,12.0
232,mood_39.jpg,14.0,13.0
232,mood_40.jpg,14.0,13.0
232,mood_41.jpg,18.0,17.0
232,mood_42.jpg,19.0,18.0
232,mood_43.jpg,17.0,16.0
232,mood_44.jpg,16.0,15.0
232,mood_45.jpg,17.0,16.0
232,mood_46.jpg,13.0,12.0
232,noi_047.jpg,12.0,11.0
232,noi_048.jpg,12.0,11.0
232,noi_049.jpg,12.0,11.0
232,noi_050.jpg,14.0,13.0
232,noi_051.jpg,18.0,17.0
232,noi_052.jpg,11.0,10.0
232,noi_053.jpg,12.0,11.0
232,outman_054.jpg,14.0,13.0
232,outman_055.jpg,12.0,11.0
232,outman_056.jpg,14.0,13.0
232,outman_057.jpg,12.0,11.0
232,outman_058.jpg,14.0,13.0
232,outman_059.jpg,10.0,9.0
232,outman_060.jpg,16.0,15.0
232,outman_061.jpg,17.0,16.0
232,pat_066.jpg,13.0,12.0
232,pat_067.jpg,15.0,14.0
232,pat_068.jpg,17.0,16.0
232,pat_069.jpg,14.0,13.0
232,pat_070.jpg,13.0,12.0
232,patch_062.jpg,16.0,15.0
232,patch_063.jpg,10.0,9.0
232,patch_064.jpg,16.0,15.0
232,patch_065.jpg,16.0,15.0
232,por_071.jpg,12.0,11.0
232,por_072.jpg,16.0,15.0
232,por_073.jpg,11.0,10.0
232,por_074.jpg,17.0,16.0
232,rand_075.jpg,15.0,14.0
232,rand_076.jpg,15.0,14.0
232,rand_077.jpg,15.0,14.0
232,rand_078.jpg,11.0,10.0
232,rand_079.jpg,19.0,18.0
232,sat_080.jpg,11.0,10.0
232,sat_081.jpg,16.0,15.0
232,sat_082.jpg,16.0,15.0
232,sat_083.jpg,14.0,13.0
232,sat_084.jpg,7.0,6.0
232,sat_085.jpg,17.0,16.0
232,sat_086.jpg,13.0,12.0
232,sat_087.jpg,14.0,13.0
232,soc_088.jpg,13.0,12.0
232,soc_089.jpg,1.0,0.0
232,soc_090.jpg,11.0,10.0
232,soc_091.jpg,16.0,15.0
232,soc_092.jpg,15.0,14.0
232,soc_093.jpg,15.0,14.0
232,soc_094.jpg,15.0,14.0
232,soc_095.jpg,15.0,14.0
232,soc_096.jpg,17.0,16.0
232,soc_097.jpg,14.0,13.0
232,soc_098.jpg,17.0,16.0
232,soc_099.jpg,18.0,17.0
232,soc_100.jpg,14.0,13.0
234,act_001.jpg,15.0,14.0
234,act_002.jpg,13.0,12.0
234,act_003.jpg,18.0,17.0
234,act_004.jpg,14.0,13.0
234,act_005.jpg,14.0,13.0
234,art_006.jpg,16.0,15.0
234,art_007.jpg,17.0,16.0
234,art_008.jpg,14.0,13.0
234,art_009.jpg,16.0,15.0
234,art_010.jpg,18.0,17.0
234,art_011.jpg,13.0,12.0
234,cat_012.jpg,18.0,17.0
234,cat_013.jpg,18.0,17.0
234,cat_014.jpg,18.0,17.0
234,cat_015.jpg,14.0,13.0
234,ind_016.jpg,13.0,12.0
234,ind_017.jpg,16.0,15.0
234,ind_018.jpg,16.0,15.0
234,ind_019.jpg,16.0,15.0
234,ind_020.jpg,16.0,15.0
234,ind_021.jpg,17.0,16.0
234,ind_022.jpg,14.0,13.0
234,ind_023.jpg,16.0,15.0
234,ind_024.jpg,13.0,12.0
234,ind_025.jpg,16.0,15.0
234,land_026.jpg,16.0,15.0
234,land_027.jpg,16.0,15.0
234,land_028.jpg,14.0,13.0
234,land_029.jpg,6.0,5.0
234,land_030.jpg,14.0,13.0
234,low_031.jpg,12.0,11.0
234,low_032.jpg,12.0,11.0
234,low_033.jpg,17.0,16.0
234,low_034.jpg,15.0,14.0
234,low_035.jpg,15.0,14.0
234,low_036.jpg,15.0,14.0
234,mood_37.jpg,18.0,17.0
234,mood_38.jpg,16.0,15.0
234,mood_39.jpg,16.0,15.0
234,mood_40.jpg,20.0,19.0
234,mood_41.jpg,16.0,15.0
234,mood_42.jpg,17.0,16.0
234,mood_43.jpg,18.0,17.0
234,mood_44.jpg,15.0,14.0
234,mood_45.jpg,15.0,14.0
234,mood_46.jpg,18.0,17.0
234,noi_047.jpg,14.0,13.0
234,noi_048.jpg,13.0,12.0
234,noi_049.jpg,14.0,13.0
234,noi_050.jpg,13.0,12.0
234,noi_051.jpg,14.0,13.0
234,noi_052.jpg,11.0,10.0
234,noi_053.jpg,16.0,15.0
234,outman_054.jpg,13.0,12.0
234,outman_055.jpg,14.0,13.0
234,outman_056.jpg,17.0,16.0
234,outman_057.jpg,17.0,16.0
234,outman_058.jpg,16.0,15.0
234,outman_059.jpg,14.0,13.0
234,outman_060.jpg,15.0,14.0
234,outman_061.jpg,12.0,11.0
234,pat_066.jpg,9.0,8.0
234,pat_067.jpg,9.0,8.0
234,pat_068.jpg,8.0,7.0
234,pat_069.jpg,15.0,14.0
234,pat_070.jpg,15.0,14.0
234,patch_062.jpg,17.0,16.0
234,patch_063.jpg,15.0,14.0
234,patch_064.jpg,15.0,14.0
234,patch_065.jpg,16.0,15.0
234,por_071.jpg,14.0,13.0
234,por_072.jpg,15.0,14.0
234,por_073.jpg,16.0,15.0
234,por_074.jpg,7.0,6.0
234,rand_075.jpg,15.0,14.0
234,rand_076.jpg,13.0,12.0
234,rand_077.jpg,16.0,15.0
234,rand_078.jpg,10.0,9.0
234,rand_079.jpg,16.0,15.0
234,sat_080.jpg,13.0,12.0
234,sat_081.jpg,16.0,15.0
234,sat_082.jpg,14.0,13.0
234,sat_083.jpg,17.0,16.0
234,sat_084.jpg,9.0,8.0
234,sat_085.jpg,14.0,13.0
234,sat_086.jpg,14.0,13.0
234,sat_087.jpg,14.0,13.0
234,soc_088.jpg,14.0,13.0
234,soc_089.jpg,15.0,14.0
234,soc_090.jpg,16.0,15.0
234,soc_091.jpg,13.0,12.0
234,soc_092.jpg,13.0,12.0
234,soc_093.jpg,15.0,14.0
234,soc_094.jpg,18.0,17.0
234,soc_095.jpg,15.0,14.0
234,soc_096.jpg,17.0,16.0
234,soc_097.jpg,18.0,17.0
234,soc_098.jpg,14.0,13.0
234,soc_099.jpg,15.0,14.0
234,soc_100.jpg,13.0,12.0
236,act_001.jpg,13.0,12.0
236,act_002.jpg,4.0,3.0
236,act_003.jpg,13.0,12.0
236,act_004.jpg,7.0,6.0
236,act_005.jpg,11.0,10.0
236,art_006.jpg,11.0,10.0
236,art_007.jpg,10.0,9.0
236,art_008.jpg,8.0,7.0
236,art_009.jpg,7.0,6.0
236,art_010.jpg,12.0,11.0
236,art_011.jpg,11.0,10.0
236,cat_012.jpg,7.0,6.0
236,cat_013.jpg,8.0,7.0
236,cat_014.jpg,7.0,6.0
236,cat_015.jpg,11.0,10.0
236,ind_016.jpg,5.0,4.0
236,ind_017.jpg,11.0,10.0
236,ind_018.jpg,10.0,9.0
236,ind_019.jpg,9.0,8.0
236,ind_020.jpg,11.0,10.0
236,ind_021.jpg,10.0,9.0
236,ind_022.jpg,4.0,3.0
236,ind_023.jpg,12.0,11.0
236,ind_024.jpg,9.0,8.0
236,ind_025.jpg,7.0,6.0
236,land_026.jpg,10.0,9.0
236,land_027.jpg,11.0,10.0
236,land_028.jpg,8.0,7.0
236,land_029.jpg,6.0,5.0
236,land_030.jpg,5.0,4.0
236,low_031.jpg,9.0,8.0
236,low_032.jpg,7.0,6.0
236,low_033.jpg,7.0,6.0
236,low_034.jpg,5.0,4.0
236,low_035.jpg,10.0,9.0
236,low_036.jpg,10.0,9.0
236,mood_37.jpg,13.0,12.0
236,mood_38.jpg,14.0,13.0
236,mood_39.jpg,13.0,12.0
236,mood_40.jpg,11.0,10.0
236,mood_41.jpg,13.0,12.0
236,mood_42.jpg,15.0,14.0
236,mood_43.jpg,11.0,10.0
236,mood_44.jpg,12.0,11.0
236,mood_45.jpg,18.0,17.0
236,mood_46.jpg,8.0,7.0
236,noi_047.jpg,6.0,5.0
236,noi_048.jpg,10.0,9.0
236,noi_049.jpg,7.0,6.0
236,noi_050.jpg,7.0,6.0
236,noi_051.jpg,6.0,5.0
236,noi_052.jpg,12.0,11.0
236,noi_053.jpg,9.0,8.0
236,outman_054.jpg,10.0,9.0
236,outman_055.jpg,7.0,6.0
236,outman_056.jpg,9.0,8.0
236,outman_057.jpg,11.0,10.0
236,outman_058.jpg,9.0,8.0
236,outman_059.jpg,9.0,8.0
236,outman_060.jpg,7.0,6.0
236,outman_061.jpg,10.0,9.0
236,pat_066.jpg,7.0,6.0
236,pat_067.jpg,5.0,4.0
236,pat_068.jpg,5.0,4.0
236,pat_069.jpg,8.0,7.0
236,pat_070.jpg,5.0,4.0
236,patch_062.jpg,8.0,7.0
236,patch_063.jpg,11.0,10.0
236,patch_064.jpg,7.0,6.0
236,patch_065.jpg,12.0,11.0
236,por_071.jpg,11.0,10.0
236,por_072.jpg,12.0,11.0
236,por_073.jpg,12.0,11.0
236,por_074.jpg,10.0,9.0
236,rand_075.jpg,9.0,8.0
236,rand_076.jpg,13.0,12.0
236,rand_077.jpg,13.0,12.0
236,rand_078.jpg,11.0,10.0
236,rand_079.jpg,10.0,9.0
236,sat_080.jpg,9.0,8.0
236,sat_081.jpg,5.0,4.0
236,sat_082.jpg,11.0,10.0
236,sat_083.jpg,6.0,5.0
236,sat_084.jpg,11.0,10.0
236,sat_085.jpg,9.0,8.0
236,sat_086.jpg,13.0,12.0
236,sat_087.jpg,10.0,9.0
236,soc_088.jpg,13.0,12.0
236,soc_089.jpg,13.0,12.0
236,soc_090.jpg,7.0,6.0
236,soc_091.jpg,7.0,6.0
236,soc_092.jpg,9.0,8.0
236,soc_093.jpg,11.0,10.0
236,soc_094.jpg,13.0,12.0
236,soc_095.jpg,9.0,8.0
236,soc_096.jpg,12.0,11.0
236,soc_097.jpg,12.0,11.0
236,soc_098.jpg,10.0,9.0
236,soc_099.jpg,12.0,11.0
236,soc_100.jpg,11.0,10.0
237,act_001.jpg,13.0,12.0
237,act_002.jpg,14.0,13.0
237,act_003.jpg,14.0,13.0
237,act_004.jpg,14.0,13.0
237,act_005.jpg,13.0,12.0
237,art_006.jpg,17.0,16.0
237,art_007.jpg,18.0,17.0
237,art_008.jpg,21.0,20.0
237,art_009.jpg,13.0,12.0
237,art_010.jpg,17.0,16.0
237,art_011.jpg,19.0,18.0
237,cat_012.jpg,17.0,16.0
237,cat_013.jpg,15.0,14.0
237,cat_014.jpg,18.0,17.0
237,cat_015.jpg,12.0,11.0
237,ind_016.jpg,18.0,17.0
237,ind_017.jpg,17.0,16.0
237,ind_018.jpg,16.0,15.0
237,ind_019.jpg,12.0,11.0
237,ind_020.jpg,18.0,17.0
237,ind_021.jpg,19.0,18.0
237,ind_022.jpg,18.0,17.0
237,ind_023.jpg,16.0,15.0
237,ind_024.jpg,15.0,14.0
237,ind_025.jpg,13.0,12.0
237,land_026.jpg,17.0,16.0
237,land_027.jpg,21.0,20.0
237,land_028.jpg,16.0,15.0
237,land_029.jpg,15.0,14.0
237,land_030.jpg,17.0,16.0
237,low_031.jpg,19.0,18.0
237,low_032.jpg,19.0,18.0
237,low_033.jpg,18.0,17.0
237,low_034.jpg,15.0,14.0
237,low_035.jpg,13.0,12.0
237,low_036.jpg,19.0,18.0
237,mood_37.jpg,15.0,14.0
237,mood_38.jpg,16.0,15.0
237,mood_39.jpg,14.0,13.0
237,mood_40.jpg,15.0,14.0
237,mood_41.jpg,14.0,13.0
237,mood_42.jpg,15.0,14.0
237,mood_43.jpg,14.0,13.0
237,mood_44.jpg,20.0,19.0
237,mood_45.jpg,19.0,18.0
237,mood_46.jpg,13.0,12.0
237,noi_047.jpg,14.0,13.0
237,noi_048.jpg,16.0,15.0
237,noi_049.jpg,15.0,14.0
237,noi_050.jpg,16.0,15.0
237,noi_051.jpg,18.0,17.0
237,noi_052.jpg,17.0,16.0
237,noi_053.jpg,16.0,15.0
237,outman_054.jpg,13.0,12.0
237,outman_055.jpg,16.0,15.0
237,outman_056.jpg,19.0,18.0
237,outman_057.jpg,17.0,16.0
237,outman_058.jpg,16.0,15.0
237,outman_059.jpg,19.0,18.0
237,outman_060.jpg,18.0,17.0
237,outman_061.jpg,18.0,17.0
237,pat_066.jpg,20.0,19.0
237,pat_067.jpg,16.0,15.0
237,pat_068.jpg,21.0,20.0
237,pat_069.jpg,22.0,21.0
237,pat_070.jpg,23.0,22.0
237,patch_062.jpg,16.0,15.0
237,patch_063.jpg,18.0,17.0
237,patch_064.jpg,19.0,18.0
237,patch_065.jpg,18.0,17.0
237,por_071.jpg,16.0,15.0
237,por_072.jpg,14.0,13.0
237,por_073.jpg,14.0,13.0
237,por_074.jpg,14.0,13.0
237,rand_075.jpg,18.0,17.0
237,rand_076.jpg,15.0,14.0
237,rand_077.jpg,12.0,11.0
237,rand_078.jpg,14.0,13.0
237,rand_079.jpg,17.0,16.0
237,sat_080.jpg,17.0,16.0
237,sat_081.jpg,16.0,15.0
237,sat_082.jpg,16.0,15.0
237,sat_083.jpg,20.0,19.0
237,sat_084.jpg,15.0,14.0
237,sat_085.jpg,16.0,15.0
237,sat_086.jpg,14.0,13.0
237,sat_087.jpg,15.0,14.0
237,soc_088.jpg,12.0,11.0
237,soc_089.jpg,16.0,15.0
237,soc_090.jpg,14.0,13.0
237,soc_091.jpg,14.0,13.0
237,soc_092.jpg,15.0,14.0
237,soc_093.jpg,15.0,14.0
237,soc_094.jpg,14.0,13.0
237,soc_095.jpg,18.0,17.0
237,soc_096.jpg,15.0,14.0
237,soc_097.jpg,17.0,16.0
237,soc_098.jpg,15.0,14.0
237,soc_099.jpg,17.0,16.0
237,soc_100.jpg,17.0,16.0
238,act_001.jpg,,
238,act_002.jpg,14.0,13.0
238,act_003.jpg,7.0,6.0
238,act_004.jpg,10.0,9.0
238,act_005.jpg,14.0,13.0
238,art_006.jpg,8.0,7.0
238,art_007.jpg,19.0,18.0
238,art_008.jpg,12.0,11.0
238,art_009.jpg,11.0,10.0
238,art_010.jpg,13.0,12.0
238,art_011.jpg,14.0,13.0
238,cat_012.jpg,10.0,9.0
238,cat_013.jpg,6.0,5.0
238,cat_014.jpg,15.0,14.0
238,cat_015.jpg,13.0,12.0
238,ind_016.jpg,16.0,15.0
238,ind_017.jpg,13.0,12.0
238,ind_018.jpg,15.0,14.0
238,ind_019.jpg,11.0,10.0
238,ind_020.jpg,17.0,16.0
238,ind_021.jpg,8.0,7.0
238,ind_022.jpg,11.0,10.0
238,ind_023.jpg,9.0,8.0
238,ind_024.jpg,13.0,12.0
238,ind_025.jpg,15.0,14.0
238,land_026.jpg,17.0,16.0
238,land_027.jpg,9.0,8.0
238,land_028.jpg,10.0,9.0
238,land_029.jpg,12.0,11.0
238,land_030.jpg,12.0,11.0
238,low_031.jpg,11.0,10.0
238,low_032.jpg,11.0,10.0
238,low_033.jpg,12.0,11.0
238,low_034.jpg,11.0,10.0
238,low_035.jpg,8.0,7.0
238,low_036.jpg,11.0,10.0
238,mood_37.jpg,14.0,13.0
238,mood_38.jpg,17.0,16.0
238,mood_39.jpg,18.0,17.0
238,mood_40.jpg,18.0,17.0
238,mood_41.jpg,16.0,15.0
238,mood_42.jpg,13.0,12.0
238,mood_43.jpg,20.0,19.0
238,mood_44.jpg,14.0,13.0
238,mood_45.jpg,16.0,15.0
238,mood_46.jpg,15.0,14.0
238,noi_047.jpg,11.0,10.0
238,noi_048.jpg,10.0,9.0
238,noi_049.jpg,13.0,12.0
238,noi_050.jpg,10.0,9.0
238,noi_051.jpg,11.0,10.0
238,noi_052.jpg,9.0,8.0
238,noi_053.jpg,14.0,13.0
238,outman_054.jpg,12.0,11.0
238,outman_055.jpg,15.0,14.0
238,outman_056.jpg,13.0,12.0
238,outman_057.jpg,13.0,12.0
238,outman_058.jpg,14.0,13.0
238,outman_059.jpg,,
238,outman_060.jpg,14.0,13.0
238,outman_061.jpg,11.0,10.0
238,pat_066.jpg,13.0,12.0
238,pat_067.jpg,10.0,9.0
238,pat_068.jpg,13.0,12.0
238,pat_069.jpg,15.0,14.0
238,pat_070.jpg,13.0,12.0
238,patch_062.jpg,14.0,13.0
238,patch_063.jpg,14.0,13.0
238,patch_064.jpg,11.0,10.0
238,patch_065.jpg,15.0,14.0
238,por_071.jpg,15.0,14.0
238,por_072.jpg,15.0,14.0
238,por_073.jpg,15.0,14.0
238,por_074.jpg,16.0,15.0
238,rand_075.jpg,11.0,10.0
238,rand_076.jpg,11.0,10.0
238,rand_077.jpg,13.0,12.0
238,rand_078.jpg,12.0,11.0
238,rand_079.jpg,13.0,12.0
238,sat_080.jpg,12.0,11.0
238,sat_081.jpg,9.0,8.0
238,sat_082.jpg,15.0,14.0
238,sat_083.jpg,13.0,12.0
238,sat_084.jpg,13.0,12.0
238,sat_085.jpg,13.0,12.0
238,sat_086.jpg,12.0,11.0
238,sat_087.jpg,9.0,8.0
238,soc_088.jpg,13.0,12.0
238,soc_089.jpg,15.0,14.0
238,soc_090.jpg,14.0,13.0
238,soc_091.jpg,9.0,8.0
238,soc_092.jpg,12.0,11.0
238,soc_093.jpg,15.0,14.0
238,soc_094.jpg,16.0,15.0
238,soc_095.jpg,14.0,13.0
238,soc_096.jpg,10.0,9.0
238,soc_097.jpg,17.0,16.0
238,soc_098.jpg,18.0,17.0
238,soc_099.jpg,15.0,14.0
238,soc_100.jpg,15.0,14.0
239,act_001.jpg,15.0,14.0
239,act_002.jpg,18.0,17.0
239,act_003.jpg,19.0,18.0
239,act_004.jpg,13.0,12.0
239,act_005.jpg,17.0,16.0
239,art_006.jpg,11.0,10.0
239,art_007.jpg,17.0,16.0
239,art_008.jpg,15.0,14.0
239,art_009.jpg,15.0,14.0
239,art_010.jpg,13.0,12.0
239,art_011.jpg,13.0,12.0
239,cat_012.jpg,14.0,13.0
239,cat_013.jpg,17.0,16.0
239,cat_014.jpg,15.0,14.0
239,cat_015.jpg,18.0,17.0
239,ind_016.jpg,15.0,14.0
239,ind_017.jpg,16.0,15.0
239,ind_018.jpg,15.0,14.0
239,ind_019.jpg,15.0,14.0
239,ind_020.jpg,16.0,15.0
239,ind_021.jpg,15.0,14.0
239,ind_022.jpg,16.0,15.0
239,ind_023.jpg,14.0,13.0
239,ind_024.jpg,13.0,12.0
239,ind_025.jpg,15.0,14.0
239,land_026.jpg,13.0,12.0
239,land_027.jpg,16.0,15.0
239,land_028.jpg,12.0,11.0
239,land_029.jpg,16.0,15.0
239,land_030.jpg,8.0,7.0
239,low_031.jpg,14.0,13.0
239,low_032.jpg,14.0,13.0
239,low_033.jpg,13.0,12.0
239,low_034.jpg,14.0,13.0
239,low_035.jpg,14.0,13.0
239,low_036.jpg,15.0,14.0
239,mood_37.jpg,17.0,16.0
239,mood_38.jpg,18.0,17.0
239,mood_39.jpg,19.0,18.0
239,mood_40.jpg,15.0,14.0
239,mood_41.jpg,18.0,17.0
239,mood_42.jpg,13.0,12.0
239,mood_43.jpg,17.0,16.0
239,mood_44.jpg,18.0,17.0
239,mood_45.jpg,15.0,14.0
239,mood_46.jpg,18.0,17.0
239,noi_047.jpg,14.0,13.0
239,noi_048.jpg,14.0,13.0
239,noi_049.jpg,14.0,13.0
239,noi_050.jpg,14.0,13.0
239,noi_051.jpg,14.0,13.0
239,noi_052.jpg,9.0,8.0
239,noi_053.jpg,18.0,17.0
239,outman_054.jpg,14.0,13.0
239,outman_055.jpg,13.0,12.0
239,outman_056.jpg,14.0,13.0
239,outman_057.jpg,16.0,15.0
239,outman_058.jpg,15.0,14.0
239,outman_059.jpg,13.0,12.0
239,outman_060.jpg,16.0,15.0
239,outman_061.jpg,15.0,14.0
239,pat_066.jpg,15.0,14.0
239,pat_067.jpg,14.0,13.0
239,pat_068.jpg,19.0,18.0
239,pat_069.jpg,10.0,9.0
239,pat_070.jpg,16.0,15.0
239,patch_062.jpg,16.0,15.0
239,patch_063.jpg,18.0,17.0
239,patch_064.jpg,15.0,14.0
239,patch_065.jpg,12.0,11.0
239,por_071.jpg,16.0,15.0
239,por_072.jpg,16.0,15.0
239,por_073.jpg,18.0,17.0
239,por_074.jpg,16.0,15.0
239,rand_075.jpg,12.0,11.0
239,rand_076.jpg,15.0,14.0
239,rand_077.jpg,13.0,12.0
239,rand_078.jpg,13.0,12.0
239,rand_079.jpg,18.0,17.0
239,sat_080.jpg,11.0,10.0
239,sat_081.jpg,16.0,15.0
239,sat_082.jpg,17.0,16.0
239,sat_083.jpg,16.0,15.0
239,sat_084.jpg,9.0,8.0
239,sat_085.jpg,17.0,16.0
239,sat_086.jpg,16.0,15.0
239,sat_087.jpg,15.0,14.0
239,soc_088.jpg,16.0,15.0
239,soc_089.jpg,18.0,17.0
239,soc_090.jpg,17.0,16.0
239,soc_091.jpg,15.0,14.0
239,soc_092.jpg,15.0,14.0
239,soc_093.jpg,16.0,15.0
239,soc_094.jpg,16.0,15.0
239,soc_095.jpg,17.0,16.0
239,soc_096.jpg,17.0,16.0
239,soc_097.jpg,18.0,17.0
239,soc_098.jpg,16.0,15.0
239,soc_099.jpg,17.0,16.0
239,soc_100.jpg,15.0,14.0
240,act_001.jpg,12.0,11.0
240,act_002.jpg,13.0,12.0
240,act_003.jpg,17.0,16.0
240,act_004.jpg,16.0,15.0
240,act_005.jpg,16.0,15.0
240,art_006.jpg,7.0,6.0
240,art_007.jpg,18.0,17.0
240,art_008.jpg,9.0,8.0
240,art_009.jpg,16.0,15.0
240,art_010.jpg,13.0,12.0
240,art_011.jpg,5.0,4.0
240,cat_012.jpg,12.0,11.0
240,cat_013.jpg,15.0,14.0
240,cat_014.jpg,22.0,21.0
240,cat_015.jpg,19.0,18.0
240,ind_016.jpg,12.0,11.0
240,ind_017.jpg,11.0,10.0
240,ind_018.jpg,9.0,8.0
240,ind_019.jpg,15.0,14.0
240,ind_020.jpg,14.0,13.0
240,ind_021.jpg,15.0,14.0
240,ind_022.jpg,15.0,14.0
240,ind_023.jpg,15.0,14.0
240,ind_024.jpg,17.0,16.0
240,ind_025.jpg,16.0,15.0
240,land_026.jpg,,
240,land_027.jpg,19.0,18.0
240,land_028.jpg,13.0,12.0
240,land_029.jpg,11.0,10.0
240,land_030.jpg,13.0,12.0
240,low_031.jpg,11.0,10.0
240,low_032.jpg,15.0,14.0
240,low_033.jpg,13.0,12.0
240,low_034.jpg,13.0,12.0
240,low_035.jpg,10.0,9.0
240,low_036.jpg,9.0,8.0
240,mood_37.jpg,14.0,13.0
240,mood_38.jpg,11.0,10.0
240,mood_39.jpg,20.0,19.0
240,mood_40.jpg,20.0,19.0
240,mood_41.jpg,19.0,18.0
240,mood_42.jpg,19.0,18.0
240,mood_43.jpg,13.0,12.0
240,mood_44.jpg,13.0,12.0
240,mood_45.jpg,18.0,17.0
240,mood_46.jpg,22.0,21.0
240,noi_047.jpg,14.0,13.0
240,noi_048.jpg,18.0,17.0
240,noi_049.jpg,18.0,17.0
240,noi_050.jpg,16.0,15.0
240,noi_051.jpg,5.0,4.0
240,noi_052.jpg,4.0,3.0
240,noi_053.jpg,9.0,8.0
240,outman_054.jpg,19.0,18.0
240,outman_055.jpg,8.0,7.0
240,outman_056.jpg,19.0,18.0
240,outman_057.jpg,18.0,17.0
240,outman_058.jpg,14.0,13.0
240,outman_059.jpg,14.0,13.0
240,outman_060.jpg,15.0,14.0
240,outman_061.jpg,1.0,0.0
240,pat_066.jpg,10.0,9.0
240,pat_067.jpg,16.0,15.0
240,pat_068.jpg,13.0,12.0
240,pat_069.jpg,12.0,11.0
240,pat_070.jpg,10.0,9.0
240,patch_062.jpg,14.0,13.0
240,patch_063.jpg,15.0,14.0
240,patch_064.jpg,18.0,17.0
240,patch_065.jpg,17.0,16.0
240,por_071.jpg,13.0,12.0
240,por_072.jpg,16.0,15.0
240,por_073.jpg,17.0,16.0
240,por_074.jpg,15.0,14.0
240,rand_075.jpg,15.0,14.0
240,rand_076.jpg,18.0,17.0
240,rand_077.jpg,11.0,10.0
240,rand_078.jpg,15.0,14.0
240,rand_079.jpg,12.0,11.0
240,sat_080.jpg,14.0,13.0
240,sat_081.jpg,13.0,12.0
240,sat_082.jpg,15.0,14.0
240,sat_083.jpg,12.0,11.0
240,sat_084.jpg,13.0,12.0
240,sat_085.jpg,14.0,13.0
240,sat_086.jpg,13.0,12.0
240,sat_087.jpg,11.0,10.0
240,soc_088.jpg,13.0,12.0
240,soc_089.jpg,20.0,19.0
240,soc_090.jpg,13.0,12.0
240,soc_091.jpg,17.0,16.0
240,soc_092.jpg,15.0,14.0
240,soc_093.jpg,16.0,15.0
240,soc_094.jpg,14.0,13.0
240,soc_095.jpg,13.0,12.0
240,soc_096.jpg,16.0,15.0
240,soc_097.jpg,10.0,9.0
240,soc_098.jpg,17.0,16.0
240,soc_099.jpg,17.0,16.0
240,soc_100.jpg,15.0,14.0
241,act_001.jpg,9.0,8.0
241,act_002.jpg,5.0,4.0
241,act_003.jpg,16.0,15.0
241,act_004.jpg,17.0,16.0
241,act_005.jpg,14.0,13.0
241,art_006.jpg,5.0,4.0
241,art_007.jpg,10.0,9.0
241,art_008.jpg,11.0,10.0
241,art_009.jpg,12.0,11.0
241,art_010.jpg,10.0,9.0
241,art_011.jpg,11.0,10.0
241,cat_012.jpg,9.0,8.0
241,cat_013.jpg,5.0,4.0
241,cat_014.jpg,11.0,10.0
241,cat_015.jpg,4.0,3.0
241,ind_016.jpg,5.0,4.0
241,ind_017.jpg,11.0,10.0
241,ind_018.jpg,4.0,3.0
241,ind_019.jpg,13.0,12.0
241,ind_020.jpg,5.0,4.0
241,ind_021.jpg,5.0,4.0
241,ind_022.jpg,9.0,8.0
241,ind_023.jpg,6.0,5.0
241,ind_024.jpg,11.0,10.0
241,ind_025.jpg,13.0,12.0
241,land_026.jpg,14.0,13.0
241,land_027.jpg,13.0,12.0
241,land_028.jpg,6.0,5.0
241,land_029.jpg,5.0,4.0
241,land_030.jpg,3.0,2.0
241,low_031.jpg,4.0,3.0
241,low_032.jpg,1.0,0.0
241,low_033.jpg,7.0,6.0
241,low_034.jpg,2.0,1.0
241,low_035.jpg,6.0,5.0
241,low_036.jpg,4.0,3.0
241,mood_37.jpg,7.0,6.0
241,mood_38.jpg,7.0,6.0
241,mood_39.jpg,12.0,11.0
241,mood_40.jpg,11.0,10.0
241,mood_41.jpg,,
241,mood_42.jpg,3.0,2.0
241,mood_43.jpg,5.0,4.0
241,mood_44.jpg,7.0,6.0
241,mood_45.jpg,,
241,mood_46.jpg,1.0,0.0
241,noi_047.jpg,9.0,8.0
241,noi_048.jpg,7.0,6.0
241,noi_049.jpg,9.0,8.0
241,noi_050.jpg,4.0,3.0
241,noi_051.jpg,3.0,2.0
241,noi_052.jpg,2.0,1.0
241,noi_053.jpg,9.0,8.0
241,outman_054.jpg,12.0,11.0
241,outman_055.jpg,6.0,5.0
241,outman_056.jpg,8.0,7.0
241,outman_057.jpg,14.0,13.0
241,outman_058.jpg,13.0,12.0
241,outman_059.jpg,8.0,7.0
241,outman_060.jpg,4.0,3.0
241,outman_061.jpg,1.0,0.0
241,pat_066.jpg,3.0,2.0
241,pat_067.jpg,,
241,pat_068.jpg,,
241,pat_069.jpg,1.0,0.0
241,pat_070.jpg,4.0,3.0
241,patch_062.jpg,9.0,8.0
241,patch_063.jpg,9.0,8.0
241,patch_064.jpg,10.0,9.0
241,patch_065.jpg,3.0,2.0
241,por_071.jpg,5.0,4.0
241,por_072.jpg,2.0,1.0
241,por_073.jpg,6.0,5.0
241,por_074.jpg,3.0,2.0
241,rand_075.jpg,12.0,11.0
241,rand_076.jpg,,
241,rand_077.jpg,2.0,1.0
241,rand_078.jpg,6.0,5.0
241,rand_079.jpg,11.0,10.0
241,sat_080.jpg,1.0,0.0
241,sat_081.jpg,9.0,8.0
241,sat_082.jpg,6.0,5.0
241,sat_083.jpg,1.0,0.0
241,sat_084.jpg,,
241,sat_085.jpg,3.0,2.0
241,sat_086.jpg,6.0,5.0
241,sat_087.jpg,1.0,0.0
241,soc_088.jpg,7.0,6.0
241,soc_089.jpg,8.0,7.0
241,soc_090.jpg,8.0,7.0
241,soc_091.jpg,1.0,0.0
241,soc_092.jpg,1.0,0.0
241,soc_093.jpg,1.0,0.0
241,soc_094.jpg,1.0,0.0
241,soc_095.jpg,1.0,0.0
241,soc_096.jpg,6.0,5.0
241,soc_097.jpg,3.0,2.0
241,soc_098.jpg,8.0,7.0
241,soc_099.jpg,7.0,6.0
241,soc_100.jpg,12.0,11.0
242,act_001.jpg,10.0,9.0
242,act_002.jpg,11.0,10.0
242,act_003.jpg,13.0,12.0
242,act_004.jpg,13.0,12.0
242,act_005.jpg,13.0,12.0
242,art_006.jpg,9.0,8.0
242,art_007.jpg,10.0,9.0
242,art_008.jpg,4.0,3.0
242,art_009.jpg,6.0,5.0
242,art_010.jpg,10.0,9.0
242,art_011.jpg,1.0,0.0
242,cat_012.jpg,9.0,8.0
242,cat_013.jpg,8.0,7.0
242,cat_014.jpg,7.0,6.0
242,cat_015.jpg,8.0,7.0
242,ind_016.jpg,3.0,2.0
242,ind_017.jpg,13.0,12.0
242,ind_018.jpg,12.0,11.0
242,ind_019.jpg,11.0,10.0
242,ind_020.jpg,10.0,9.0
242,ind_021.jpg,12.0,11.0
242,ind_022.jpg,11.0,10.0
242,ind_023.jpg,10.0,9.0
242,ind_024.jpg,13.0,12.0
242,ind_025.jpg,11.0,10.0
242,land_026.jpg,13.0,12.0
242,land_027.jpg,9.0,8.0
242,land_028.jpg,10.0,9.0
242,land_029.jpg,7.0,6.0
242,land_030.jpg,5.0,4.0
242,low_031.jpg,7.0,6.0
242,low_032.jpg,8.0,7.0
242,low_033.jpg,7.0,6.0
242,low_034.jpg,6.0,5.0
242,low_035.jpg,9.0,8.0
242,low_036.jpg,8.0,7.0
242,mood_37.jpg,10.0,9.0
242,mood_38.jpg,15.0,14.0
242,mood_39.jpg,15.0,14.0
242,mood_40.jpg,14.0,13.0
242,mood_41.jpg,15.0,14.0
242,mood_42.jpg,13.0,12.0
242,mood_43.jpg,14.0,13.0
242,mood_44.jpg,12.0,11.0
242,mood_45.jpg,13.0,12.0
242,mood_46.jpg,17.0,16.0
242,noi_047.jpg,9.0,8.0
242,noi_048.jpg,7.0,6.0
242,noi_049.jpg,,
242,noi_050.jpg,9.0,8.0
242,noi_051.jpg,13.0,12.0
242,noi_052.jpg,7.0,6.0
242,noi_053.jpg,9.0,8.0
242,outman_054.jpg,9.0,8.0
242,outman_055.jpg,9.0,8.0
242,outman_056.jpg,9.0,8.0
242,outman_057.jpg,8.0,7.0
242,outman_058.jpg,13.0,12.0
242,outman_059.jpg,12.0,11.0
242,outman_060.jpg,5.0,4.0
242,outman_061.jpg,15.0,14.0
242,pat_066.jpg,4.0,3.0
242,pat_067.jpg,5.0,4.0
242,pat_068.jpg,10.0,9.0
242,pat_069.jpg,11.0,10.0
242,pat_070.jpg,13.0,12.0
242,patch_062.jpg,7.0,6.0
242,patch_063.jpg,10.0,9.0
242,patch_064.jpg,10.0,9.0
242,patch_065.jpg,5.0,4.0
242,por_071.jpg,13.0,12.0
242,por_072.jpg,5.0,4.0
242,por_073.jpg,15.0,14.0
242,por_074.jpg,11.0,10.0
242,rand_075.jpg,14.0,13.0
242,rand_076.jpg,7.0,6.0
242,rand_077.jpg,7.0,6.0
242,rand_078.jpg,9.0,8.0
242,rand_079.jpg,7.0,6.0
242,sat_080.jpg,5.0,4.0
242,sat_081.jpg,8.0,7.0
242,sat_082.jpg,11.0,10.0
242,sat_083.jpg,14.0,13.0
242,sat_084.jpg,8.0,7.0
242,sat_085.jpg,12.0,11.0
242,sat_086.jpg,8.0,7.0
242,sat_087.jpg,4.0,3.0
242,soc_088.jpg,8.0,7.0
242,soc_089.jpg,11.0,10.0
242,soc_090.jpg,16.0,15.0
242,soc_091.jpg,12.0,11.0
242,soc_092.jpg,13.0,12.0
242,soc_093.jpg,12.0,11.0
242,soc_094.jpg,11.0,10.0
242,soc_095.jpg,7.0,6.0
242,soc_096.jpg,11.0,10.0
242,soc_097.jpg,12.0,11.0
242,soc_098.jpg,17.0,16.0
242,soc_099.jpg,12.0,11.0
242,soc_100.jpg,12.0,11.0
244,act_001.jpg,19.0,18.0
244,act_002.jpg,16.0,15.0
244,act_003.jpg,16.0,15.0
244,act_004.jpg,12.0,11.0
244,act_005.jpg,14.0,13.0
244,art_006.jpg,4.0,3.0
244,art_007.jpg,16.0,15.0
244,art_008.jpg,2.0,1.0
244,art_009.jpg,3.0,2.0
244,art_010.jpg,16.0,15.0
244,art_011.jpg,16.0,15.0
244,cat_012.jpg,10.0,9.0
244,cat_013.jpg,4.0,3.0
244,cat_014.jpg,15.0,14.0
244,cat_015.jpg,5.0,4.0
244,ind_016.jpg,14.0,13.0
244,ind_017.jpg,15.0,14.0
244,ind_018.jpg,8.0,7.0
244,ind_019.jpg,11.0,10.0
244,ind_020.jpg,,
244,ind_021.jpg,8.0,7.0
244,ind_022.jpg,15.0,14.0
244,ind_023.jpg,13.0,12.0
244,ind_024.jpg,1.0,0.0
244,ind_025.jpg,15.0,14.0
244,land_026.jpg,,
244,land_027.jpg,13.0,12.0
244,land_028.jpg,18.0,17.0
244,land_029.jpg,11.0,10.0
244,land_030.jpg,18.0,17.0
244,low_031.jpg,13.0,12.0
244,low_032.jpg,18.0,17.0
244,low_033.jpg,24.0,23.0
244,low_034.jpg,11.0,10.0
244,low_035.jpg,10.0,9.0
244,low_036.jpg,9.0,8.0
244,mood_37.jpg,19.0,18.0
244,mood_38.jpg,6.0,5.0
244,mood_39.jpg,9.0,8.0
244,mood_40.jpg,13.0,12.0
244,mood_41.jpg,4.0,3.0
244,mood_42.jpg,18.0,17.0
244,mood_43.jpg,9.0,8.0
244,mood_44.jpg,10.0,9.0
244,mood_45.jpg,2.0,1.0
244,mood_46.jpg,12.0,11.0
244,noi_047.jpg,7.0,6.0
244,noi_048.jpg,19.0,18.0
244,noi_049.jpg,15.0,14.0
244,noi_050.jpg,5.0,4.0
244,noi_051.jpg,2.0,1.0
244,noi_052.jpg,16.0,15.0
244,noi_053.jpg,20.0,19.0
244,outman_054.jpg,,
244,outman_055.jpg,17.0,16.0
244,outman_056.jpg,15.0,14.0
244,outman_057.jpg,11.0,10.0
244,outman_058.jpg,6.0,5.0
244,outman_059.jpg,18.0,17.0
244,outman_060.jpg,12.0,11.0
244,outman_061.jpg,16.0,15.0
244,pat_066.jpg,6.0,5.0
244,pat_067.jpg,,
244,pat_068.jpg,9.0,8.0
244,pat_069.jpg,13.0,12.0
244,pat_070.jpg,13.0,12.0
244,patch_062.jpg,13.0,12.0
244,patch_063.jpg,17.0,16.0
244,patch_064.jpg,9.0,8.0
244,patch_065.jpg,6.0,5.0
244,por_071.jpg,17.0,16.0
244,por_072.jpg,23.0,22.0
244,por_073.jpg,15.0,14.0
244,por_074.jpg,17.0,16.0
244,rand_075.jpg,15.0,14.0
244,rand_076.jpg,13.0,12.0
244,rand_077.jpg,6.0,5.0
244,rand_078.jpg,16.0,15.0
244,rand_079.jpg,7.0,6.0
244,sat_080.jpg,7.0,6.0
244,sat_081.jpg,17.0,16.0
244,sat_082.jpg,20.0,19.0
244,sat_083.jpg,2.0,1.0
244,sat_084.jpg,7.0,6.0
244,sat_085.jpg,8.0,7.0
244,sat_086.jpg,16.0,15.0
244,sat_087.jpg,12.0,11.0
244,soc_088.jpg,13.0,12.0
244,soc_089.jpg,17.0,16.0
244,soc_090.jpg,12.0,11.0
244,soc_091.jpg,19.0,18.0
244,soc_092.jpg,4.0,3.0
244,soc_093.jpg,17.0,16.0
244,soc_094.jpg,14.0,13.0
244,soc_095.jpg,18.0,17.0
244,soc_096.jpg,17.0,16.0
244,soc_097.jpg,12.0,11.0
244,soc_098.jpg,10.0,9.0
244,soc_099.jpg,19.0,18.0
244,soc_100.jpg,5.0,4.0
245,act_001.jpg,16.0,15.0
245,act_002.jpg,12.0,11.0
245,act_003.jpg,16.0,15.0
245,act_004.jpg,11.0,10.0
245,act_005.jpg,12.0,11.0
245,art_006.jpg,12.0,11.0
245,art_007.jpg,17.0,16.0
245,art_008.jpg,15.0,14.0
245,art_009.jpg,10.0,9.0
245,art_010.jpg,11.0,10.0
245,art_011.jpg,9.0,8.0
245,cat_012.jpg,16.0,15.0
245,cat_013.jpg,17.0,16.0
245,cat_014.jpg,13.0,12.0
245,cat_015.jpg,17.0,16.0
245,ind_016.jpg,19.0,18.0
245,ind_017.jpg,18.0,17.0
245,ind_018.jpg,11.0,10.0
245,ind_019.jpg,14.0,13.0
245,ind_020.jpg,13.0,12.0
245,ind_021.jpg,13.0,12.0
245,ind_022.jpg,15.0,14.0
245,ind_023.jpg,13.0,12.0
245,ind_024.jpg,16.0,15.0
245,ind_025.jpg,15.0,14.0
245,land_026.jpg,17.0,16.0
245,land_027.jpg,12.0,11.0
245,land_028.jpg,16.0,15.0
245,land_029.jpg,8.0,7.0
245,land_030.jpg,7.0,6.0
245,low_031.jpg,5.0,4.0
245,low_032.jpg,13.0,12.0
245,low_033.jpg,14.0,13.0
245,low_034.jpg,5.0,4.0
245,low_035.jpg,9.0,8.0
245,low_036.jpg,6.0,5.0
245,mood_37.jpg,17.0,16.0
245,mood_38.jpg,20.0,19.0
245,mood_39.jpg,11.0,10.0
245,mood_40.jpg,7.0,6.0
245,mood_41.jpg,16.0,15.0
245,mood_42.jpg,14.0,13.0
245,mood_43.jpg,13.0,12.0
245,mood_44.jpg,14.0,13.0
245,mood_45.jpg,17.0,16.0
245,mood_46.jpg,17.0,16.0
245,noi_047.jpg,15.0,14.0
245,noi_048.jpg,16.0,15.0
245,noi_049.jpg,3.0,2.0
245,noi_050.jpg,12.0,11.0
245,noi_051.jpg,10.0,9.0
245,noi_052.jpg,5.0,4.0
245,noi_053.jpg,12.0,11.0
245,outman_054.jpg,11.0,10.0
245,outman_055.jpg,10.0,9.0
245,outman_056.jpg,12.0,11.0
245,outman_057.jpg,11.0,10.0
245,outman_058.jpg,17.0,16.0
245,outman_059.jpg,9.0,8.0
245,outman_060.jpg,16.0,15.0
245,outman_061.jpg,13.0,12.0
245,pat_066.jpg,12.0,11.0
245,pat_067.jpg,7.0,6.0
245,pat_068.jpg,17.0,16.0
245,pat_069.jpg,15.0,14.0
245,pat_070.jpg,18.0,17.0
245,patch_062.jpg,13.0,12.0
245,patch_063.jpg,14.0,13.0
245,patch_064.jpg,16.0,15.0
245,patch_065.jpg,13.0,12.0
245,por_071.jpg,17.0,16.0
245,por_072.jpg,14.0,13.0
245,por_073.jpg,15.0,14.0
245,por_074.jpg,11.0,10.0
245,rand_075.jpg,6.0,5.0
245,rand_076.jpg,14.0,13.0
245,rand_077.jpg,10.0,9.0
245,rand_078.jpg,4.0,3.0
245,rand_079.jpg,8.0,7.0
245,sat_080.jpg,9.0,8.0
245,sat_081.jpg,4.0,3.0
245,sat_082.jpg,11.0,10.0
245,sat_083.jpg,12.0,11.0
245,sat_084.jpg,5.0,4.0
245,sat_085.jpg,9.0,8.0
245,sat_086.jpg,11.0,10.0
245,sat_087.jpg,9.0,8.0
245,soc_088.jpg,7.0,6.0
245,soc_089.jpg,16.0,15.0
245,soc_090.jpg,12.0,11.0
245,soc_091.jpg,10.0,9.0
245,soc_092.jpg,10.0,9.0
245,soc_093.jpg,14.0,13.0
245,soc_094.jpg,17.0,16.0
245,soc_095.jpg,16.0,15.0
245,soc_096.jpg,17.0,16.0
245,soc_097.jpg,11.0,10.0
245,soc_098.jpg,16.0,15.0
245,soc_099.jpg,14.0,13.0
245,soc_100.jpg,15.0,14.0
246,act_001.jpg,19.0,18.0
246,act_002.jpg,13.0,12.0
246,act_003.jpg,14.0,13.0
246,act_004.jpg,16.0,15.0
246,act_005.jpg,12.0,11.0
246,art_006.jpg,,
246,art_007.jpg,18.0,17.0
246,art_008.jpg,13.0,12.0
246,art_009.jpg,17.0,16.0
246,art_010.jpg,18.0,17.0
246,art_011.jpg,16.0,15.0
246,cat_012.jpg,9.0,8.0
246,cat_013.jpg,17.0,16.0
246,cat_014.jpg,16.0,15.0
246,cat_015.jpg,3.0,2.0
246,ind_016.jpg,17.0,16.0
246,ind_017.jpg,12.0,11.0
246,ind_018.jpg,20.0,19.0
246,ind_019.jpg,15.0,14.0
246,ind_020.jpg,16.0,15.0
246,ind_021.jpg,16.0,15.0
246,ind_022.jpg,16.0,15.0
246,ind_023.jpg,11.0,10.0
246,ind_024.jpg,14.0,13.0
246,ind_025.jpg,16.0,15.0
246,land_026.jpg,14.0,13.0
246,land_027.jpg,13.0,12.0
246,land_028.jpg,11.0,10.0
246,land_029.jpg,15.0,14.0
246,land_030.jpg,9.0,8.0
246,low_031.jpg,17.0,16.0
246,low_032.jpg,17.0,16.0
246,low_033.jpg,15.0,14.0
246,low_034.jpg,24.0,23.0
246,low_035.jpg,15.0,14.0
246,low_036.jpg,15.0,14.0
246,mood_37.jpg,18.0,17.0
246,mood_38.jpg,21.0,20.0
246,mood_39.jpg,20.0,19.0
246,mood_40.jpg,16.0,15.0
246,mood_41.jpg,13.0,12.0
246,mood_42.jpg,15.0,14.0
246,mood_43.jpg,19.0,18.0
246,mood_44.jpg,22.0,21.0
246,mood_45.jpg,21.0,20.0
246,mood_46.jpg,24.0,23.0
246,noi_047.jpg,15.0,14.0
246,noi_048.jpg,11.0,10.0
246,noi_049.jpg,17.0,16.0
246,noi_050.jpg,12.0,11.0
246,noi_051.jpg,14.0,13.0
246,noi_052.jpg,16.0,15.0
246,noi_053.jpg,12.0,11.0
246,outman_054.jpg,16.0,15.0
246,outman_055.jpg,16.0,15.0
246,outman_056.jpg,13.0,12.0
246,outman_057.jpg,,
246,outman_058.jpg,2.0,1.0
246,outman_059.jpg,13.0,12.0
246,outman_060.jpg,13.0,12.0
246,outman_061.jpg,18.0,17.0
246,pat_066.jpg,9.0,8.0
246,pat_067.jpg,15.0,14.0
246,pat_068.jpg,12.0,11.0
246,pat_069.jpg,16.0,15.0
246,pat_070.jpg,19.0,18.0
246,patch_062.jpg,10.0,9.0
246,patch_063.jpg,15.0,14.0
246,patch_064.jpg,10.0,9.0
246,patch_065.jpg,9.0,8.0
246,por_071.jpg,19.0,18.0
246,por_072.jpg,20.0,19.0
246,por_073.jpg,17.0,16.0
246,por_074.jpg,13.0,12.0
246,rand_075.jpg,13.0,12.0
246,rand_076.jpg,15.0,14.0
246,rand_077.jpg,17.0,16.0
246,rand_078.jpg,12.0,11.0
246,rand_079.jpg,14.0,13.0
246,sat_080.jpg,12.0,11.0
246,sat_081.jpg,13.0,12.0
246,sat_082.jpg,13.0,12.0
246,sat_083.jpg,19.0,18.0
246,sat_084.jpg,12.0,11.0
246,sat_085.jpg,18.0,17.0
246,sat_086.jpg,19.0,18.0
246,sat_087.jpg,14.0,13.0
246,soc_088.jpg,9.0,8.0
246,soc_089.jpg,16.0,15.0
246,soc_090.jpg,10.0,9.0
246,soc_091.jpg,5.0,4.0
246,soc_092.jpg,16.0,15.0
246,soc_093.jpg,17.0,16.0
246,soc_094.jpg,15.0,14.0
246,soc_095.jpg,15.0,14.0
246,soc_096.jpg,13.0,12.0
246,soc_097.jpg,3.0,2.0
246,soc_098.jpg,20.0,19.0
246,soc_099.jpg,15.0,14.0
246,soc_100.jpg,15.0,14.0
247,act_001.jpg,16.0,15.0
247,act_002.jpg,13.0,12.0
247,act_003.jpg,15.0,14.0
247,act_004.jpg,12.0,11.0
247,act_005.jpg,18.0,17.0
247,art_006.jpg,11.0,10.0
247,art_007.jpg,19.0,18.0
247,art_008.jpg,13.0,12.0
247,art_009.jpg,13.0,12.0
247,art_010.jpg,16.0,15.0
247,art_011.jpg,12.0,11.0
247,cat_012.jpg,13.0,12.0
247,cat_013.jpg,16.0,15.0
247,cat_014.jpg,10.0,9.0
247,cat_015.jpg,13.0,12.0
247,ind_016.jpg,13.0,12.0
247,ind_017.jpg,20.0,19.0
247,ind_018.jpg,15.0,14.0
247,ind_019.jpg,18.0,17.0
247,ind_020.jpg,14.0,13.0
247,ind_021.jpg,15.0,14.0
247,ind_022.jpg,12.0,11.0
247,ind_023.jpg,9.0,8.0
247,ind_024.jpg,11.0,10.0
247,ind_025.jpg,11.0,10.0
247,land_026.jpg,18.0,17.0
247,land_027.jpg,16.0,15.0
247,land_028.jpg,13.0,12.0
247,land_029.jpg,12.0,11.0
247,land_030.jpg,13.0,12.0
247,low_031.jpg,10.0,9.0
247,low_032.jpg,8.0,7.0
247,low_033.jpg,13.0,12.0
247,low_034.jpg,7.0,6.0
247,low_035.jpg,11.0,10.0
247,low_036.jpg,8.0,7.0
247,mood_37.jpg,16.0,15.0
247,mood_38.jpg,9.0,8.0
247,mood_39.jpg,19.0,18.0
247,mood_40.jpg,20.0,19.0
247,mood_41.jpg,21.0,20.0
247,mood_42.jpg,17.0,16.0
247,mood_43.jpg,18.0,17.0
247,mood_44.jpg,20.0,19.0
247,mood_45.jpg,21.0,20.0
247,mood_46.jpg,23.0,22.0
247,noi_047.jpg,13.0,12.0
247,noi_048.jpg,19.0,18.0
247,noi_049.jpg,8.0,7.0
247,noi_050.jpg,9.0,8.0
247,noi_051.jpg,9.0,8.0
247,noi_052.jpg,9.0,8.0
247,noi_053.jpg,15.0,14.0
247,outman_054.jpg,15.0,14.0
247,outman_055.jpg,17.0,16.0
247,outman_056.jpg,19.0,18.0
247,outman_057.jpg,14.0,13.0
247,outman_058.jpg,13.0,12.0
247,outman_059.jpg,17.0,16.0
247,outman_060.jpg,14.0,13.0
247,outman_061.jpg,15.0,14.0
247,pat_066.jpg,16.0,15.0
247,pat_067.jpg,16.0,15.0
247,pat_068.jpg,17.0,16.0
247,pat_069.jpg,18.0,17.0
247,pat_070.jpg,21.0,20.0
247,patch_062.jpg,11.0,10.0
247,patch_063.jpg,15.0,14.0
247,patch_064.jpg,20.0,19.0
247,patch_065.jpg,17.0,16.0
247,por_071.jpg,12.0,11.0
247,por_072.jpg,20.0,19.0
247,por_073.jpg,13.0,12.0
247,por_074.jpg,13.0,12.0
247,rand_075.jpg,17.0,16.0
247,rand_076.jpg,24.0,23.0
247,rand_077.jpg,8.0,7.0
247,rand_078.jpg,10.0,9.0
247,rand_079.jpg,15.0,14.0
247,sat_080.jpg,16.0,15.0
247,sat_081.jpg,16.0,15.0
247,sat_082.jpg,15.0,14.0
247,sat_083.jpg,14.0,13.0
247,sat_084.jpg,21.0,20.0
247,sat_085.jpg,9.0,8.0
247,sat_086.jpg,12.0,11.0
247,sat_087.jpg,16.0,15.0
247,soc_088.jpg,6.0,5.0
247,soc_089.jpg,14.0,13.0
247,soc_090.jpg,13.0,12.0
247,soc_091.jpg,19.0,18.0
247,soc_092.jpg,12.0,11.0
247,soc_093.jpg,20.0,19.0
247,soc_094.jpg,9.0,8.0
247,soc_095.jpg,15.0,14.0
247,soc_096.jpg,17.0,16.0
247,soc_097.jpg,23.0,22.0
247,soc_098.jpg,13.0,12.0
247,soc_099.jpg,13.0,12.0
247,soc_100.jpg,20.0,19.0
248,act_001.jpg,12.0,11.0
248,act_002.jpg,12.0,11.0
248,act_003.jpg,12.0,11.0
248,act_004.jpg,9.0,8.0
248,act_005.jpg,10.0,9.0
248,art_006.jpg,11.0,10.0
248,art_007.jpg,9.0,8.0
248,art_008.jpg,10.0,9.0
248,art_009.jpg,11.0,10.0
248,art_010.jpg,11.0,10.0
248,art_011.jpg,10.0,9.0
248,cat_012.jpg,12.0,11.0
248,cat_013.jpg,8.0,7.0
248,cat_014.jpg,11.0,10.0
248,cat_015.jpg,7.0,6.0
248,ind_016.jpg,9.0,8.0
248,ind_017.jpg,12.0,11.0
248,ind_018.jpg,13.0,12.0
248,ind_019.jpg,12.0,11.0
248,ind_020.jpg,8.0,7.0
248,ind_021.jpg,11.0,10.0
248,ind_022.jpg,13.0,12.0
248,ind_023.jpg,11.0,10.0
248,ind_024.jpg,13.0,12.0
248,ind_025.jpg,11.0,10.0
248,land_026.jpg,13.0,12.0
248,land_027.jpg,9.0,8.0
248,land_028.jpg,9.0,8.0
248,land_029.jpg,9.0,8.0
248,land_030.jpg,7.0,6.0
248,low_031.jpg,8.0,7.0
248,low_032.jpg,8.0,7.0
248,low_033.jpg,10.0,9.0
248,low_034.jpg,8.0,7.0
248,low_035.jpg,8.0,7.0
248,low_036.jpg,10.0,9.0
248,mood_37.jpg,10.0,9.0
248,mood_38.jpg,11.0,10.0
248,mood_39.jpg,15.0,14.0
248,mood_40.jpg,12.0,11.0
248,mood_41.jpg,14.0,13.0
248,mood_42.jpg,10.0,9.0
248,mood_43.jpg,13.0,12.0
248,mood_44.jpg,10.0,9.0
248,mood_45.jpg,12.0,11.0
248,mood_46.jpg,12.0,11.0
248,noi_047.jpg,8.0,7.0
248,noi_048.jpg,9.0,8.0
248,noi_049.jpg,11.0,10.0
248,noi_050.jpg,8.0,7.0
248,noi_051.jpg,8.0,7.0
248,noi_052.jpg,8.0,7.0
248,noi_053.jpg,10.0,9.0
248,outman_054.jpg,11.0,10.0
248,outman_055.jpg,10.0,9.0
248,outman_056.jpg,11.0,10.0
248,outman_057.jpg,10.0,9.0
248,outman_058.jpg,9.0,8.0
248,outman_059.jpg,7.0,6.0
248,outman_060.jpg,12.0,11.0
248,outman_061.jpg,10.0,9.0
248,pat_066.jpg,10.0,9.0
248,pat_067.jpg,8.0,7.0
248,pat_068.jpg,9.0,8.0
248,pat_069.jpg,8.0,7.0
248,pat_070.jpg,10.0,9.0
248,patch_062.jpg,11.0,10.0
248,patch_063.jpg,10.0,9.0
248,patch_064.jpg,11.0,10.0
248,patch_065.jpg,8.0,7.0
248,por_071.jpg,11.0,10.0
248,por_072.jpg,11.0,10.0
248,por_073.jpg,9.0,8.0
248,por_074.jpg,8.0,7.0
248,rand_075.jpg,8.0,7.0
248,rand_076.jpg,11.0,10.0
248,rand_077.jpg,7.0,6.0
248,rand_078.jpg,8.0,7.0
248,rand_079.jpg,11.0,10.0
248,sat_080.jpg,10.0,9.0
248,sat_081.jpg,13.0,12.0
248,sat_082.jpg,12.0,11.0
248,sat_083.jpg,10.0,9.0
248,sat_084.jpg,10.0,9.0
248,sat_085.jpg,11.0,10.0
248,sat_086.jpg,11.0,10.0
248,sat_087.jpg,11.0,10.0
248,soc_088.jpg,13.0,12.0
248,soc_089.jpg,11.0,10.0
248,soc_090.jpg,10.0,9.0
248,soc_091.jpg,12.0,11.0
248,soc_092.jpg,9.0,8.0
248,soc_093.jpg,11.0,10.0
248,soc_094.jpg,14.0,13.0
248,soc_095.jpg,11.0,10.0
248,soc_096.jpg,12.0,11.0
248,soc_097.jpg,13.0,12.0
248,soc_098.jpg,15.0,14.0
248,soc_099.jpg,14.0,13.0
248,soc_100.jpg,14.0,13.0
249,act_001.jpg,15.0,14.0
249,act_002.jpg,15.0,14.0
249,act_003.jpg,19.0,18.0
249,act_004.jpg,16.0,15.0
249,act_005.jpg,15.0,14.0
249,art_006.jpg,17.0,16.0
249,art_007.jpg,17.0,16.0
249,art_008.jpg,17.0,16.0
249,art_009.jpg,11.0,10.0
249,art_010.jpg,15.0,14.0
249,art_011.jpg,11.0,10.0
249,cat_012.jpg,15.0,14.0
249,cat_013.jpg,14.0,13.0
249,cat_014.jpg,17.0,16.0
249,cat_015.jpg,16.0,15.0
249,ind_016.jpg,15.0,14.0
249,ind_017.jpg,15.0,14.0
249,ind_018.jpg,14.0,13.0
249,ind_019.jpg,13.0,12.0
249,ind_020.jpg,14.0,13.0
249,ind_021.jpg,16.0,15.0
249,ind_022.jpg,14.0,13.0
249,ind_023.jpg,15.0,14.0
249,ind_024.jpg,14.0,13.0
249,ind_025.jpg,17.0,16.0
249,land_026.jpg,15.0,14.0
249,land_027.jpg,17.0,16.0
249,land_028.jpg,15.0,14.0
249,land_029.jpg,8.0,7.0
249,land_030.jpg,16.0,15.0
249,low_031.jpg,11.0,10.0
249,low_032.jpg,11.0,10.0
249,low_033.jpg,12.0,11.0
249,low_034.jpg,10.0,9.0
249,low_035.jpg,12.0,11.0
249,low_036.jpg,11.0,10.0
249,mood_37.jpg,17.0,16.0
249,mood_38.jpg,16.0,15.0
249,mood_39.jpg,16.0,15.0
249,mood_40.jpg,19.0,18.0
249,mood_41.jpg,16.0,15.0
249,mood_42.jpg,15.0,14.0
249,mood_43.jpg,20.0,19.0
249,mood_44.jpg,15.0,14.0
249,mood_45.jpg,17.0,16.0
249,mood_46.jpg,13.0,12.0
249,noi_047.jpg,17.0,16.0
249,noi_048.jpg,15.0,14.0
249,noi_049.jpg,13.0,12.0
249,noi_050.jpg,12.0,11.0
249,noi_051.jpg,12.0,11.0
249,noi_052.jpg,12.0,11.0
249,noi_053.jpg,14.0,13.0
249,outman_054.jpg,17.0,16.0
249,outman_055.jpg,16.0,15.0
249,outman_056.jpg,15.0,14.0
249,outman_057.jpg,15.0,14.0
249,outman_058.jpg,16.0,15.0
249,outman_059.jpg,16.0,15.0
249,outman_060.jpg,11.0,10.0
249,outman_061.jpg,13.0,12.0
249,pat_066.jpg,10.0,9.0
249,pat_067.jpg,17.0,16.0
249,pat_068.jpg,15.0,14.0
249,pat_069.jpg,8.0,7.0
249,pat_070.jpg,10.0,9.0
249,patch_062.jpg,14.0,13.0
249,patch_063.jpg,13.0,12.0
249,patch_064.jpg,15.0,14.0
249,patch_065.jpg,11.0,10.0
249,por_071.jpg,14.0,13.0
249,por_072.jpg,13.0,12.0
249,por_073.jpg,11.0,10.0
249,por_074.jpg,12.0,11.0
249,rand_075.jpg,13.0,12.0
249,rand_076.jpg,13.0,12.0
249,rand_077.jpg,12.0,11.0
249,rand_078.jpg,12.0,11.0
249,rand_079.jpg,14.0,13.0
249,sat_080.jpg,11.0,10.0
249,sat_081.jpg,16.0,15.0
249,sat_082.jpg,16.0,15.0
249,sat_083.jpg,14.0,13.0
249,sat_084.jpg,12.0,11.0
249,sat_085.jpg,15.0,14.0
249,sat_086.jpg,14.0,13.0
249,sat_087.jpg,12.0,11.0
249,soc_088.jpg,12.0,11.0
249,soc_089.jpg,16.0,15.0
249,soc_090.jpg,12.0,11.0
249,soc_091.jpg,10.0,9.0
249,soc_092.jpg,14.0,13.0
249,soc_093.jpg,13.0,12.0
249,soc_094.jpg,14.0,13.0
249,soc_095.jpg,16.0,15.0
249,soc_096.jpg,13.0,12.0
249,soc_097.jpg,16.0,15.0
249,soc_098.jpg,15.0,14.0
249,soc_099.jpg,14.0,13.0
249,soc_100.jpg,12.0,11.0
250,act_001.jpg,9.0,8.0
250,act_002.jpg,10.0,9.0
250,act_003.jpg,13.0,12.0
250,act_004.jpg,9.0,8.0
250,act_005.jpg,8.0,7.0
250,art_006.jpg,12.0,11.0
250,art_007.jpg,14.0,13.0
250,art_008.jpg,15.0,14.0
250,art_009.jpg,9.0,8.0
250,art_010.jpg,6.0,5.0
250,art_011.jpg,13.0,12.0
250,cat_012.jpg,12.0,11.0
250,cat_013.jpg,15.0,14.0
250,cat_014.jpg,14.0,13.0
250,cat_015.jpg,15.0,14.0
250,ind_016.jpg,13.0,12.0
250,ind_017.jpg,12.0,11.0
250,ind_018.jpg,10.0,9.0
250,ind_019.jpg,13.0,12.0
250,ind_020.jpg,7.0,6.0
250,ind_021.jpg,8.0,7.0
250,ind_022.jpg,10.0,9.0
250,ind_023.jpg,8.0,7.0
250,ind_024.jpg,9.0,8.0
250,ind_025.jpg,13.0,12.0
250,land_026.jpg,11.0,10.0
250,land_027.jpg,11.0,10.0
250,land_028.jpg,9.0,8.0
250,land_029.jpg,9.0,8.0
250,land_030.jpg,8.0,7.0
250,low_031.jpg,10.0,9.0
250,low_032.jpg,11.0,10.0
250,low_033.jpg,8.0,7.0
250,low_034.jpg,11.0,10.0
250,low_035.jpg,8.0,7.0
250,low_036.jpg,9.0,8.0
250,mood_37.jpg,18.0,17.0
250,mood_38.jpg,16.0,15.0
250,mood_39.jpg,17.0,16.0
250,mood_40.jpg,14.0,13.0
250,mood_41.jpg,17.0,16.0
250,mood_42.jpg,16.0,15.0
250,mood_43.jpg,9.0,8.0
250,mood_44.jpg,16.0,15.0
250,mood_45.jpg,16.0,15.0
250,mood_46.jpg,17.0,16.0
250,noi_047.jpg,7.0,6.0
250,noi_048.jpg,5.0,4.0
250,noi_049.jpg,11.0,10.0
250,noi_050.jpg,8.0,7.0
250,noi_051.jpg,8.0,7.0
250,noi_052.jpg,12.0,11.0
250,noi_053.jpg,6.0,5.0
250,outman_054.jpg,9.0,8.0
250,outman_055.jpg,13.0,12.0
250,outman_056.jpg,10.0,9.0
250,outman_057.jpg,8.0,7.0
250,outman_058.jpg,10.0,9.0
250,outman_059.jpg,9.0,8.0
250,outman_060.jpg,11.0,10.0
250,outman_061.jpg,7.0,6.0
250,pat_066.jpg,8.0,7.0
250,pat_067.jpg,11.0,10.0
250,pat_068.jpg,15.0,14.0
250,pat_069.jpg,16.0,15.0
250,pat_070.jpg,9.0,8.0
250,patch_062.jpg,8.0,7.0
250,patch_063.jpg,7.0,6.0
250,patch_064.jpg,10.0,9.0
250,patch_065.jpg,9.0,8.0
250,por_071.jpg,13.0,12.0
250,por_072.jpg,4.0,3.0
250,por_073.jpg,13.0,12.0
250,por_074.jpg,10.0,9.0
250,rand_075.jpg,10.0,9.0
250,rand_076.jpg,10.0,9.0
250,rand_077.jpg,12.0,11.0
250,rand_078.jpg,12.0,11.0
250,rand_079.jpg,8.0,7.0
250,sat_080.jpg,14.0,13.0
250,sat_081.jpg,9.0,8.0
250,sat_082.jpg,1.0,0.0
250,sat_083.jpg,10.0,9.0
250,sat_084.jpg,10.0,9.0
250,sat_085.jpg,9.0,8.0
250,sat_086.jpg,10.0,9.0
250,sat_087.jpg,14.0,13.0
250,soc_088.jpg,11.0,10.0
250,soc_089.jpg,13.0,12.0
250,soc_090.jpg,14.0,13.0
250,soc_091.jpg,2.0,1.0
250,soc_092.jpg,12.0,11.0
250,soc_093.jpg,13.0,12.0
250,soc_094.jpg,8.0,7.0
250,soc_095.jpg,12.0,11.0
250,soc_096.jpg,7.0,6.0
250,soc_097.jpg,8.0,7.0
250,soc_098.jpg,11.0,10.0
250,soc_099.jpg,11.0,10.0
250,soc_100.jpg,10.0,9.0
251,act_001.jpg,8.0,7.0
251,act_002.jpg,14.0,13.0
251,act_003.jpg,4.0,3.0
251,act_004.jpg,8.0,7.0
251,act_005.jpg,5.0,4.0
251,art_006.jpg,9.0,8.0
251,art_007.jpg,10.0,9.0
251,art_008.jpg,2.0,1.0
251,art_009.jpg,9.0,8.0
251,art_010.jpg,8.0,7.0
251,art_011.jpg,14.0,13.0
251,cat_012.jpg,8.0,7.0
251,cat_013.jpg,11.0,10.0
251,cat_014.jpg,6.0,5.0
251,cat_015.jpg,12.0,11.0
251,ind_016.jpg,10.0,9.0
251,ind_017.jpg,11.0,10.0
251,ind_018.jpg,12.0,11.0
251,ind_019.jpg,8.0,7.0
251,ind_020.jpg,7.0,6.0
251,ind_021.jpg,7.0,6.0
251,ind_022.jpg,8.0,7.0
251,ind_023.jpg,4.0,3.0
251,ind_024.jpg,7.0,6.0
251,ind_025.jpg,7.0,6.0
251,land_026.jpg,10.0,9.0
251,land_027.jpg,2.0,1.0
251,land_028.jpg,7.0,6.0
251,land_029.jpg,8.0,7.0
251,land_030.jpg,4.0,3.0
251,low_031.jpg,6.0,5.0
251,low_032.jpg,7.0,6.0
251,low_033.jpg,8.0,7.0
251,low_034.jpg,2.0,1.0
251,low_035.jpg,7.0,6.0
251,low_036.jpg,3.0,2.0
251,mood_37.jpg,14.0,13.0
251,mood_38.jpg,14.0,13.0
251,mood_39.jpg,15.0,14.0
251,mood_40.jpg,14.0,13.0
251,mood_41.jpg,15.0,14.0
251,mood_42.jpg,15.0,14.0
251,mood_43.jpg,15.0,14.0
251,mood_44.jpg,16.0,15.0
251,mood_45.jpg,16.0,15.0
251,mood_46.jpg,15.0,14.0
251,noi_047.jpg,7.0,6.0
251,noi_048.jpg,8.0,7.0
251,noi_049.jpg,9.0,8.0
251,noi_050.jpg,7.0,6.0
251,noi_051.jpg,13.0,12.0
251,noi_052.jpg,1.0,0.0
251,noi_053.jpg,8.0,7.0
251,outman_054.jpg,6.0,5.0
251,outman_055.jpg,10.0,9.0
251,outman_056.jpg,7.0,6.0
251,outman_057.jpg,15.0,14.0
251,outman_058.jpg,1.0,0.0
251,outman_059.jpg,12.0,11.0
251,outman_060.jpg,7.0,6.0
251,outman_061.jpg,6.0,5.0
251,pat_066.jpg,8.0,7.0
251,pat_067.jpg,7.0,6.0
251,pat_068.jpg,12.0,11.0
251,pat_069.jpg,12.0,11.0
251,pat_070.jpg,5.0,4.0
251,patch_062.jpg,6.0,5.0
251,patch_063.jpg,12.0,11.0
251,patch_064.jpg,8.0,7.0
251,patch_065.jpg,6.0,5.0
251,por_071.jpg,14.0,13.0
251,por_072.jpg,6.0,5.0
251,por_073.jpg,3.0,2.0
251,por_074.jpg,15.0,14.0
251,rand_075.jpg,3.0,2.0
251,rand_076.jpg,9.0,8.0
251,rand_077.jpg,6.0,5.0
251,rand_078.jpg,8.0,7.0
251,rand_079.jpg,7.0,6.0
251,sat_080.jpg,6.0,5.0
251,sat_081.jpg,16.0,15.0
251,sat_082.jpg,12.0,11.0
251,sat_083.jpg,8.0,7.0
251,sat_084.jpg,4.0,3.0
251,sat_085.jpg,7.0,6.0
251,sat_086.jpg,7.0,6.0
251,sat_087.jpg,5.0,4.0
251,soc_088.jpg,8.0,7.0
251,soc_089.jpg,9.0,8.0
251,soc_090.jpg,10.0,9.0
251,soc_091.jpg,10.0,9.0
251,soc_092.jpg,12.0,11.0
251,soc_093.jpg,10.0,9.0
251,soc_094.jpg,11.0,10.0
251,soc_095.jpg,12.0,11.0
251,soc_096.jpg,14.0,13.0
251,soc_097.jpg,11.0,10.0
251,soc_098.jpg,,
251,soc_099.jpg,16.0,15.0
251,soc_100.jpg,16.0,15.0
252,act_001.jpg,13.0,12.0
252,act_002.jpg,15.0,14.0
252,act_003.jpg,21.0,20.0
252,act_004.jpg,15.0,14.0
252,act_005.jpg,14.0,13.0
252,art_006.jpg,15.0,14.0
252,art_007.jpg,14.0,13.0
252,art_008.jpg,13.0,12.0
252,art_009.jpg,16.0,15.0
252,art_010.jpg,15.0,14.0
252,art_011.jpg,12.0,11.0
252,cat_012.jpg,16.0,15.0
252,cat_013.jpg,14.0,13.0
252,cat_014.jpg,17.0,16.0
252,cat_015.jpg,15.0,14.0
252,ind_016.jpg,16.0,15.0
252,ind_017.jpg,17.0,16.0
252,ind_018.jpg,14.0,13.0
252,ind_019.jpg,15.0,14.0
252,ind_020.jpg,13.0,12.0
252,ind_021.jpg,17.0,16.0
252,ind_022.jpg,11.0,10.0
252,ind_023.jpg,16.0,15.0
252,ind_024.jpg,12.0,11.0
252,ind_025.jpg,14.0,13.0
252,land_026.jpg,12.0,11.0
252,land_027.jpg,13.0,12.0
252,land_028.jpg,14.0,13.0
252,land_029.jpg,11.0,10.0
252,land_030.jpg,14.0,13.0
252,low_031.jpg,11.0,10.0
252,low_032.jpg,12.0,11.0
252,low_033.jpg,15.0,14.0
252,low_034.jpg,15.0,14.0
252,low_035.jpg,11.0,10.0
252,low_036.jpg,12.0,11.0
252,mood_37.jpg,18.0,17.0
252,mood_38.jpg,20.0,19.0
252,mood_39.jpg,20.0,19.0
252,mood_40.jpg,18.0,17.0
252,mood_41.jpg,21.0,20.0
252,mood_42.jpg,19.0,18.0
252,mood_43.jpg,19.0,18.0
252,mood_44.jpg,17.0,16.0
252,mood_45.jpg,18.0,17.0
252,mood_46.jpg,18.0,17.0
252,noi_047.jpg,12.0,11.0
252,noi_048.jpg,15.0,14.0
252,noi_049.jpg,14.0,13.0
252,noi_050.jpg,11.0,10.0
252,noi_051.jpg,12.0,11.0
252,noi_052.jpg,11.0,10.0
252,noi_053.jpg,15.0,14.0
252,outman_054.jpg,15.0,14.0
252,outman_055.jpg,14.0,13.0
252,outman_056.jpg,13.0,12.0
252,outman_057.jpg,11.0,10.0
252,outman_058.jpg,14.0,13.0
252,outman_059.jpg,13.0,12.0
252,outman_060.jpg,12.0,11.0
252,outman_061.jpg,11.0,10.0
252,pat_066.jpg,14.0,13.0
252,pat_067.jpg,16.0,15.0
252,pat_068.jpg,17.0,16.0
252,pat_069.jpg,15.0,14.0
252,pat_070.jpg,12.0,11.0
252,patch_062.jpg,11.0,10.0
252,patch_063.jpg,15.0,14.0
252,patch_064.jpg,12.0,11.0
252,patch_065.jpg,14.0,13.0
252,por_071.jpg,16.0,15.0
252,por_072.jpg,18.0,17.0
252,por_073.jpg,15.0,14.0
252,por_074.jpg,16.0,15.0
252,rand_075.jpg,14.0,13.0
252,rand_076.jpg,15.0,14.0
252,rand_077.jpg,12.0,11.0
252,rand_078.jpg,15.0,14.0
252,rand_079.jpg,15.0,14.0
252,sat_080.jpg,12.0,11.0
252,sat_081.jpg,18.0,17.0
252,sat_082.jpg,15.0,14.0
252,sat_083.jpg,15.0,14.0
252,sat_084.jpg,14.0,13.0
252,sat_085.jpg,12.0,11.0
252,sat_086.jpg,12.0,11.0
252,sat_087.jpg,13.0,12.0
252,soc_088.jpg,15.0,14.0
252,soc_089.jpg,17.0,16.0
252,soc_090.jpg,15.0,14.0
252,soc_091.jpg,14.0,13.0
252,soc_092.jpg,14.0,13.0
252,soc_093.jpg,16.0,15.0
252,soc_094.jpg,16.0,15.0
252,soc_095.jpg,16.0,15.0
252,soc_096.jpg,17.0,16.0
252,soc_097.jpg,17.0,16.0
252,soc_098.jpg,18.0,17.0
252,soc_099.jpg,13.0,12.0
252,soc_100.jpg,20.0,19.0
253,act_001.jpg,18.0,17.0
253,act_002.jpg,14.0,13.0
253,act_003.jpg,16.0,15.0
253,act_004.jpg,12.0,11.0
253,act_005.jpg,15.0,14.0
253,art_006.jpg,12.0,11.0
253,art_007.jpg,13.0,12.0
253,art_008.jpg,12.0,11.0
253,art_009.jpg,16.0,15.0
253,art_010.jpg,14.0,13.0
253,art_011.jpg,15.0,14.0
253,cat_012.jpg,12.0,11.0
253,cat_013.jpg,5.0,4.0
253,cat_014.jpg,15.0,14.0
253,cat_015.jpg,14.0,13.0
253,ind_016.jpg,10.0,9.0
253,ind_017.jpg,14.0,13.0
253,ind_018.jpg,13.0,12.0
253,ind_019.jpg,14.0,13.0
253,ind_020.jpg,8.0,7.0
253,ind_021.jpg,12.0,11.0
253,ind_022.jpg,8.0,7.0
253,ind_023.jpg,9.0,8.0
253,ind_024.jpg,11.0,10.0
253,ind_025.jpg,13.0,12.0
253,land_026.jpg,11.0,10.0
253,land_027.jpg,10.0,9.0
253,land_028.jpg,15.0,14.0
253,land_029.jpg,13.0,12.0
253,land_030.jpg,11.0,10.0
253,low_031.jpg,8.0,7.0
253,low_032.jpg,11.0,10.0
253,low_033.jpg,12.0,11.0
253,low_034.jpg,10.0,9.0
253,low_035.jpg,11.0,10.0
253,low_036.jpg,8.0,7.0
253,mood_37.jpg,15.0,14.0
253,mood_38.jpg,15.0,14.0
253,mood_39.jpg,14.0,13.0
253,mood_40.jpg,14.0,13.0
253,mood_41.jpg,17.0,16.0
253,mood_42.jpg,14.0,13.0
253,mood_43.jpg,18.0,17.0
253,mood_44.jpg,14.0,13.0
253,mood_45.jpg,11.0,10.0
253,mood_46.jpg,13.0,12.0
253,noi_047.jpg,12.0,11.0
253,noi_048.jpg,14.0,13.0
253,noi_049.jpg,15.0,14.0
253,noi_050.jpg,11.0,10.0
253,noi_051.jpg,9.0,8.0
253,noi_052.jpg,14.0,13.0
253,noi_053.jpg,14.0,13.0
253,outman_054.jpg,10.0,9.0
253,outman_055.jpg,14.0,13.0
253,outman_056.jpg,12.0,11.0
253,outman_057.jpg,11.0,10.0
253,outman_058.jpg,10.0,9.0
253,outman_059.jpg,11.0,10.0
253,outman_060.jpg,11.0,10.0
253,outman_061.jpg,12.0,11.0
253,pat_066.jpg,9.0,8.0
253,pat_067.jpg,9.0,8.0
253,pat_068.jpg,10.0,9.0
253,pat_069.jpg,8.0,7.0
253,pat_070.jpg,12.0,11.0
253,patch_062.jpg,10.0,9.0
253,patch_063.jpg,13.0,12.0
253,patch_064.jpg,12.0,11.0
253,patch_065.jpg,12.0,11.0
253,por_071.jpg,15.0,14.0
253,por_072.jpg,16.0,15.0
253,por_073.jpg,17.0,16.0
253,por_074.jpg,12.0,11.0
253,rand_075.jpg,12.0,11.0
253,rand_076.jpg,13.0,12.0
253,rand_077.jpg,13.0,12.0
253,rand_078.jpg,7.0,6.0
253,rand_079.jpg,12.0,11.0
253,sat_080.jpg,10.0,9.0
253,sat_081.jpg,14.0,13.0
253,sat_082.jpg,14.0,13.0
253,sat_083.jpg,11.0,10.0
253,sat_084.jpg,9.0,8.0
253,sat_085.jpg,15.0,14.0
253,sat_086.jpg,12.0,11.0
253,sat_087.jpg,12.0,11.0
253,soc_088.jpg,16.0,15.0
253,soc_089.jpg,16.0,15.0
253,soc_090.jpg,14.0,13.0
253,soc_091.jpg,17.0,16.0
253,soc_092.jpg,17.0,16.0
253,soc_093.jpg,13.0,12.0
253,soc_094.jpg,15.0,14.0
253,soc_095.jpg,14.0,13.0
253,soc_096.jpg,12.0,11.0
253,soc_097.jpg,15.0,14.0
253,soc_098.jpg,16.0,15.0
253,soc_099.jpg,15.0,14.0
253,soc_100.jpg,14.0,13.0
254,act_001.jpg,15.0,14.0
254,act_002.jpg,10.0,9.0
254,act_003.jpg,14.0,13.0
254,act_004.jpg,13.0,12.0
254,act_005.jpg,13.0,12.0
254,art_006.jpg,12.0,11.0
254,art_007.jpg,16.0,15.0
254,art_008.jpg,14.0,13.0
254,art_009.jpg,14.0,13.0
254,art_010.jpg,13.0,12.0
254,art_011.jpg,14.0,13.0
254,cat_012.jpg,12.0,11.0
254,cat_013.jpg,12.0,11.0
254,cat_014.jpg,13.0,12.0
254,cat_015.jpg,7.0,6.0
254,ind_016.jpg,14.0,13.0
254,ind_017.jpg,14.0,13.0
254,ind_018.jpg,14.0,13.0
254,ind_019.jpg,14.0,13.0
254,ind_020.jpg,11.0,10.0
254,ind_021.jpg,10.0,9.0
254,ind_022.jpg,13.0,12.0
254,ind_023.jpg,12.0,11.0
254,ind_024.jpg,13.0,12.0
254,ind_025.jpg,11.0,10.0
254,land_026.jpg,12.0,11.0
254,land_027.jpg,15.0,14.0
254,land_028.jpg,12.0,11.0
254,land_029.jpg,13.0,12.0
254,land_030.jpg,13.0,12.0
254,low_031.jpg,12.0,11.0
254,low_032.jpg,9.0,8.0
254,low_033.jpg,11.0,10.0
254,low_034.jpg,14.0,13.0
254,low_035.jpg,14.0,13.0
254,low_036.jpg,11.0,10.0
254,mood_37.jpg,11.0,10.0
254,mood_38.jpg,11.0,10.0
254,mood_39.jpg,16.0,15.0
254,mood_40.jpg,8.0,7.0
254,mood_41.jpg,15.0,14.0
254,mood_42.jpg,16.0,15.0
254,mood_43.jpg,9.0,8.0
254,mood_44.jpg,15.0,14.0
254,mood_45.jpg,17.0,16.0
254,mood_46.jpg,14.0,13.0
254,noi_047.jpg,12.0,11.0
254,noi_048.jpg,12.0,11.0
254,noi_049.jpg,9.0,8.0
254,noi_050.jpg,12.0,11.0
254,noi_051.jpg,12.0,11.0
254,noi_052.jpg,10.0,9.0
254,noi_053.jpg,14.0,13.0
254,outman_054.jpg,12.0,11.0
254,outman_055.jpg,13.0,12.0
254,outman_056.jpg,12.0,11.0
254,outman_057.jpg,12.0,11.0
254,outman_058.jpg,13.0,12.0
254,outman_059.jpg,14.0,13.0
254,outman_060.jpg,12.0,11.0
254,outman_061.jpg,13.0,12.0
254,pat_066.jpg,10.0,9.0
254,pat_067.jpg,8.0,7.0
254,pat_068.jpg,11.0,10.0
254,pat_069.jpg,15.0,14.0
254,pat_070.jpg,16.0,15.0
254,patch_062.jpg,10.0,9.0
254,patch_063.jpg,14.0,13.0
254,patch_064.jpg,11.0,10.0
254,patch_065.jpg,11.0,10.0
254,por_071.jpg,14.0,13.0
254,por_072.jpg,14.0,13.0
254,por_073.jpg,11.0,10.0
254,por_074.jpg,16.0,15.0
254,rand_075.jpg,1.0,0.0
254,rand_076.jpg,8.0,7.0
254,rand_077.jpg,12.0,11.0
254,rand_078.jpg,12.0,11.0
254,rand_079.jpg,3.0,2.0
254,sat_080.jpg,11.0,10.0
254,sat_081.jpg,14.0,13.0
254,sat_082.jpg,13.0,12.0
254,sat_083.jpg,12.0,11.0
254,sat_084.jpg,10.0,9.0
254,sat_085.jpg,13.0,12.0
254,sat_086.jpg,11.0,10.0
254,sat_087.jpg,13.0,12.0
254,soc_088.jpg,10.0,9.0
254,soc_089.jpg,7.0,6.0
254,soc_090.jpg,13.0,12.0
254,soc_091.jpg,5.0,4.0
254,soc_092.jpg,12.0,11.0
254,soc_093.jpg,12.0,11.0
254,soc_094.jpg,10.0,9.0
254,soc_095.jpg,10.0,9.0
254,soc_096.jpg,13.0,12.0
254,soc_097.jpg,12.0,11.0
254,soc_098.jpg,9.0,8.0
254,soc_099.jpg,15.0,14.0
254,soc_100.jpg,12.0,11.0
255,act_001.jpg,15.0,14.0
255,act_002.jpg,11.0,10.0
255,act_003.jpg,13.0,12.0
255,act_004.jpg,17.0,16.0
255,act_005.jpg,10.0,9.0
255,art_006.jpg,11.0,10.0
255,art_007.jpg,18.0,17.0
255,art_008.jpg,8.0,7.0
255,art_009.jpg,16.0,15.0
255,art_010.jpg,15.0,14.0
255,art_011.jpg,14.0,13.0
255,cat_012.jpg,16.0,15.0
255,cat_013.jpg,16.0,15.0
255,cat_014.jpg,12.0,11.0
255,cat_015.jpg,14.0,13.0
255,ind_016.jpg,4.0,3.0
255,ind_017.jpg,15.0,14.0
255,ind_018.jpg,18.0,17.0
255,ind_019.jpg,14.0,13.0
255,ind_020.jpg,6.0,5.0
255,ind_021.jpg,8.0,7.0
255,ind_022.jpg,10.0,9.0
255,ind_023.jpg,8.0,7.0
255,ind_024.jpg,7.0,6.0
255,ind_025.jpg,16.0,15.0
255,land_026.jpg,13.0,12.0
255,land_027.jpg,14.0,13.0
255,land_028.jpg,14.0,13.0
255,land_029.jpg,7.0,6.0
255,land_030.jpg,11.0,10.0
255,low_031.jpg,6.0,5.0
255,low_032.jpg,7.0,6.0
255,low_033.jpg,13.0,12.0
255,low_034.jpg,11.0,10.0
255,low_035.jpg,9.0,8.0
255,low_036.jpg,11.0,10.0
255,mood_37.jpg,9.0,8.0
255,mood_38.jpg,20.0,19.0
255,mood_39.jpg,17.0,16.0
255,mood_40.jpg,17.0,16.0
255,mood_41.jpg,15.0,14.0
255,mood_42.jpg,16.0,15.0
255,mood_43.jpg,20.0,19.0
255,mood_44.jpg,16.0,15.0
255,mood_45.jpg,15.0,14.0
255,mood_46.jpg,16.0,15.0
255,noi_047.jpg,17.0,16.0
255,noi_048.jpg,14.0,13.0
255,noi_049.jpg,17.0,16.0
255,noi_050.jpg,9.0,8.0
255,noi_051.jpg,11.0,10.0
255,noi_052.jpg,8.0,7.0
255,noi_053.jpg,15.0,14.0
255,outman_054.jpg,6.0,5.0
255,outman_055.jpg,6.0,5.0
255,outman_056.jpg,11.0,10.0
255,outman_057.jpg,14.0,13.0
255,outman_058.jpg,13.0,12.0
255,outman_059.jpg,12.0,11.0
255,outman_060.jpg,11.0,10.0
255,outman_061.jpg,11.0,10.0
255,pat_066.jpg,4.0,3.0
255,pat_067.jpg,9.0,8.0
255,pat_068.jpg,12.0,11.0
255,pat_069.jpg,15.0,14.0
255,pat_070.jpg,15.0,14.0
255,patch_062.jpg,7.0,6.0
255,patch_063.jpg,8.0,7.0
255,patch_064.jpg,11.0,10.0
255,patch_065.jpg,11.0,10.0
255,por_071.jpg,17.0,16.0
255,por_072.jpg,16.0,15.0
255,por_073.jpg,13.0,12.0
255,por_074.jpg,16.0,15.0
255,rand_075.jpg,12.0,11.0
255,rand_076.jpg,15.0,14.0
255,rand_077.jpg,12.0,11.0
255,rand_078.jpg,10.0,9.0
255,rand_079.jpg,13.0,12.0
255,sat_080.jpg,6.0,5.0
255,sat_081.jpg,11.0,10.0
255,sat_082.jpg,15.0,14.0
255,sat_083.jpg,11.0,10.0
255,sat_084.jpg,11.0,10.0
255,sat_085.jpg,12.0,11.0
255,sat_086.jpg,14.0,13.0
255,sat_087.jpg,10.0,9.0
255,soc_088.jpg,15.0,14.0
255,soc_089.jpg,17.0,16.0
255,soc_090.jpg,17.0,16.0
255,soc_091.jpg,16.0,15.0
255,soc_092.jpg,13.0,12.0
255,soc_093.jpg,11.0,10.0
255,soc_094.jpg,6.0,5.0
255,soc_095.jpg,15.0,14.0
255,soc_096.jpg,13.0,12.0
255,soc_097.jpg,15.0,14.0
255,soc_098.jpg,16.0,15.0
255,soc_099.jpg,14.0,13.0
255,soc_100.jpg,15.0,14.0
256,act_001.jpg,12.0,11.0
256,act_002.jpg,17.0,16.0
256,act_003.jpg,16.0,15.0
256,act_004.jpg,16.0,15.0
256,act_005.jpg,17.0,16.0
256,art_006.jpg,17.0,16.0
256,art_007.jpg,18.0,17.0
256,art_008.jpg,15.0,14.0
256,art_009.jpg,21.0,20.0
256,art_010.jpg,16.0,15.0
256,art_011.jpg,18.0,17.0
256,cat_012.jpg,17.0,16.0
256,cat_013.jpg,19.0,18.0
256,cat_014.jpg,22.0,21.0
256,cat_015.jpg,22.0,21.0
256,ind_016.jpg,20.0,19.0
256,ind_017.jpg,18.0,17.0
256,ind_018.jpg,15.0,14.0
256,ind_019.jpg,14.0,13.0
256,ind_020.jpg,16.0,15.0
256,ind_021.jpg,17.0,16.0
256,ind_022.jpg,17.0,16.0
256,ind_023.jpg,15.0,14.0
256,ind_024.jpg,18.0,17.0
256,ind_025.jpg,16.0,15.0
256,land_026.jpg,11.0,10.0
256,land_027.jpg,18.0,17.0
256,land_028.jpg,18.0,17.0
256,land_029.jpg,17.0,16.0
256,land_030.jpg,13.0,12.0
256,low_031.jpg,12.0,11.0
256,low_032.jpg,13.0,12.0
256,low_033.jpg,14.0,13.0
256,low_034.jpg,14.0,13.0
256,low_035.jpg,12.0,11.0
256,low_036.jpg,10.0,9.0
256,mood_37.jpg,21.0,20.0
256,mood_38.jpg,21.0,20.0
256,mood_39.jpg,23.0,22.0
256,mood_40.jpg,18.0,17.0
256,mood_41.jpg,21.0,20.0
256,mood_42.jpg,19.0,18.0
256,mood_43.jpg,21.0,20.0
256,mood_44.jpg,19.0,18.0
256,mood_45.jpg,21.0,20.0
256,mood_46.jpg,22.0,21.0
256,noi_047.jpg,19.0,18.0
256,noi_048.jpg,18.0,17.0
256,noi_049.jpg,17.0,16.0
256,noi_050.jpg,13.0,12.0
256,noi_051.jpg,15.0,14.0
256,noi_052.jpg,14.0,13.0
256,noi_053.jpg,15.0,14.0
256,outman_054.jpg,13.0,12.0
256,outman_055.jpg,15.0,14.0
256,outman_056.jpg,18.0,17.0
256,outman_057.jpg,17.0,16.0
256,outman_058.jpg,14.0,13.0
256,outman_059.jpg,12.0,11.0
256,outman_060.jpg,18.0,17.0
256,outman_061.jpg,17.0,16.0
256,pat_066.jpg,15.0,14.0
256,pat_067.jpg,10.0,9.0
256,pat_068.jpg,16.0,15.0
256,pat_069.jpg,18.0,17.0
256,pat_070.jpg,21.0,20.0
256,patch_062.jpg,20.0,19.0
256,patch_063.jpg,16.0,15.0
256,patch_064.jpg,16.0,15.0
256,patch_065.jpg,11.0,10.0
256,por_071.jpg,17.0,16.0
256,por_072.jpg,18.0,17.0
256,por_073.jpg,20.0,19.0
256,por_074.jpg,15.0,14.0
256,rand_075.jpg,17.0,16.0
256,rand_076.jpg,16.0,15.0
256,rand_077.jpg,15.0,14.0
256,rand_078.jpg,15.0,14.0
256,rand_079.jpg,15.0,14.0
256,sat_080.jpg,17.0,16.0
256,sat_081.jpg,18.0,17.0
256,sat_082.jpg,16.0,15.0
256,sat_083.jpg,16.0,15.0
256,sat_084.jpg,14.0,13.0
256,sat_085.jpg,19.0,18.0
256,sat_086.jpg,18.0,17.0
256,sat_087.jpg,11.0,10.0
256,soc_088.jpg,18.0,17.0
256,soc_089.jpg,14.0,13.0
256,soc_090.jpg,16.0,15.0
256,soc_091.jpg,17.0,16.0
256,soc_092.jpg,18.0,17.0
256,soc_093.jpg,19.0,18.0
256,soc_094.jpg,18.0,17.0
256,soc_095.jpg,18.0,17.0
256,soc_096.jpg,19.0,18.0
256,soc_097.jpg,20.0,19.0
256,soc_098.jpg,19.0,18.0
256,soc_099.jpg,25.0,24.0
256,soc_100.jpg,19.0,18.0
258,act_001.jpg,13.0,12.0
258,act_002.jpg,14.0,13.0
258,act_003.jpg,13.0,12.0
258,act_004.jpg,18.0,17.0
258,act_005.jpg,12.0,11.0
258,art_006.jpg,14.0,13.0
258,art_007.jpg,16.0,15.0
258,art_008.jpg,14.0,13.0
258,art_009.jpg,14.0,13.0
258,art_010.jpg,9.0,8.0
258,art_011.jpg,14.0,13.0
258,cat_012.jpg,12.0,11.0
258,cat_013.jpg,16.0,15.0
258,cat_014.jpg,15.0,14.0
258,cat_015.jpg,16.0,15.0
258,ind_016.jpg,12.0,11.0
258,ind_017.jpg,15.0,14.0
258,ind_018.jpg,18.0,17.0
258,ind_019.jpg,12.0,11.0
258,ind_020.jpg,14.0,13.0
258,ind_021.jpg,8.0,7.0
258,ind_022.jpg,15.0,14.0
258,ind_023.jpg,14.0,13.0
258,ind_024.jpg,18.0,17.0
258,ind_025.jpg,14.0,13.0
258,land_026.jpg,12.0,11.0
258,land_027.jpg,16.0,15.0
258,land_028.jpg,16.0,15.0
258,land_029.jpg,12.0,11.0
258,land_030.jpg,12.0,11.0
258,low_031.jpg,8.0,7.0
258,low_032.jpg,12.0,11.0
258,low_033.jpg,6.0,5.0
258,low_034.jpg,10.0,9.0
258,low_035.jpg,14.0,13.0
258,low_036.jpg,8.0,7.0
258,mood_37.jpg,13.0,12.0
258,mood_38.jpg,13.0,12.0
258,mood_39.jpg,19.0,18.0
258,mood_40.jpg,15.0,14.0
258,mood_41.jpg,21.0,20.0
258,mood_42.jpg,13.0,12.0
258,mood_43.jpg,13.0,12.0
258,mood_44.jpg,17.0,16.0
258,mood_45.jpg,16.0,15.0
258,mood_46.jpg,14.0,13.0
258,noi_047.jpg,14.0,13.0
258,noi_048.jpg,15.0,14.0
258,noi_049.jpg,16.0,15.0
258,noi_050.jpg,15.0,14.0
258,noi_051.jpg,12.0,11.0
258,noi_052.jpg,15.0,14.0
258,noi_053.jpg,12.0,11.0
258,outman_054.jpg,16.0,15.0
258,outman_055.jpg,13.0,12.0
258,outman_056.jpg,13.0,12.0
258,outman_057.jpg,10.0,9.0
258,outman_058.jpg,16.0,15.0
258,outman_059.jpg,11.0,10.0
258,outman_060.jpg,12.0,11.0
258,outman_061.jpg,14.0,13.0
258,pat_066.jpg,17.0,16.0
258,pat_067.jpg,13.0,12.0
258,pat_068.jpg,19.0,18.0
258,pat_069.jpg,17.0,16.0
258,pat_070.jpg,15.0,14.0
258,patch_062.jpg,12.0,11.0
258,patch_063.jpg,17.0,16.0
258,patch_064.jpg,15.0,14.0
258,patch_065.jpg,13.0,12.0
258,por_071.jpg,13.0,12.0
258,por_072.jpg,12.0,11.0
258,por_073.jpg,12.0,11.0
258,por_074.jpg,9.0,8.0
258,rand_075.jpg,10.0,9.0
258,rand_076.jpg,16.0,15.0
258,rand_077.jpg,12.0,11.0
258,rand_078.jpg,17.0,16.0
258,rand_079.jpg,14.0,13.0
258,sat_080.jpg,13.0,12.0
258,sat_081.jpg,15.0,14.0
258,sat_082.jpg,14.0,13.0
258,sat_083.jpg,15.0,14.0
258,sat_084.jpg,15.0,14.0
258,sat_085.jpg,18.0,17.0
258,sat_086.jpg,8.0,7.0
258,sat_087.jpg,17.0,16.0
258,soc_088.jpg,12.0,11.0
258,soc_089.jpg,16.0,15.0
258,soc_090.jpg,8.0,7.0
258,soc_091.jpg,15.0,14.0
258,soc_092.jpg,18.0,17.0
258,soc_093.jpg,14.0,13.0
258,soc_094.jpg,11.0,10.0
258,soc_095.jpg,14.0,13.0
258,soc_096.jpg,8.0,7.0
258,soc_097.jpg,11.0,10.0
258,soc_098.jpg,10.0,9.0
258,soc_099.jpg,15.0,14.0
258,soc_100.jpg,14.0,13.0
259,act_001.jpg,20.0,19.0
259,act_002.jpg,15.0,14.0
259,act_003.jpg,,
259,act_004.jpg,,
259,act_005.jpg,1.0,0.0
259,art_006.jpg,4.0,3.0
259,art_007.jpg,10.0,9.0
259,art_008.jpg,17.0,16.0
259,art_009.jpg,17.0,16.0
259,art_010.jpg,18.0,17.0
259,art_011.jpg,15.0,14.0
259,cat_012.jpg,,
259,cat_013.jpg,19.0,18.0
259,cat_014.jpg,20.0,19.0
259,cat_015.jpg,18.0,17.0
259,ind_016.jpg,15.0,14.0
259,ind_017.jpg,,
259,ind_018.jpg,18.0,17.0
259,ind_019.jpg,17.0,16.0
259,ind_020.jpg,16.0,15.0
259,ind_021.jpg,18.0,17.0
259,ind_022.jpg,15.0,14.0
259,ind_023.jpg,12.0,11.0
259,ind_024.jpg,18.0,17.0
259,ind_025.jpg,19.0,18.0
259,land_026.jpg,14.0,13.0
259,land_027.jpg,,
259,land_028.jpg,,
259,land_029.jpg,17.0,16.0
259,land_030.jpg,17.0,16.0
259,low_031.jpg,18.0,17.0
259,low_032.jpg,13.0,12.0
259,low_033.jpg,,
259,low_034.jpg,,
259,low_035.jpg,,
259,low_036.jpg,15.0,14.0
259,mood_37.jpg,,
259,mood_38.jpg,,
259,mood_39.jpg,,
259,mood_40.jpg,18.0,17.0
259,mood_41.jpg,13.0,12.0
259,mood_42.jpg,3.0,2.0
259,mood_43.jpg,,
259,mood_44.jpg,16.0,15.0
259,mood_45.jpg,5.0,4.0
259,mood_46.jpg,19.0,18.0
259,noi_047.jpg,15.0,14.0
259,noi_048.jpg,14.0,13.0
259,noi_049.jpg,11.0,10.0
259,noi_050.jpg,16.0,15.0
259,noi_051.jpg,,
259,noi_052.jpg,11.0,10.0
259,noi_053.jpg,,
259,outman_054.jpg,16.0,15.0
259,outman_055.jpg,16.0,15.0
259,outman_056.jpg,18.0,17.0
259,outman_057.jpg,,
259,outman_058.jpg,,
259,outman_059.jpg,17.0,16.0
259,outman_060.jpg,17.0,16.0
259,outman_061.jpg,14.0,13.0
259,pat_066.jpg,,
259,pat_067.jpg,13.0,12.0
259,pat_068.jpg,10.0,9.0
259,pat_069.jpg,15.0,14.0
259,pat_070.jpg,,
259,patch_062.jpg,16.0,15.0
259,patch_063.jpg,15.0,14.0
259,patch_064.jpg,13.0,12.0
259,patch_065.jpg,17.0,16.0
259,por_071.jpg,14.0,13.0
259,por_072.jpg,,
259,por_073.jpg,12.0,11.0
259,por_074.jpg,15.0,14.0
259,rand_075.jpg,12.0,11.0
259,rand_076.jpg,19.0,18.0
259,rand_077.jpg,,
259,rand_078.jpg,,
259,rand_079.jpg,,
259,sat_080.jpg,14.0,13.0
259,sat_081.jpg,,
259,sat_082.jpg,5.0,4.0
259,sat_083.jpg,15.0,14.0
259,sat_084.jpg,,
259,sat_085.jpg,16.0,15.0
259,sat_086.jpg,14.0,13.0
259,sat_087.jpg,5.0,4.0
259,soc_088.jpg,14.0,13.0
259,soc_089.jpg,7.0,6.0
259,soc_090.jpg,,
259,soc_091.jpg,18.0,17.0
259,soc_092.jpg,,
259,soc_093.jpg,,
259,soc_094.jpg,16.0,15.0
259,soc_095.jpg,,
259,soc_096.jpg,,
259,soc_097.jpg,,
259,soc_098.jpg,15.0,14.0
259,soc_099.jpg,3.0,2.0
259,soc_100.jpg,,
261,act_001.jpg,13.0,12.0
261,act_002.jpg,15.0,14.0
261,act_003.jpg,17.0,16.0
261,act_004.jpg,15.0,14.0
261,act_005.jpg,16.0,15.0
261,art_006.jpg,15.0,14.0
261,art_007.jpg,17.0,16.0
261,art_008.jpg,18.0,17.0
261,art_009.jpg,15.0,14.0
261,art_010.jpg,18.0,17.0
261,art_011.jpg,16.0,15.0
261,cat_012.jpg,14.0,13.0
261,cat_013.jpg,14.0,13.0
261,cat_014.jpg,19.0,18.0
261,cat_015.jpg,16.0,15.0
261,ind_016.jpg,19.0,18.0
261,ind_017.jpg,18.0,17.0
261,ind_018.jpg,16.0,15.0
261,ind_019.jpg,19.0,18.0
261,ind_020.jpg,17.0,16.0
261,ind_021.jpg,19.0,18.0
261,ind_022.jpg,17.0,16.0
261,ind_023.jpg,17.0,16.0
261,ind_024.jpg,16.0,15.0
261,ind_025.jpg,17.0,16.0
261,land_026.jpg,17.0,16.0
261,land_027.jpg,17.0,16.0
261,land_028.jpg,16.0,15.0
261,land_029.jpg,19.0,18.0
261,land_030.jpg,16.0,15.0
261,low_031.jpg,11.0,10.0
261,low_032.jpg,17.0,16.0
261,low_033.jpg,17.0,16.0
261,low_034.jpg,16.0,15.0
261,low_035.jpg,16.0,15.0
261,low_036.jpg,17.0,16.0
261,mood_37.jpg,11.0,10.0
261,mood_38.jpg,14.0,13.0
261,mood_39.jpg,16.0,15.0
261,mood_40.jpg,11.0,10.0
261,mood_41.jpg,18.0,17.0
261,mood_42.jpg,10.0,9.0
261,mood_43.jpg,10.0,9.0
261,mood_44.jpg,13.0,12.0
261,mood_45.jpg,17.0,16.0
261,mood_46.jpg,12.0,11.0
261,noi_047.jpg,17.0,16.0
261,noi_048.jpg,18.0,17.0
261,noi_049.jpg,17.0,16.0
261,noi_050.jpg,18.0,17.0
261,noi_051.jpg,16.0,15.0
261,noi_052.jpg,13.0,12.0
261,noi_053.jpg,18.0,17.0
261,outman_054.jpg,12.0,11.0
261,outman_055.jpg,17.0,16.0
261,outman_056.jpg,14.0,13.0
261,outman_057.jpg,18.0,17.0
261,outman_058.jpg,16.0,15.0
261,outman_059.jpg,16.0,15.0
261,outman_060.jpg,16.0,15.0
261,outman_061.jpg,16.0,15.0
261,pat_066.jpg,18.0,17.0
261,pat_067.jpg,17.0,16.0
261,pat_068.jpg,4.0,3.0
261,pat_069.jpg,15.0,14.0
261,pat_070.jpg,19.0,18.0
261,patch_062.jpg,20.0,19.0
261,patch_063.jpg,16.0,15.0
261,patch_064.jpg,14.0,13.0
261,patch_065.jpg,16.0,15.0
261,por_071.jpg,8.0,7.0
261,por_072.jpg,14.0,13.0
261,por_073.jpg,12.0,11.0
261,por_074.jpg,14.0,13.0
261,rand_075.jpg,19.0,18.0
261,rand_076.jpg,15.0,14.0
261,rand_077.jpg,15.0,14.0
261,rand_078.jpg,18.0,17.0
261,rand_079.jpg,15.0,14.0
261,sat_080.jpg,12.0,11.0
261,sat_081.jpg,11.0,10.0
261,sat_082.jpg,16.0,15.0
261,sat_083.jpg,15.0,14.0
261,sat_084.jpg,12.0,11.0
261,sat_085.jpg,12.0,11.0
261,sat_086.jpg,9.0,8.0
261,sat_087.jpg,16.0,15.0
261,soc_088.jpg,8.0,7.0
261,soc_089.jpg,12.0,11.0
261,soc_090.jpg,12.0,11.0
261,soc_091.jpg,16.0,15.0
261,soc_092.jpg,10.0,9.0
261,soc_093.jpg,14.0,13.0
261,soc_094.jpg,11.0,10.0
261,soc_095.jpg,16.0,15.0
261,soc_096.jpg,13.0,12.0
261,soc_097.jpg,11.0,10.0
261,soc_098.jpg,10.0,9.0
261,soc_099.jpg,9.0,8.0
261,soc_100.jpg,12.0,11.0
262,act_001.jpg,11.0,10.0
262,act_002.jpg,4.0,3.0
262,act_003.jpg,5.0,4.0
262,act_004.jpg,10.0,9.0
262,act_005.jpg,10.0,9.0
262,art_006.jpg,15.0,14.0
262,art_007.jpg,14.0,13.0
262,art_008.jpg,3.0,2.0
262,art_009.jpg,4.0,3.0
262,art_010.jpg,12.0,11.0
262,art_011.jpg,18.0,17.0
262,cat_012.jpg,14.0,13.0
262,cat_013.jpg,14.0,13.0
262,cat_014.jpg,15.0,14.0
262,cat_015.jpg,12.0,11.0
262,ind_016.jpg,14.0,13.0
262,ind_017.jpg,19.0,18.0
262,ind_018.jpg,14.0,13.0
262,ind_019.jpg,13.0,12.0
262,ind_020.jpg,15.0,14.0
262,ind_021.jpg,2.0,1.0
262,ind_022.jpg,13.0,12.0
262,ind_023.jpg,15.0,14.0
262,ind_024.jpg,13.0,12.0
262,ind_025.jpg,18.0,17.0
262,land_026.jpg,13.0,12.0
262,land_027.jpg,15.0,14.0
262,land_028.jpg,9.0,8.0
262,land_029.jpg,2.0,1.0
262,land_030.jpg,11.0,10.0
262,low_031.jpg,14.0,13.0
262,low_032.jpg,3.0,2.0
262,low_033.jpg,13.0,12.0
262,low_034.jpg,10.0,9.0
262,low_035.jpg,18.0,17.0
262,low_036.jpg,13.0,12.0
262,mood_37.jpg,18.0,17.0
262,mood_38.jpg,11.0,10.0
262,mood_39.jpg,15.0,14.0
262,mood_40.jpg,14.0,13.0
262,mood_41.jpg,14.0,13.0
262,mood_42.jpg,15.0,14.0
262,mood_43.jpg,18.0,17.0
262,mood_44.jpg,15.0,14.0
262,mood_45.jpg,17.0,16.0
262,mood_46.jpg,17.0,16.0
262,noi_047.jpg,15.0,14.0
262,noi_048.jpg,12.0,11.0
262,noi_049.jpg,2.0,1.0
262,noi_050.jpg,13.0,12.0
262,noi_051.jpg,15.0,14.0
262,noi_052.jpg,12.0,11.0
262,noi_053.jpg,15.0,14.0
262,outman_054.jpg,15.0,14.0
262,outman_055.jpg,11.0,10.0
262,outman_056.jpg,12.0,11.0
262,outman_057.jpg,15.0,14.0
262,outman_058.jpg,14.0,13.0
262,outman_059.jpg,14.0,13.0
262,outman_060.jpg,15.0,14.0
262,outman_061.jpg,15.0,14.0
262,pat_066.jpg,12.0,11.0
262,pat_067.jpg,11.0,10.0
262,pat_068.jpg,13.0,12.0
262,pat_069.jpg,11.0,10.0
262,pat_070.jpg,14.0,13.0
262,patch_062.jpg,14.0,13.0
262,patch_063.jpg,15.0,14.0
262,patch_064.jpg,12.0,11.0
262,patch_065.jpg,13.0,12.0
262,por_071.jpg,13.0,12.0
262,por_072.jpg,16.0,15.0
262,por_073.jpg,14.0,13.0
262,por_074.jpg,12.0,11.0
262,rand_075.jpg,15.0,14.0
262,rand_076.jpg,16.0,15.0
262,rand_077.jpg,11.0,10.0
262,rand_078.jpg,14.0,13.0
262,rand_079.jpg,15.0,14.0
262,sat_080.jpg,10.0,9.0
262,sat_081.jpg,14.0,13.0
262,sat_082.jpg,17.0,16.0
262,sat_083.jpg,15.0,14.0
262,sat_084.jpg,15.0,14.0
262,sat_085.jpg,13.0,12.0
262,sat_086.jpg,11.0,10.0
262,sat_087.jpg,14.0,13.0
262,soc_088.jpg,17.0,16.0
262,soc_089.jpg,15.0,14.0
262,soc_090.jpg,14.0,13.0
262,soc_091.jpg,13.0,12.0
262,soc_092.jpg,13.0,12.0
262,soc_093.jpg,16.0,15.0
262,soc_094.jpg,15.0,14.0
262,soc_095.jpg,15.0,14.0
262,soc_096.jpg,16.0,15.0
262,soc_097.jpg,12.0,11.0
262,soc_098.jpg,18.0,17.0
262,soc_099.jpg,13.0,12.0
262,soc_100.jpg,9.0,8.0
264,act_001.jpg,15.0,14.0
264,act_002.jpg,14.0,13.0
264,act_003.jpg,19.0,18.0
264,act_004.jpg,15.0,14.0
264,act_005.jpg,1.0,0.0
264,art_006.jpg,11.0,10.0
264,art_007.jpg,10.0,9.0
264,art_008.jpg,12.0,11.0
264,art_009.jpg,18.0,17.0
264,art_010.jpg,16.0,15.0
264,art_011.jpg,14.0,13.0
264,cat_012.jpg,19.0,18.0
264,cat_013.jpg,14.0,13.0
264,cat_014.jpg,10.0,9.0
264,cat_015.jpg,18.0,17.0
264,ind_016.jpg,17.0,16.0
264,ind_017.jpg,18.0,17.0
264,ind_018.jpg,15.0,14.0
264,ind_019.jpg,10.0,9.0
264,ind_020.jpg,16.0,15.0
264,ind_021.jpg,19.0,18.0
264,ind_022.jpg,17.0,16.0
264,ind_023.jpg,10.0,9.0
264,ind_024.jpg,18.0,17.0
264,ind_025.jpg,13.0,12.0
264,land_026.jpg,9.0,8.0
264,land_027.jpg,10.0,9.0
264,land_028.jpg,11.0,10.0
264,land_029.jpg,15.0,14.0
264,land_030.jpg,13.0,12.0
264,low_031.jpg,9.0,8.0
264,low_032.jpg,1.0,0.0
264,low_033.jpg,13.0,12.0
264,low_034.jpg,13.0,12.0
264,low_035.jpg,12.0,11.0
264,low_036.jpg,8.0,7.0
264,mood_37.jpg,12.0,11.0
264,mood_38.jpg,20.0,19.0
264,mood_39.jpg,18.0,17.0
264,mood_40.jpg,20.0,19.0
264,mood_41.jpg,21.0,20.0
264,mood_42.jpg,20.0,19.0
264,mood_43.jpg,20.0,19.0
264,mood_44.jpg,20.0,19.0
264,mood_45.jpg,18.0,17.0
264,mood_46.jpg,18.0,17.0
264,noi_047.jpg,9.0,8.0
264,noi_048.jpg,12.0,11.0
264,noi_049.jpg,9.0,8.0
264,noi_050.jpg,11.0,10.0
264,noi_051.jpg,7.0,6.0
264,noi_052.jpg,10.0,9.0
264,noi_053.jpg,14.0,13.0
264,outman_054.jpg,11.0,10.0
264,outman_055.jpg,10.0,9.0
264,outman_056.jpg,13.0,12.0
264,outman_057.jpg,15.0,14.0
264,outman_058.jpg,14.0,13.0
264,outman_059.jpg,10.0,9.0
264,outman_060.jpg,10.0,9.0
264,outman_061.jpg,16.0,15.0
264,pat_066.jpg,8.0,7.0
264,pat_067.jpg,8.0,7.0
264,pat_068.jpg,12.0,11.0
264,pat_069.jpg,11.0,10.0
264,pat_070.jpg,10.0,9.0
264,patch_062.jpg,13.0,12.0
264,patch_063.jpg,11.0,10.0
264,patch_064.jpg,18.0,17.0
264,patch_065.jpg,19.0,18.0
264,por_071.jpg,20.0,19.0
264,por_072.jpg,15.0,14.0
264,por_073.jpg,15.0,14.0
264,por_074.jpg,10.0,9.0
264,rand_075.jpg,12.0,11.0
264,rand_076.jpg,12.0,11.0
264,rand_077.jpg,12.0,11.0
264,rand_078.jpg,12.0,11.0
264,rand_079.jpg,15.0,14.0
264,sat_080.jpg,9.0,8.0
264,sat_081.jpg,11.0,10.0
264,sat_082.jpg,6.0,5.0
264,sat_083.jpg,10.0,9.0
264,sat_084.jpg,11.0,10.0
264,sat_085.jpg,11.0,10.0
264,sat_086.jpg,8.0,7.0
264,sat_087.jpg,10.0,9.0
264,soc_088.jpg,20.0,19.0
264,soc_089.jpg,15.0,14.0
264,soc_090.jpg,16.0,15.0
264,soc_091.jpg,20.0,19.0
264,soc_092.jpg,14.0,13.0
264,soc_093.jpg,16.0,15.0
264,soc_094.jpg,17.0,16.0
264,soc_095.jpg,15.0,14.0
264,soc_096.jpg,17.0,16.0
264,soc_097.jpg,9.0,8.0
264,soc_098.jpg,15.0,14.0
264,soc_099.jpg,17.0,16.0
264,soc_100.jpg,15.0,14.0
265,act_001.jpg,5.0,4.0
265,act_002.jpg,10.0,9.0
265,act_003.jpg,12.0,11.0
265,act_004.jpg,11.0,10.0
265,act_005.jpg,7.0,6.0
265,art_006.jpg,13.0,12.0
265,art_007.jpg,13.0,12.0
265,art_008.jpg,1.0,0.0
265,art_009.jpg,10.0,9.0
265,art_010.jpg,10.0,9.0
265,art_011.jpg,8.0,7.0
265,cat_012.jpg,12.0,11.0
265,cat_013.jpg,8.0,7.0
265,cat_014.jpg,9.0,8.0
265,cat_015.jpg,8.0,7.0
265,ind_016.jpg,1.0,0.0
265,ind_017.jpg,7.0,6.0
265,ind_018.jpg,8.0,7.0
265,ind_019.jpg,10.0,9.0
265,ind_020.jpg,10.0,9.0
265,ind_021.jpg,11.0,10.0
265,ind_022.jpg,3.0,2.0
265,ind_023.jpg,12.0,11.0
265,ind_024.jpg,3.0,2.0
265,ind_025.jpg,6.0,5.0
265,land_026.jpg,9.0,8.0
265,land_027.jpg,10.0,9.0
265,land_028.jpg,5.0,4.0
265,land_029.jpg,5.0,4.0
265,land_030.jpg,1.0,0.0
265,low_031.jpg,7.0,6.0
265,low_032.jpg,1.0,0.0
265,low_033.jpg,9.0,8.0
265,low_034.jpg,5.0,4.0
265,low_035.jpg,4.0,3.0
265,low_036.jpg,7.0,6.0
265,mood_37.jpg,10.0,9.0
265,mood_38.jpg,14.0,13.0
265,mood_39.jpg,10.0,9.0
265,mood_40.jpg,10.0,9.0
265,mood_41.jpg,14.0,13.0
265,mood_42.jpg,7.0,6.0
265,mood_43.jpg,11.0,10.0
265,mood_44.jpg,6.0,5.0
265,mood_45.jpg,6.0,5.0
265,mood_46.jpg,9.0,8.0
265,noi_047.jpg,4.0,3.0
265,noi_048.jpg,10.0,9.0
265,noi_049.jpg,5.0,4.0
265,noi_050.jpg,6.0,5.0
265,noi_051.jpg,2.0,1.0
265,noi_052.jpg,7.0,6.0
265,noi_053.jpg,1.0,0.0
265,outman_054.jpg,8.0,7.0
265,outman_055.jpg,11.0,10.0
265,outman_056.jpg,8.0,7.0
265,outman_057.jpg,10.0,9.0
265,outman_058.jpg,7.0,6.0
265,outman_059.jpg,2.0,1.0
265,outman_060.jpg,10.0,9.0
265,outman_061.jpg,7.0,6.0
265,pat_066.jpg,3.0,2.0
265,pat_067.jpg,5.0,4.0
265,pat_068.jpg,8.0,7.0
265,pat_069.jpg,9.0,8.0
265,pat_070.jpg,5.0,4.0
265,patch_062.jpg,4.0,3.0
265,patch_063.jpg,7.0,6.0
265,patch_064.jpg,,
265,patch_065.jpg,5.0,4.0
265,por_071.jpg,10.0,9.0
265,por_072.jpg,12.0,11.0
265,por_073.jpg,12.0,11.0
265,por_074.jpg,,
265,rand_075.jpg,8.0,7.0
265,rand_076.jpg,2.0,1.0
265,rand_077.jpg,7.0,6.0
265,rand_078.jpg,7.0,6.0
265,rand_079.jpg,8.0,7.0
265,sat_080.jpg,5.0,4.0
265,sat_081.jpg,10.0,9.0
265,sat_082.jpg,13.0,12.0
265,sat_083.jpg,7.0,6.0
265,sat_084.jpg,8.0,7.0
265,sat_085.jpg,6.0,5.0
265,sat_086.jpg,,
265,sat_087.jpg,7.0,6.0
265,soc_088.jpg,,
265,soc_089.jpg,9.0,8.0
265,soc_090.jpg,12.0,11.0
265,soc_091.jpg,9.0,8.0
265,soc_092.jpg,9.0,8.0
265,soc_093.jpg,9.0,8.0
265,soc_094.jpg,8.0,7.0
265,soc_095.jpg,10.0,9.0
265,soc_096.jpg,12.0,11.0
265,soc_097.jpg,9.0,8.0
265,soc_098.jpg,11.0,10.0
265,soc_099.jpg,11.0,10.0
265,soc_100.jpg,11.0,10.0
266,act_001.jpg,12.0,11.0
266,act_002.jpg,16.0,15.0
266,act_003.jpg,13.0,12.0
266,act_004.jpg,13.0,12.0
266,act_005.jpg,14.0,13.0
266,art_006.jpg,11.0,10.0
266,art_007.jpg,9.0,8.0
266,art_008.jpg,14.0,13.0
266,art_009.jpg,15.0,14.0
266,art_010.jpg,11.0,10.0
266,art_011.jpg,11.0,10.0
266,cat_012.jpg,17.0,16.0
266,cat_013.jpg,18.0,17.0
266,cat_014.jpg,11.0,10.0
266,cat_015.jpg,7.0,6.0
266,ind_016.jpg,15.0,14.0
266,ind_017.jpg,14.0,13.0
266,ind_018.jpg,19.0,18.0
266,ind_019.jpg,8.0,7.0
266,ind_020.jpg,6.0,5.0
266,ind_021.jpg,15.0,14.0
266,ind_022.jpg,11.0,10.0
266,ind_023.jpg,10.0,9.0
266,ind_024.jpg,12.0,11.0
266,ind_025.jpg,6.0,5.0
266,land_026.jpg,14.0,13.0
266,land_027.jpg,17.0,16.0
266,land_028.jpg,13.0,12.0
266,land_029.jpg,14.0,13.0
266,land_030.jpg,14.0,13.0
266,low_031.jpg,9.0,8.0
266,low_032.jpg,10.0,9.0
266,low_033.jpg,14.0,13.0
266,low_034.jpg,5.0,4.0
266,low_035.jpg,8.0,7.0
266,low_036.jpg,4.0,3.0
266,mood_37.jpg,15.0,14.0
266,mood_38.jpg,17.0,16.0
266,mood_39.jpg,18.0,17.0
266,mood_40.jpg,14.0,13.0
266,mood_41.jpg,14.0,13.0
266,mood_42.jpg,17.0,16.0
266,mood_43.jpg,12.0,11.0
266,mood_44.jpg,13.0,12.0
266,mood_45.jpg,13.0,12.0
266,mood_46.jpg,14.0,13.0
266,noi_047.jpg,13.0,12.0
266,noi_048.jpg,16.0,15.0
266,noi_049.jpg,17.0,16.0
266,noi_050.jpg,19.0,18.0
266,noi_051.jpg,11.0,10.0
266,noi_052.jpg,16.0,15.0
266,noi_053.jpg,11.0,10.0
266,outman_054.jpg,13.0,12.0
266,outman_055.jpg,12.0,11.0
266,outman_056.jpg,16.0,15.0
266,outman_057.jpg,5.0,4.0
266,outman_058.jpg,12.0,11.0
266,outman_059.jpg,18.0,17.0
266,outman_060.jpg,13.0,12.0
266,outman_061.jpg,12.0,11.0
266,pat_066.jpg,8.0,7.0
266,pat_067.jpg,15.0,14.0
266,pat_068.jpg,15.0,14.0
266,pat_069.jpg,16.0,15.0
266,pat_070.jpg,17.0,16.0
266,patch_062.jpg,7.0,6.0
266,patch_063.jpg,12.0,11.0
266,patch_064.jpg,14.0,13.0
266,patch_065.jpg,9.0,8.0
266,por_071.jpg,10.0,9.0
266,por_072.jpg,15.0,14.0
266,por_073.jpg,15.0,14.0
266,por_074.jpg,15.0,14.0
266,rand_075.jpg,13.0,12.0
266,rand_076.jpg,10.0,9.0
266,rand_077.jpg,14.0,13.0
266,rand_078.jpg,7.0,6.0
266,rand_079.jpg,11.0,10.0
266,sat_080.jpg,6.0,5.0
266,sat_081.jpg,18.0,17.0
266,sat_082.jpg,13.0,12.0
266,sat_083.jpg,11.0,10.0
266,sat_084.jpg,7.0,6.0
266,sat_085.jpg,15.0,14.0
266,sat_086.jpg,11.0,10.0
266,sat_087.jpg,9.0,8.0
266,soc_088.jpg,10.0,9.0
266,soc_089.jpg,7.0,6.0
266,soc_090.jpg,13.0,12.0
266,soc_091.jpg,14.0,13.0
266,soc_092.jpg,10.0,9.0
266,soc_093.jpg,10.0,9.0
266,soc_094.jpg,10.0,9.0
266,soc_095.jpg,11.0,10.0
266,soc_096.jpg,18.0,17.0
266,soc_097.jpg,16.0,15.0
266,soc_098.jpg,10.0,9.0
266,soc_099.jpg,15.0,14.0
266,soc_100.jpg,11.0,10.0
267,act_001.jpg,13.0,12.0
267,act_002.jpg,12.0,11.0
267,act_003.jpg,15.0,14.0
267,act_004.jpg,12.0,11.0
267,act_005.jpg,13.0,12.0
267,art_006.jpg,14.0,13.0
267,art_007.jpg,14.0,13.0
267,art_008.jpg,15.0,14.0
267,art_009.jpg,11.0,10.0
267,art_010.jpg,9.0,8.0
267,art_011.jpg,10.0,9.0
267,cat_012.jpg,17.0,16.0
267,cat_013.jpg,13.0,12.0
267,cat_014.jpg,9.0,8.0
267,cat_015.jpg,10.0,9.0
267,ind_016.jpg,12.0,11.0
267,ind_017.jpg,11.0,10.0
267,ind_018.jpg,13.0,12.0
267,ind_019.jpg,10.0,9.0
267,ind_020.jpg,15.0,14.0
267,ind_021.jpg,12.0,11.0
267,ind_022.jpg,12.0,11.0
267,ind_023.jpg,11.0,10.0
267,ind_024.jpg,14.0,13.0
267,ind_025.jpg,13.0,12.0
267,land_026.jpg,12.0,11.0
267,land_027.jpg,9.0,8.0
267,land_028.jpg,12.0,11.0
267,land_029.jpg,12.0,11.0
267,land_030.jpg,13.0,12.0
267,low_031.jpg,11.0,10.0
267,low_032.jpg,7.0,6.0
267,low_033.jpg,11.0,10.0
267,low_034.jpg,10.0,9.0
267,low_035.jpg,10.0,9.0
267,low_036.jpg,11.0,10.0
267,mood_37.jpg,14.0,13.0
267,mood_38.jpg,13.0,12.0
267,mood_39.jpg,14.0,13.0
267,mood_40.jpg,14.0,13.0
267,mood_41.jpg,16.0,15.0
267,mood_42.jpg,11.0,10.0
267,mood_43.jpg,13.0,12.0
267,mood_44.jpg,15.0,14.0
267,mood_45.jpg,12.0,11.0
267,mood_46.jpg,15.0,14.0
267,noi_047.jpg,12.0,11.0
267,noi_048.jpg,12.0,11.0
267,noi_049.jpg,12.0,11.0
267,noi_050.jpg,12.0,11.0
267,noi_051.jpg,12.0,11.0
267,noi_052.jpg,11.0,10.0
267,noi_053.jpg,12.0,11.0
267,outman_054.jpg,11.0,10.0
267,outman_055.jpg,12.0,11.0
267,outman_056.jpg,14.0,13.0
267,outman_057.jpg,14.0,13.0
267,outman_058.jpg,12.0,11.0
267,outman_059.jpg,13.0,12.0
267,outman_060.jpg,6.0,5.0
267,outman_061.jpg,14.0,13.0
267,pat_066.jpg,12.0,11.0
267,pat_067.jpg,11.0,10.0
267,pat_068.jpg,12.0,11.0
267,pat_069.jpg,10.0,9.0
267,pat_070.jpg,13.0,12.0
267,patch_062.jpg,11.0,10.0
267,patch_063.jpg,11.0,10.0
267,patch_064.jpg,13.0,12.0
267,patch_065.jpg,11.0,10.0
267,por_071.jpg,12.0,11.0
267,por_072.jpg,13.0,12.0
267,por_073.jpg,13.0,12.0
267,por_074.jpg,9.0,8.0
267,rand_075.jpg,11.0,10.0
267,rand_076.jpg,11.0,10.0
267,rand_077.jpg,10.0,9.0
267,rand_078.jpg,11.0,10.0
267,rand_079.jpg,9.0,8.0
267,sat_080.jpg,12.0,11.0
267,sat_081.jpg,10.0,9.0
267,sat_082.jpg,12.0,11.0
267,sat_083.jpg,10.0,9.0
267,sat_084.jpg,9.0,8.0
267,sat_085.jpg,14.0,13.0
267,sat_086.jpg,13.0,12.0
267,sat_087.jpg,12.0,11.0
267,soc_088.jpg,11.0,10.0
267,soc_089.jpg,15.0,14.0
267,soc_090.jpg,15.0,14.0
267,soc_091.jpg,14.0,13.0
267,soc_092.jpg,16.0,15.0
267,soc_093.jpg,11.0,10.0
267,soc_094.jpg,13.0,12.0
267,soc_095.jpg,11.0,10.0
267,soc_096.jpg,12.0,11.0
267,soc_097.jpg,11.0,10.0
267,soc_098.jpg,15.0,14.0
267,soc_099.jpg,11.0,10.0
267,soc_100.jpg,14.0,13.0
268,act_001.jpg,12.0,11.0
268,act_002.jpg,15.0,14.0
268,act_003.jpg,15.0,14.0
268,act_004.jpg,13.0,12.0
268,act_005.jpg,16.0,15.0
268,art_006.jpg,9.0,8.0
268,art_007.jpg,5.0,4.0
268,art_008.jpg,2.0,1.0
268,art_009.jpg,11.0,10.0
268,art_010.jpg,15.0,14.0
268,art_011.jpg,12.0,11.0
268,cat_012.jpg,13.0,12.0
268,cat_013.jpg,10.0,9.0
268,cat_014.jpg,11.0,10.0
268,cat_015.jpg,,
268,ind_016.jpg,13.0,12.0
268,ind_017.jpg,13.0,12.0
268,ind_018.jpg,9.0,8.0
268,ind_019.jpg,11.0,10.0
268,ind_020.jpg,11.0,10.0
268,ind_021.jpg,11.0,10.0
268,ind_022.jpg,9.0,8.0
268,ind_023.jpg,1.0,0.0
268,ind_024.jpg,13.0,12.0
268,ind_025.jpg,6.0,5.0
268,land_026.jpg,10.0,9.0
268,land_027.jpg,9.0,8.0
268,land_028.jpg,11.0,10.0
268,land_029.jpg,10.0,9.0
268,land_030.jpg,8.0,7.0
268,low_031.jpg,7.0,6.0
268,low_032.jpg,1.0,0.0
268,low_033.jpg,13.0,12.0
268,low_034.jpg,,
268,low_035.jpg,9.0,8.0
268,low_036.jpg,6.0,5.0
268,mood_37.jpg,14.0,13.0
268,mood_38.jpg,12.0,11.0
268,mood_39.jpg,16.0,15.0
268,mood_40.jpg,7.0,6.0
268,mood_41.jpg,17.0,16.0
268,mood_42.jpg,15.0,14.0
268,mood_43.jpg,16.0,15.0
268,mood_44.jpg,8.0,7.0
268,mood_45.jpg,13.0,12.0
268,mood_46.jpg,16.0,15.0
268,noi_047.jpg,15.0,14.0
268,noi_048.jpg,4.0,3.0
268,noi_049.jpg,6.0,5.0
268,noi_050.jpg,8.0,7.0
268,noi_051.jpg,8.0,7.0
268,noi_052.jpg,7.0,6.0
268,noi_053.jpg,9.0,8.0
268,outman_054.jpg,14.0,13.0
268,outman_055.jpg,1.0,0.0
268,outman_056.jpg,9.0,8.0
268,outman_057.jpg,13.0,12.0
268,outman_058.jpg,7.0,6.0
268,outman_059.jpg,12.0,11.0
268,outman_060.jpg,8.0,7.0
268,outman_061.jpg,12.0,11.0
268,pat_066.jpg,10.0,9.0
268,pat_067.jpg,6.0,5.0
268,pat_068.jpg,8.0,7.0
268,pat_069.jpg,17.0,16.0
268,pat_070.jpg,15.0,14.0
268,patch_062.jpg,15.0,14.0
268,patch_063.jpg,12.0,11.0
268,patch_064.jpg,13.0,12.0
268,patch_065.jpg,9.0,8.0
268,por_071.jpg,13.0,12.0
268,por_072.jpg,15.0,14.0
268,por_073.jpg,13.0,12.0
268,por_074.jpg,11.0,10.0
268,rand_075.jpg,12.0,11.0
268,rand_076.jpg,12.0,11.0
268,rand_077.jpg,3.0,2.0
268,rand_078.jpg,12.0,11.0
268,rand_079.jpg,8.0,7.0
268,sat_080.jpg,8.0,7.0
268,sat_081.jpg,18.0,17.0
268,sat_082.jpg,16.0,15.0
268,sat_083.jpg,10.0,9.0
268,sat_084.jpg,9.0,8.0
268,sat_085.jpg,15.0,14.0
268,sat_086.jpg,10.0,9.0
268,sat_087.jpg,7.0,6.0
268,soc_088.jpg,13.0,12.0
268,soc_089.jpg,16.0,15.0
268,soc_090.jpg,12.0,11.0
268,soc_091.jpg,17.0,16.0
268,soc_092.jpg,14.0,13.0
268,soc_093.jpg,9.0,8.0
268,soc_094.jpg,15.0,14.0
268,soc_095.jpg,14.0,13.0
268,soc_096.jpg,13.0,12.0
268,soc_097.jpg,14.0,13.0
268,soc_098.jpg,10.0,9.0
268,soc_099.jpg,15.0,14.0
268,soc_100.jpg,13.0,12.0
269,act_001.jpg,10.0,9.0
269,act_002.jpg,9.0,8.0
269,act_003.jpg,13.0,12.0
269,act_004.jpg,11.0,10.0
269,act_005.jpg,13.0,12.0
269,art_006.jpg,12.0,11.0
269,art_007.jpg,12.0,11.0
269,art_008.jpg,12.0,11.0
269,art_009.jpg,12.0,11.0
269,art_010.jpg,9.0,8.0
269,art_011.jpg,10.0,9.0
269,cat_012.jpg,10.0,9.0
269,cat_013.jpg,13.0,12.0
269,cat_014.jpg,13.0,12.0
269,cat_015.jpg,12.0,11.0
269,ind_016.jpg,12.0,11.0
269,ind_017.jpg,12.0,11.0
269,ind_018.jpg,10.0,9.0
269,ind_019.jpg,11.0,10.0
269,ind_020.jpg,11.0,10.0
269,ind_021.jpg,5.0,4.0
269,ind_022.jpg,11.0,10.0
269,ind_023.jpg,11.0,10.0
269,ind_024.jpg,9.0,8.0
269,ind_025.jpg,13.0,12.0
269,land_026.jpg,11.0,10.0
269,land_027.jpg,6.0,5.0
269,land_028.jpg,13.0,12.0
269,land_029.jpg,9.0,8.0
269,land_030.jpg,10.0,9.0
269,low_031.jpg,8.0,7.0
269,low_032.jpg,9.0,8.0
269,low_033.jpg,10.0,9.0
269,low_034.jpg,8.0,7.0
269,low_035.jpg,5.0,4.0
269,low_036.jpg,5.0,4.0
269,mood_37.jpg,13.0,12.0
269,mood_38.jpg,13.0,12.0
269,mood_39.jpg,12.0,11.0
269,mood_40.jpg,7.0,6.0
269,mood_41.jpg,13.0,12.0
269,mood_42.jpg,14.0,13.0
269,mood_43.jpg,16.0,15.0
269,mood_44.jpg,14.0,13.0
269,mood_45.jpg,8.0,7.0
269,mood_46.jpg,16.0,15.0
269,noi_047.jpg,9.0,8.0
269,noi_048.jpg,13.0,12.0
269,noi_049.jpg,11.0,10.0
269,noi_050.jpg,11.0,10.0
269,noi_051.jpg,10.0,9.0
269,noi_052.jpg,11.0,10.0
269,noi_053.jpg,8.0,7.0
269,outman_054.jpg,9.0,8.0
269,outman_055.jpg,11.0,10.0
269,outman_056.jpg,11.0,10.0
269,outman_057.jpg,11.0,10.0
269,outman_058.jpg,12.0,11.0
269,outman_059.jpg,11.0,10.0
269,outman_060.jpg,8.0,7.0
269,outman_061.jpg,13.0,12.0
269,pat_066.jpg,12.0,11.0
269,pat_067.jpg,10.0,9.0
269,pat_068.jpg,6.0,5.0
269,pat_069.jpg,9.0,8.0
269,pat_070.jpg,8.0,7.0
269,patch_062.jpg,13.0,12.0
269,patch_063.jpg,12.0,11.0
269,patch_064.jpg,10.0,9.0
269,patch_065.jpg,12.0,11.0
269,por_071.jpg,10.0,9.0
269,por_072.jpg,14.0,13.0
269,por_073.jpg,12.0,11.0
269,por_074.jpg,10.0,9.0
269,rand_075.jpg,11.0,10.0
269,rand_076.jpg,11.0,10.0
269,rand_077.jpg,11.0,10.0
269,rand_078.jpg,11.0,10.0
269,rand_079.jpg,8.0,7.0
269,sat_080.jpg,10.0,9.0
269,sat_081.jpg,11.0,10.0
269,sat_082.jpg,12.0,11.0
269,sat_083.jpg,12.0,11.0
269,sat_084.jpg,14.0,13.0
269,sat_085.jpg,11.0,10.0
269,sat_086.jpg,12.0,11.0
269,sat_087.jpg,7.0,6.0
269,soc_088.jpg,13.0,12.0
269,soc_089.jpg,12.0,11.0
269,soc_090.jpg,13.0,12.0
269,soc_091.jpg,13.0,12.0
269,soc_092.jpg,11.0,10.0
269,soc_093.jpg,12.0,11.0
269,soc_094.jpg,12.0,11.0
269,soc_095.jpg,8.0,7.0
269,soc_096.jpg,2.0,1.0
269,soc_097.jpg,13.0,12.0
269,soc_098.jpg,13.0,12.0
269,soc_099.jpg,12.0,11.0
269,soc_100.jpg,10.0,9.0
270,act_001.jpg,16.0,15.0
270,act_002.jpg,14.0,13.0
270,act_003.jpg,18.0,17.0
270,act_004.jpg,17.0,16.0
270,act_005.jpg,16.0,15.0
270,art_006.jpg,19.0,18.0
270,art_007.jpg,14.0,13.0
270,art_008.jpg,14.0,13.0
270,art_009.jpg,17.0,16.0
270,art_010.jpg,17.0,16.0
270,art_011.jpg,16.0,15.0
270,cat_012.jpg,15.0,14.0
270,cat_013.jpg,,
270,cat_014.jpg,9.0,8.0
270,cat_015.jpg,18.0,17.0
270,ind_016.jpg,13.0,12.0
270,ind_017.jpg,,
270,ind_018.jpg,17.0,16.0
270,ind_019.jpg,15.0,14.0
270,ind_020.jpg,15.0,14.0
270,ind_021.jpg,16.0,15.0
270,ind_022.jpg,15.0,14.0
270,ind_023.jpg,16.0,15.0
270,ind_024.jpg,15.0,14.0
270,ind_025.jpg,18.0,17.0
270,land_026.jpg,17.0,16.0
270,land_027.jpg,13.0,12.0
270,land_028.jpg,2.0,1.0
270,land_029.jpg,15.0,14.0
270,land_030.jpg,14.0,13.0
270,low_031.jpg,8.0,7.0
270,low_032.jpg,13.0,12.0
270,low_033.jpg,12.0,11.0
270,low_034.jpg,7.0,6.0
270,low_035.jpg,13.0,12.0
270,low_036.jpg,14.0,13.0
270,mood_37.jpg,17.0,16.0
270,mood_38.jpg,12.0,11.0
270,mood_39.jpg,19.0,18.0
270,mood_40.jpg,14.0,13.0
270,mood_41.jpg,19.0,18.0
270,mood_42.jpg,18.0,17.0
270,mood_43.jpg,16.0,15.0
270,mood_44.jpg,19.0,18.0
270,mood_45.jpg,17.0,16.0
270,mood_46.jpg,17.0,16.0
270,noi_047.jpg,13.0,12.0
270,noi_048.jpg,6.0,5.0
270,noi_049.jpg,19.0,18.0
270,noi_050.jpg,13.0,12.0
270,noi_051.jpg,15.0,14.0
270,noi_052.jpg,17.0,16.0
270,noi_053.jpg,12.0,11.0
270,outman_054.jpg,16.0,15.0
270,outman_055.jpg,17.0,16.0
270,outman_056.jpg,10.0,9.0
270,outman_057.jpg,17.0,16.0
270,outman_058.jpg,11.0,10.0
270,outman_059.jpg,11.0,10.0
270,outman_060.jpg,12.0,11.0
270,outman_061.jpg,18.0,17.0
270,pat_066.jpg,10.0,9.0
270,pat_067.jpg,10.0,9.0
270,pat_068.jpg,17.0,16.0
270,pat_069.jpg,14.0,13.0
270,pat_070.jpg,11.0,10.0
270,patch_062.jpg,12.0,11.0
270,patch_063.jpg,15.0,14.0
270,patch_064.jpg,13.0,12.0
270,patch_065.jpg,14.0,13.0
270,por_071.jpg,18.0,17.0
270,por_072.jpg,18.0,17.0
270,por_073.jpg,16.0,15.0
270,por_074.jpg,16.0,15.0
270,rand_075.jpg,16.0,15.0
270,rand_076.jpg,15.0,14.0
270,rand_077.jpg,15.0,14.0
270,rand_078.jpg,16.0,15.0
270,rand_079.jpg,19.0,18.0
270,sat_080.jpg,4.0,3.0
270,sat_081.jpg,13.0,12.0
270,sat_082.jpg,19.0,18.0
270,sat_083.jpg,12.0,11.0
270,sat_084.jpg,15.0,14.0
270,sat_085.jpg,17.0,16.0
270,sat_086.jpg,16.0,15.0
270,sat_087.jpg,14.0,13.0
270,soc_088.jpg,16.0,15.0
270,soc_089.jpg,15.0,14.0
270,soc_090.jpg,16.0,15.0
270,soc_091.jpg,16.0,15.0
270,soc_092.jpg,14.0,13.0
270,soc_093.jpg,15.0,14.0
270,soc_094.jpg,17.0,16.0
270,soc_095.jpg,17.0,16.0
270,soc_096.jpg,15.0,14.0
270,soc_097.jpg,14.0,13.0
270,soc_098.jpg,18.0,17.0
270,soc_099.jpg,19.0,18.0
270,soc_100.jpg,16.0,15.0
271,act_001.jpg,15.0,14.0
271,act_002.jpg,13.0,12.0
271,act_003.jpg,18.0,17.0
271,act_004.jpg,14.0,13.0
271,act_005.jpg,16.0,15.0
271,art_006.jpg,14.0,13.0
271,art_007.jpg,13.0,12.0
271,art_008.jpg,16.0,15.0
271,art_009.jpg,13.0,12.0
271,art_010.jpg,13.0,12.0
271,art_011.jpg,15.0,14.0
271,cat_012.jpg,14.0,13.0
271,cat_013.jpg,12.0,11.0
271,cat_014.jpg,17.0,16.0
271,cat_015.jpg,15.0,14.0
271,ind_016.jpg,15.0,14.0
271,ind_017.jpg,15.0,14.0
271,ind_018.jpg,11.0,10.0
271,ind_019.jpg,14.0,13.0
271,ind_020.jpg,11.0,10.0
271,ind_021.jpg,17.0,16.0
271,ind_022.jpg,13.0,12.0
271,ind_023.jpg,14.0,13.0
271,ind_024.jpg,16.0,15.0
271,ind_025.jpg,11.0,10.0
271,land_026.jpg,17.0,16.0
271,land_027.jpg,15.0,14.0
271,land_028.jpg,16.0,15.0
271,land_029.jpg,14.0,13.0
271,land_030.jpg,8.0,7.0
271,low_031.jpg,11.0,10.0
271,low_032.jpg,12.0,11.0
271,low_033.jpg,13.0,12.0
271,low_034.jpg,11.0,10.0
271,low_035.jpg,14.0,13.0
271,low_036.jpg,13.0,12.0
271,mood_37.jpg,17.0,16.0
271,mood_38.jpg,15.0,14.0
271,mood_39.jpg,15.0,14.0
271,mood_40.jpg,18.0,17.0
271,mood_41.jpg,17.0,16.0
271,mood_42.jpg,17.0,16.0
271,mood_43.jpg,14.0,13.0
271,mood_44.jpg,18.0,17.0
271,mood_45.jpg,17.0,16.0
271,mood_46.jpg,15.0,14.0
271,noi_047.jpg,15.0,14.0
271,noi_048.jpg,13.0,12.0
271,noi_049.jpg,13.0,12.0
271,noi_050.jpg,8.0,7.0
271,noi_051.jpg,11.0,10.0
271,noi_052.jpg,12.0,11.0
271,noi_053.jpg,12.0,11.0
271,outman_054.jpg,9.0,8.0
271,outman_055.jpg,10.0,9.0
271,outman_056.jpg,12.0,11.0
271,outman_057.jpg,15.0,14.0
271,outman_058.jpg,12.0,11.0
271,outman_059.jpg,13.0,12.0
271,outman_060.jpg,10.0,9.0
271,outman_061.jpg,14.0,13.0
271,pat_066.jpg,9.0,8.0
271,pat_067.jpg,12.0,11.0
271,pat_068.jpg,11.0,10.0
271,pat_069.jpg,10.0,9.0
271,pat_070.jpg,18.0,17.0
271,patch_062.jpg,10.0,9.0
271,patch_063.jpg,14.0,13.0
271,patch_064.jpg,14.0,13.0
271,patch_065.jpg,8.0,7.0
271,por_071.jpg,13.0,12.0
271,por_072.jpg,14.0,13.0
271,por_073.jpg,15.0,14.0
271,por_074.jpg,12.0,11.0
271,rand_075.jpg,10.0,9.0
271,rand_076.jpg,13.0,12.0
271,rand_077.jpg,11.0,10.0
271,rand_078.jpg,12.0,11.0
271,rand_079.jpg,12.0,11.0
271,sat_080.jpg,9.0,8.0
271,sat_081.jpg,16.0,15.0
271,sat_082.jpg,10.0,9.0
271,sat_083.jpg,16.0,15.0
271,sat_084.jpg,,
271,sat_085.jpg,12.0,11.0
271,sat_086.jpg,8.0,7.0
271,sat_087.jpg,14.0,13.0
271,soc_088.jpg,13.0,12.0
271,soc_089.jpg,17.0,16.0
271,soc_090.jpg,14.0,13.0
271,soc_091.jpg,15.0,14.0
271,soc_092.jpg,9.0,8.0
271,soc_093.jpg,12.0,11.0
271,soc_094.jpg,16.0,15.0
271,soc_095.jpg,17.0,16.0
271,soc_096.jpg,15.0,14.0
271,soc_097.jpg,14.0,13.0
271,soc_098.jpg,17.0,16.0
271,soc_099.jpg,17.0,16.0
271,soc_100.jpg,17.0,16.0
273,act_001.jpg,8.0,7.0
273,act_002.jpg,16.0,15.0
273,act_003.jpg,15.0,14.0
273,act_004.jpg,13.0,12.0
273,act_005.jpg,8.0,7.0
273,art_006.jpg,13.0,12.0
273,art_007.jpg,16.0,15.0
273,art_008.jpg,14.0,13.0
273,art_009.jpg,17.0,16.0
273,art_010.jpg,8.0,7.0
273,art_011.jpg,6.0,5.0
273,cat_012.jpg,9.0,8.0
273,cat_013.jpg,13.0,12.0
273,cat_014.jpg,16.0,15.0
273,cat_015.jpg,7.0,6.0
273,ind_016.jpg,9.0,8.0
273,ind_017.jpg,14.0,13.0
273,ind_018.jpg,14.0,13.0
273,ind_019.jpg,9.0,8.0
273,ind_020.jpg,11.0,10.0
273,ind_021.jpg,15.0,14.0
273,ind_022.jpg,15.0,14.0
273,ind_023.jpg,9.0,8.0
273,ind_024.jpg,18.0,17.0
273,ind_025.jpg,15.0,14.0
273,land_026.jpg,16.0,15.0
273,land_027.jpg,10.0,9.0
273,land_028.jpg,15.0,14.0
273,land_029.jpg,14.0,13.0
273,land_030.jpg,10.0,9.0
273,low_031.jpg,7.0,6.0
273,low_032.jpg,15.0,14.0
273,low_033.jpg,8.0,7.0
273,low_034.jpg,9.0,8.0
273,low_035.jpg,12.0,11.0
273,low_036.jpg,12.0,11.0
273,mood_37.jpg,12.0,11.0
273,mood_38.jpg,17.0,16.0
273,mood_39.jpg,17.0,16.0
273,mood_40.jpg,15.0,14.0
273,mood_41.jpg,17.0,16.0
273,mood_42.jpg,12.0,11.0
273,mood_43.jpg,17.0,16.0
273,mood_44.jpg,15.0,14.0
273,mood_45.jpg,16.0,15.0
273,mood_46.jpg,15.0,14.0
273,noi_047.jpg,17.0,16.0
273,noi_048.jpg,17.0,16.0
273,noi_049.jpg,9.0,8.0
273,noi_050.jpg,11.0,10.0
273,noi_051.jpg,14.0,13.0
273,noi_052.jpg,12.0,11.0
273,noi_053.jpg,11.0,10.0
273,outman_054.jpg,11.0,10.0
273,outman_055.jpg,14.0,13.0
273,outman_056.jpg,13.0,12.0
273,outman_057.jpg,13.0,12.0
273,outman_058.jpg,10.0,9.0
273,outman_059.jpg,16.0,15.0
273,outman_060.jpg,14.0,13.0
273,outman_061.jpg,14.0,13.0
273,pat_066.jpg,17.0,16.0
273,pat_067.jpg,14.0,13.0
273,pat_068.jpg,15.0,14.0
273,pat_069.jpg,12.0,11.0
273,pat_070.jpg,12.0,11.0
273,patch_062.jpg,14.0,13.0
273,patch_063.jpg,10.0,9.0
273,patch_064.jpg,11.0,10.0
273,patch_065.jpg,13.0,12.0
273,por_071.jpg,14.0,13.0
273,por_072.jpg,15.0,14.0
273,por_073.jpg,16.0,15.0
273,por_074.jpg,14.0,13.0
273,rand_075.jpg,8.0,7.0
273,rand_076.jpg,7.0,6.0
273,rand_077.jpg,12.0,11.0
273,rand_078.jpg,14.0,13.0
273,rand_079.jpg,13.0,12.0
273,sat_080.jpg,10.0,9.0
273,sat_081.jpg,16.0,15.0
273,sat_082.jpg,15.0,14.0
273,sat_083.jpg,12.0,11.0
273,sat_084.jpg,6.0,5.0
273,sat_085.jpg,16.0,15.0
273,sat_086.jpg,17.0,16.0
273,sat_087.jpg,13.0,12.0
273,soc_088.jpg,11.0,10.0
273,soc_089.jpg,19.0,18.0
273,soc_090.jpg,12.0,11.0
273,soc_091.jpg,14.0,13.0
273,soc_092.jpg,11.0,10.0
273,soc_093.jpg,12.0,11.0
273,soc_094.jpg,15.0,14.0
273,soc_095.jpg,15.0,14.0
273,soc_096.jpg,13.0,12.0
273,soc_097.jpg,12.0,11.0
273,soc_098.jpg,15.0,14.0
273,soc_099.jpg,10.0,9.0
273,soc_100.jpg,15.0,14.0
274,act_001.jpg,10.0,9.0
274,act_002.jpg,18.0,17.0
274,act_003.jpg,12.0,11.0
274,act_004.jpg,6.0,5.0
274,act_005.jpg,15.0,14.0
274,art_006.jpg,6.0,5.0
274,art_007.jpg,10.0,9.0
274,art_008.jpg,8.0,7.0
274,art_009.jpg,14.0,13.0
274,art_010.jpg,11.0,10.0
274,art_011.jpg,10.0,9.0
274,cat_012.jpg,13.0,12.0
274,cat_013.jpg,13.0,12.0
274,cat_014.jpg,14.0,13.0
274,cat_015.jpg,5.0,4.0
274,ind_016.jpg,8.0,7.0
274,ind_017.jpg,11.0,10.0
274,ind_018.jpg,12.0,11.0
274,ind_019.jpg,14.0,13.0
274,ind_020.jpg,8.0,7.0
274,ind_021.jpg,12.0,11.0
274,ind_022.jpg,12.0,11.0
274,ind_023.jpg,10.0,9.0
274,ind_024.jpg,11.0,10.0
274,ind_025.jpg,15.0,14.0
274,land_026.jpg,8.0,7.0
274,land_027.jpg,14.0,13.0
274,land_028.jpg,9.0,8.0
274,land_029.jpg,12.0,11.0
274,land_030.jpg,2.0,1.0
274,low_031.jpg,8.0,7.0
274,low_032.jpg,8.0,7.0
274,low_033.jpg,11.0,10.0
274,low_034.jpg,9.0,8.0
274,low_035.jpg,8.0,7.0
274,low_036.jpg,3.0,2.0
274,mood_37.jpg,14.0,13.0
274,mood_38.jpg,15.0,14.0
274,mood_39.jpg,14.0,13.0
274,mood_40.jpg,14.0,13.0
274,mood_41.jpg,15.0,14.0
274,mood_42.jpg,13.0,12.0
274,mood_43.jpg,13.0,12.0
274,mood_44.jpg,14.0,13.0
274,mood_45.jpg,16.0,15.0
274,mood_46.jpg,16.0,15.0
274,noi_047.jpg,10.0,9.0
274,noi_048.jpg,3.0,2.0
274,noi_049.jpg,10.0,9.0
274,noi_050.jpg,12.0,11.0
274,noi_051.jpg,7.0,6.0
274,noi_052.jpg,2.0,1.0
274,noi_053.jpg,8.0,7.0
274,outman_054.jpg,9.0,8.0
274,outman_055.jpg,11.0,10.0
274,outman_056.jpg,14.0,13.0
274,outman_057.jpg,13.0,12.0
274,outman_058.jpg,8.0,7.0
274,outman_059.jpg,11.0,10.0
274,outman_060.jpg,9.0,8.0
274,outman_061.jpg,9.0,8.0
274,pat_066.jpg,6.0,5.0
274,pat_067.jpg,11.0,10.0
274,pat_068.jpg,10.0,9.0
274,pat_069.jpg,8.0,7.0
274,pat_070.jpg,3.0,2.0
274,patch_062.jpg,7.0,6.0
274,patch_063.jpg,13.0,12.0
274,patch_064.jpg,8.0,7.0
274,patch_065.jpg,13.0,12.0
274,por_071.jpg,10.0,9.0
274,por_072.jpg,10.0,9.0
274,por_073.jpg,9.0,8.0
274,por_074.jpg,9.0,8.0
274,rand_075.jpg,12.0,11.0
274,rand_076.jpg,8.0,7.0
274,rand_077.jpg,9.0,8.0
274,rand_078.jpg,7.0,6.0
274,rand_079.jpg,12.0,11.0
274,sat_080.jpg,13.0,12.0
274,sat_081.jpg,11.0,10.0
274,sat_082.jpg,12.0,11.0
274,sat_083.jpg,12.0,11.0
274,sat_084.jpg,11.0,10.0
274,sat_085.jpg,11.0,10.0
274,sat_086.jpg,10.0,9.0
274,sat_087.jpg,11.0,10.0
274,soc_088.jpg,9.0,8.0
274,soc_089.jpg,10.0,9.0
274,soc_090.jpg,10.0,9.0
274,soc_091.jpg,9.0,8.0
274,soc_092.jpg,14.0,13.0
274,soc_093.jpg,13.0,12.0
274,soc_094.jpg,11.0,10.0
274,soc_095.jpg,11.0,10.0
274,soc_096.jpg,14.0,13.0
274,soc_097.jpg,12.0,11.0
274,soc_098.jpg,13.0,12.0
274,soc_099.jpg,13.0,12.0
274,soc_100.jpg,12.0,11.0
275,act_001.jpg,14.0,13.0
275,act_002.jpg,17.0,16.0
275,act_003.jpg,18.0,17.0
275,act_004.jpg,17.0,16.0
275,act_005.jpg,16.0,15.0
275,art_006.jpg,19.0,18.0
275,art_007.jpg,18.0,17.0
275,art_008.jpg,16.0,15.0
275,art_009.jpg,16.0,15.0
275,art_010.jpg,15.0,14.0
275,art_011.jpg,16.0,15.0
275,cat_012.jpg,16.0,15.0
275,cat_013.jpg,16.0,15.0
275,cat_014.jpg,20.0,19.0
275,cat_015.jpg,19.0,18.0
275,ind_016.jpg,16.0,15.0
275,ind_017.jpg,15.0,14.0
275,ind_018.jpg,15.0,14.0
275,ind_019.jpg,16.0,15.0
275,ind_020.jpg,16.0,15.0
275,ind_021.jpg,16.0,15.0
275,ind_022.jpg,17.0,16.0
275,ind_023.jpg,16.0,15.0
275,ind_024.jpg,17.0,16.0
275,ind_025.jpg,12.0,11.0
275,land_026.jpg,16.0,15.0
275,land_027.jpg,13.0,12.0
275,land_028.jpg,10.0,9.0
275,land_029.jpg,17.0,16.0
275,land_030.jpg,16.0,15.0
275,low_031.jpg,18.0,17.0
275,low_032.jpg,14.0,13.0
275,low_033.jpg,18.0,17.0
275,low_034.jpg,15.0,14.0
275,low_035.jpg,13.0,12.0
275,low_036.jpg,15.0,14.0
275,mood_37.jpg,14.0,13.0
275,mood_38.jpg,19.0,18.0
275,mood_39.jpg,17.0,16.0
275,mood_40.jpg,15.0,14.0
275,mood_41.jpg,18.0,17.0
275,mood_42.jpg,18.0,17.0
275,mood_43.jpg,19.0,18.0
275,mood_44.jpg,18.0,17.0
275,mood_45.jpg,15.0,14.0
275,mood_46.jpg,17.0,16.0
275,noi_047.jpg,17.0,16.0
275,noi_048.jpg,14.0,13.0
275,noi_049.jpg,11.0,10.0
275,noi_050.jpg,16.0,15.0
275,noi_051.jpg,18.0,17.0
275,noi_052.jpg,16.0,15.0
275,noi_053.jpg,8.0,7.0
275,outman_054.jpg,15.0,14.0
275,outman_055.jpg,17.0,16.0
275,outman_056.jpg,16.0,15.0
275,outman_057.jpg,16.0,15.0
275,outman_058.jpg,16.0,15.0
275,outman_059.jpg,17.0,16.0
275,outman_060.jpg,15.0,14.0
275,outman_061.jpg,17.0,16.0
275,pat_066.jpg,15.0,14.0
275,pat_067.jpg,19.0,18.0
275,pat_068.jpg,17.0,16.0
275,pat_069.jpg,15.0,14.0
275,pat_070.jpg,17.0,16.0
275,patch_062.jpg,16.0,15.0
275,patch_063.jpg,13.0,12.0
275,patch_064.jpg,12.0,11.0
275,patch_065.jpg,17.0,16.0
275,por_071.jpg,14.0,13.0
275,por_072.jpg,12.0,11.0
275,por_073.jpg,15.0,14.0
275,por_074.jpg,14.0,13.0
275,rand_075.jpg,17.0,16.0
275,rand_076.jpg,16.0,15.0
275,rand_077.jpg,11.0,10.0
275,rand_078.jpg,14.0,13.0
275,rand_079.jpg,17.0,16.0
275,sat_080.jpg,18.0,17.0
275,sat_081.jpg,9.0,8.0
275,sat_082.jpg,17.0,16.0
275,sat_083.jpg,5.0,4.0
275,sat_084.jpg,16.0,15.0
275,sat_085.jpg,21.0,20.0
275,sat_086.jpg,15.0,14.0
275,sat_087.jpg,16.0,15.0
275,soc_088.jpg,17.0,16.0
275,soc_089.jpg,11.0,10.0
275,soc_090.jpg,14.0,13.0
275,soc_091.jpg,16.0,15.0
275,soc_092.jpg,14.0,13.0
275,soc_093.jpg,10.0,9.0
275,soc_094.jpg,15.0,14.0
275,soc_095.jpg,15.0,14.0
275,soc_096.jpg,16.0,15.0
275,soc_097.jpg,15.0,14.0
275,soc_098.jpg,16.0,15.0
275,soc_099.jpg,16.0,15.0
275,soc_100.jpg,16.0,15.0
276,act_001.jpg,12.0,11.0
276,act_002.jpg,15.0,14.0
276,act_003.jpg,17.0,16.0
276,act_004.jpg,17.0,16.0
276,act_005.jpg,16.0,15.0
276,art_006.jpg,13.0,12.0
276,art_007.jpg,17.0,16.0
276,art_008.jpg,11.0,10.0
276,art_009.jpg,12.0,11.0
276,art_010.jpg,17.0,16.0
276,art_011.jpg,9.0,8.0
276,cat_012.jpg,15.0,14.0
276,cat_013.jpg,12.0,11.0
276,cat_014.jpg,18.0,17.0
276,cat_015.jpg,21.0,20.0
276,ind_016.jpg,7.0,6.0
276,ind_017.jpg,16.0,15.0
276,ind_018.jpg,13.0,12.0
276,ind_019.jpg,16.0,15.0
276,ind_020.jpg,16.0,15.0
276,ind_021.jpg,1.0,0.0
276,ind_022.jpg,17.0,16.0
276,ind_023.jpg,10.0,9.0
276,ind_024.jpg,16.0,15.0
276,ind_025.jpg,14.0,13.0
276,land_026.jpg,11.0,10.0
276,land_027.jpg,15.0,14.0
276,land_028.jpg,15.0,14.0
276,land_029.jpg,17.0,16.0
276,land_030.jpg,13.0,12.0
276,low_031.jpg,12.0,11.0
276,low_032.jpg,12.0,11.0
276,low_033.jpg,15.0,14.0
276,low_034.jpg,15.0,14.0
276,low_035.jpg,10.0,9.0
276,low_036.jpg,14.0,13.0
276,mood_37.jpg,19.0,18.0
276,mood_38.jpg,14.0,13.0
276,mood_39.jpg,16.0,15.0
276,mood_40.jpg,11.0,10.0
276,mood_41.jpg,20.0,19.0
276,mood_42.jpg,18.0,17.0
276,mood_43.jpg,21.0,20.0
276,mood_44.jpg,14.0,13.0
276,mood_45.jpg,13.0,12.0
276,mood_46.jpg,13.0,12.0
276,noi_047.jpg,13.0,12.0
276,noi_048.jpg,16.0,15.0
276,noi_049.jpg,14.0,13.0
276,noi_050.jpg,10.0,9.0
276,noi_051.jpg,11.0,10.0
276,noi_052.jpg,8.0,7.0
276,noi_053.jpg,15.0,14.0
276,outman_054.jpg,9.0,8.0
276,outman_055.jpg,15.0,14.0
276,outman_056.jpg,17.0,16.0
276,outman_057.jpg,6.0,5.0
276,outman_058.jpg,14.0,13.0
276,outman_059.jpg,16.0,15.0
276,outman_060.jpg,13.0,12.0
276,outman_061.jpg,18.0,17.0
276,pat_066.jpg,17.0,16.0
276,pat_067.jpg,14.0,13.0
276,pat_068.jpg,16.0,15.0
276,pat_069.jpg,19.0,18.0
276,pat_070.jpg,11.0,10.0
276,patch_062.jpg,17.0,16.0
276,patch_063.jpg,12.0,11.0
276,patch_064.jpg,14.0,13.0
276,patch_065.jpg,15.0,14.0
276,por_071.jpg,18.0,17.0
276,por_072.jpg,17.0,16.0
276,por_073.jpg,20.0,19.0
276,por_074.jpg,16.0,15.0
276,rand_075.jpg,13.0,12.0
276,rand_076.jpg,11.0,10.0
276,rand_077.jpg,12.0,11.0
276,rand_078.jpg,16.0,15.0
276,rand_079.jpg,14.0,13.0
276,sat_080.jpg,20.0,19.0
276,sat_081.jpg,15.0,14.0
276,sat_082.jpg,14.0,13.0
276,sat_083.jpg,16.0,15.0
276,sat_084.jpg,17.0,16.0
276,sat_085.jpg,14.0,13.0
276,sat_086.jpg,18.0,17.0
276,sat_087.jpg,16.0,15.0
276,soc_088.jpg,15.0,14.0
276,soc_089.jpg,12.0,11.0
276,soc_090.jpg,14.0,13.0
276,soc_091.jpg,15.0,14.0
276,soc_092.jpg,11.0,10.0
276,soc_093.jpg,15.0,14.0
276,soc_094.jpg,16.0,15.0
276,soc_095.jpg,15.0,14.0
276,soc_096.jpg,12.0,11.0
276,soc_097.jpg,16.0,15.0
276,soc_098.jpg,21.0,20.0
276,soc_099.jpg,16.0,15.0
276,soc_100.jpg,16.0,15.0
278,act_001.jpg,13.0,12.0
278,act_002.jpg,14.0,13.0
278,act_003.jpg,11.0,10.0
278,act_004.jpg,9.0,8.0
278,act_005.jpg,9.0,8.0
278,art_006.jpg,9.0,8.0
278,art_007.jpg,10.0,9.0
278,art_008.jpg,11.0,10.0
278,art_009.jpg,11.0,10.0
278,art_010.jpg,13.0,12.0
278,art_011.jpg,10.0,9.0
278,cat_012.jpg,11.0,10.0
278,cat_013.jpg,11.0,10.0
278,cat_014.jpg,,
278,cat_015.jpg,1.0,0.0
278,ind_016.jpg,14.0,13.0
278,ind_017.jpg,,
278,ind_018.jpg,1.0,0.0
278,ind_019.jpg,16.0,15.0
278,ind_020.jpg,12.0,11.0
278,ind_021.jpg,2.0,1.0
278,ind_022.jpg,2.0,1.0
278,ind_023.jpg,,
278,ind_024.jpg,10.0,9.0
278,ind_025.jpg,10.0,9.0
278,land_026.jpg,12.0,11.0
278,land_027.jpg,11.0,10.0
278,land_028.jpg,8.0,7.0
278,land_029.jpg,2.0,1.0
278,land_030.jpg,3.0,2.0
278,low_031.jpg,,
278,low_032.jpg,15.0,14.0
278,low_033.jpg,15.0,14.0
278,low_034.jpg,14.0,13.0
278,low_035.jpg,11.0,10.0
278,low_036.jpg,8.0,7.0
278,mood_37.jpg,13.0,12.0
278,mood_38.jpg,16.0,15.0
278,mood_39.jpg,18.0,17.0
278,mood_40.jpg,15.0,14.0
278,mood_41.jpg,14.0,13.0
278,mood_42.jpg,11.0,10.0
278,mood_43.jpg,15.0,14.0
278,mood_44.jpg,12.0,11.0
278,mood_45.jpg,13.0,12.0
278,mood_46.jpg,17.0,16.0
278,noi_047.jpg,11.0,10.0
278,noi_048.jpg,10.0,9.0
278,noi_049.jpg,9.0,8.0
278,noi_050.jpg,9.0,8.0
278,noi_051.jpg,13.0,12.0
278,noi_052.jpg,4.0,3.0
278,noi_053.jpg,2.0,1.0
278,outman_054.jpg,13.0,12.0
278,outman_055.jpg,11.0,10.0
278,outman_056.jpg,6.0,5.0
278,outman_057.jpg,12.0,11.0
278,outman_058.jpg,12.0,11.0
278,outman_059.jpg,10.0,9.0
278,outman_060.jpg,9.0,8.0
278,outman_061.jpg,14.0,13.0
278,pat_066.jpg,10.0,9.0
278,pat_067.jpg,12.0,11.0
278,pat_068.jpg,15.0,14.0
278,pat_069.jpg,17.0,16.0
278,pat_070.jpg,16.0,15.0
278,patch_062.jpg,14.0,13.0
278,patch_063.jpg,11.0,10.0
278,patch_064.jpg,14.0,13.0
278,patch_065.jpg,5.0,4.0
278,por_071.jpg,14.0,13.0
278,por_072.jpg,9.0,8.0
278,por_073.jpg,11.0,10.0
278,por_074.jpg,11.0,10.0
278,rand_075.jpg,13.0,12.0
278,rand_076.jpg,15.0,14.0
278,rand_077.jpg,12.0,11.0
278,rand_078.jpg,9.0,8.0
278,rand_079.jpg,10.0,9.0
278,sat_080.jpg,13.0,12.0
278,sat_081.jpg,9.0,8.0
278,sat_082.jpg,10.0,9.0
278,sat_083.jpg,12.0,11.0
278,sat_084.jpg,10.0,9.0
278,sat_085.jpg,11.0,10.0
278,sat_086.jpg,11.0,10.0
278,sat_087.jpg,10.0,9.0
278,soc_088.jpg,12.0,11.0
278,soc_089.jpg,10.0,9.0
278,soc_090.jpg,15.0,14.0
278,soc_091.jpg,12.0,11.0
278,soc_092.jpg,12.0,11.0
278,soc_093.jpg,12.0,11.0
278,soc_094.jpg,13.0,12.0
278,soc_095.jpg,15.0,14.0
278,soc_096.jpg,13.0,12.0
278,soc_097.jpg,12.0,11.0
278,soc_098.jpg,15.0,14.0
278,soc_099.jpg,8.0,7.0
278,soc_100.jpg,,
279,act_001.jpg,19.0,18.0
279,act_002.jpg,18.0,17.0
279,act_003.jpg,18.0,17.0
279,act_004.jpg,19.0,18.0
279,act_005.jpg,13.0,12.0
279,art_006.jpg,11.0,10.0
279,art_007.jpg,15.0,14.0
279,art_008.jpg,11.0,10.0
279,art_009.jpg,18.0,17.0
279,art_010.jpg,18.0,17.0
279,art_011.jpg,16.0,15.0
279,cat_012.jpg,18.0,17.0
279,cat_013.jpg,19.0,18.0
279,cat_014.jpg,18.0,17.0
279,cat_015.jpg,16.0,15.0
279,ind_016.jpg,15.0,14.0
279,ind_017.jpg,19.0,18.0
279,ind_018.jpg,15.0,14.0
279,ind_019.jpg,18.0,17.0
279,ind_020.jpg,15.0,14.0
279,ind_021.jpg,13.0,12.0
279,ind_022.jpg,16.0,15.0
279,ind_023.jpg,16.0,15.0
279,ind_024.jpg,16.0,15.0
279,ind_025.jpg,18.0,17.0
279,land_026.jpg,11.0,10.0
279,land_027.jpg,14.0,13.0
279,land_028.jpg,13.0,12.0
279,land_029.jpg,14.0,13.0
279,land_030.jpg,10.0,9.0
279,low_031.jpg,11.0,10.0
279,low_032.jpg,16.0,15.0
279,low_033.jpg,18.0,17.0
279,low_034.jpg,4.0,3.0
279,low_035.jpg,14.0,13.0
279,low_036.jpg,11.0,10.0
279,mood_37.jpg,16.0,15.0
279,mood_38.jpg,18.0,17.0
279,mood_39.jpg,13.0,12.0
279,mood_40.jpg,16.0,15.0
279,mood_41.jpg,16.0,15.0
279,mood_42.jpg,18.0,17.0
279,mood_43.jpg,18.0,17.0
279,mood_44.jpg,16.0,15.0
279,mood_45.jpg,18.0,17.0
279,mood_46.jpg,16.0,15.0
279,noi_047.jpg,11.0,10.0
279,noi_048.jpg,11.0,10.0
279,noi_049.jpg,12.0,11.0
279,noi_050.jpg,12.0,11.0
279,noi_051.jpg,10.0,9.0
279,noi_052.jpg,13.0,12.0
279,noi_053.jpg,16.0,15.0
279,outman_054.jpg,13.0,12.0
279,outman_055.jpg,10.0,9.0
279,outman_056.jpg,11.0,10.0
279,outman_057.jpg,13.0,12.0
279,outman_058.jpg,13.0,12.0
279,outman_059.jpg,14.0,13.0
279,outman_060.jpg,14.0,13.0
279,outman_061.jpg,17.0,16.0
279,pat_066.jpg,10.0,9.0
279,pat_067.jpg,10.0,9.0
279,pat_068.jpg,13.0,12.0
279,pat_069.jpg,14.0,13.0
279,pat_070.jpg,4.0,3.0
279,patch_062.jpg,11.0,10.0
279,patch_063.jpg,20.0,19.0
279,patch_064.jpg,14.0,13.0
279,patch_065.jpg,14.0,13.0
279,por_071.jpg,12.0,11.0
279,por_072.jpg,18.0,17.0
279,por_073.jpg,16.0,15.0
279,por_074.jpg,14.0,13.0
279,rand_075.jpg,13.0,12.0
279,rand_076.jpg,14.0,13.0
279,rand_077.jpg,12.0,11.0
279,rand_078.jpg,12.0,11.0
279,rand_079.jpg,3.0,2.0
279,sat_080.jpg,15.0,14.0
279,sat_081.jpg,16.0,15.0
279,sat_082.jpg,14.0,13.0
279,sat_083.jpg,17.0,16.0
279,sat_084.jpg,11.0,10.0
279,sat_085.jpg,19.0,18.0
279,sat_086.jpg,15.0,14.0
279,sat_087.jpg,14.0,13.0
279,soc_088.jpg,13.0,12.0
279,soc_089.jpg,16.0,15.0
279,soc_090.jpg,11.0,10.0
279,soc_091.jpg,17.0,16.0
279,soc_092.jpg,17.0,16.0
279,soc_093.jpg,14.0,13.0
279,soc_094.jpg,16.0,15.0
279,soc_095.jpg,18.0,17.0
279,soc_096.jpg,12.0,11.0
279,soc_097.jpg,12.0,11.0
279,soc_098.jpg,10.0,9.0
279,soc_099.jpg,12.0,11.0
279,soc_100.jpg,18.0,17.0
281,act_001.jpg,12.0,11.0
281,act_002.jpg,19.0,18.0
281,act_003.jpg,18.0,17.0
281,act_004.jpg,17.0,16.0
281,act_005.jpg,19.0,18.0
281,art_006.jpg,12.0,11.0
281,art_007.jpg,22.0,21.0
281,art_008.jpg,19.0,18.0
281,art_009.jpg,17.0,16.0
281,art_010.jpg,14.0,13.0
281,art_011.jpg,14.0,13.0
281,cat_012.jpg,14.0,13.0
281,cat_013.jpg,19.0,18.0
281,cat_014.jpg,18.0,17.0
281,cat_015.jpg,19.0,18.0
281,ind_016.jpg,15.0,14.0
281,ind_017.jpg,19.0,18.0
281,ind_018.jpg,17.0,16.0
281,ind_019.jpg,14.0,13.0
281,ind_020.jpg,11.0,10.0
281,ind_021.jpg,16.0,15.0
281,ind_022.jpg,16.0,15.0
281,ind_023.jpg,18.0,17.0
281,ind_024.jpg,16.0,15.0
281,ind_025.jpg,19.0,18.0
281,land_026.jpg,20.0,19.0
281,land_027.jpg,16.0,15.0
281,land_028.jpg,17.0,16.0
281,land_029.jpg,18.0,17.0
281,land_030.jpg,14.0,13.0
281,low_031.jpg,11.0,10.0
281,low_032.jpg,13.0,12.0
281,low_033.jpg,14.0,13.0
281,low_034.jpg,11.0,10.0
281,low_035.jpg,9.0,8.0
281,low_036.jpg,10.0,9.0
281,mood_37.jpg,18.0,17.0
281,mood_38.jpg,20.0,19.0
281,mood_39.jpg,22.0,21.0
281,mood_40.jpg,22.0,21.0
281,mood_41.jpg,17.0,16.0
281,mood_42.jpg,14.0,13.0
281,mood_43.jpg,19.0,18.0
281,mood_44.jpg,20.0,19.0
281,mood_45.jpg,18.0,17.0
281,mood_46.jpg,19.0,18.0
281,noi_047.jpg,16.0,15.0
281,noi_048.jpg,17.0,16.0
281,noi_049.jpg,16.0,15.0
281,noi_050.jpg,12.0,11.0
281,noi_051.jpg,16.0,15.0
281,noi_052.jpg,15.0,14.0
281,noi_053.jpg,16.0,15.0
281,outman_054.jpg,19.0,18.0
281,outman_055.jpg,15.0,14.0
281,outman_056.jpg,17.0,16.0
281,outman_057.jpg,17.0,16.0
281,outman_058.jpg,16.0,15.0
281,outman_059.jpg,17.0,16.0
281,outman_060.jpg,16.0,15.0
281,outman_061.jpg,18.0,17.0
281,pat_066.jpg,9.0,8.0
281,pat_067.jpg,16.0,15.0
281,pat_068.jpg,12.0,11.0
281,pat_069.jpg,14.0,13.0
281,pat_070.jpg,18.0,17.0
281,patch_062.jpg,23.0,22.0
281,patch_063.jpg,15.0,14.0
281,patch_064.jpg,17.0,16.0
281,patch_065.jpg,15.0,14.0
281,por_071.jpg,15.0,14.0
281,por_072.jpg,17.0,16.0
281,por_073.jpg,17.0,16.0
281,por_074.jpg,10.0,9.0
281,rand_075.jpg,15.0,14.0
281,rand_076.jpg,14.0,13.0
281,rand_077.jpg,16.0,15.0
281,rand_078.jpg,15.0,14.0
281,rand_079.jpg,15.0,14.0
281,sat_080.jpg,17.0,16.0
281,sat_081.jpg,15.0,14.0
281,sat_082.jpg,20.0,19.0
281,sat_083.jpg,18.0,17.0
281,sat_084.jpg,19.0,18.0
281,sat_085.jpg,19.0,18.0
281,sat_086.jpg,19.0,18.0
281,sat_087.jpg,20.0,19.0
281,soc_088.jpg,15.0,14.0
281,soc_089.jpg,13.0,12.0
281,soc_090.jpg,20.0,19.0
281,soc_091.jpg,20.0,19.0
281,soc_092.jpg,18.0,17.0
281,soc_093.jpg,19.0,18.0
281,soc_094.jpg,16.0,15.0
281,soc_095.jpg,21.0,20.0
281,soc_096.jpg,20.0,19.0
281,soc_097.jpg,17.0,16.0
281,soc_098.jpg,18.0,17.0
281,soc_099.jpg,15.0,14.0
281,soc_100.jpg,16.0,15.0
282,act_001.jpg,9.0,8.0
282,act_002.jpg,17.0,16.0
282,act_003.jpg,14.0,13.0
282,act_004.jpg,16.0,15.0
282,act_005.jpg,9.0,8.0
282,art_006.jpg,14.0,13.0
282,art_007.jpg,14.0,13.0
282,art_008.jpg,19.0,18.0
282,art_009.jpg,14.0,13.0
282,art_010.jpg,11.0,10.0
282,art_011.jpg,13.0,12.0
282,cat_012.jpg,14.0,13.0
282,cat_013.jpg,18.0,17.0
282,cat_014.jpg,17.0,16.0
282,cat_015.jpg,13.0,12.0
282,ind_016.jpg,13.0,12.0
282,ind_017.jpg,12.0,11.0
282,ind_018.jpg,15.0,14.0
282,ind_019.jpg,14.0,13.0
282,ind_020.jpg,16.0,15.0
282,ind_021.jpg,14.0,13.0
282,ind_022.jpg,14.0,13.0
282,ind_023.jpg,12.0,11.0
282,ind_024.jpg,13.0,12.0
282,ind_025.jpg,14.0,13.0
282,land_026.jpg,13.0,12.0
282,land_027.jpg,13.0,12.0
282,land_028.jpg,12.0,11.0
282,land_029.jpg,12.0,11.0
282,land_030.jpg,13.0,12.0
282,low_031.jpg,16.0,15.0
282,low_032.jpg,14.0,13.0
282,low_033.jpg,10.0,9.0
282,low_034.jpg,15.0,14.0
282,low_035.jpg,11.0,10.0
282,low_036.jpg,11.0,10.0
282,mood_37.jpg,6.0,5.0
282,mood_38.jpg,13.0,12.0
282,mood_39.jpg,11.0,10.0
282,mood_40.jpg,14.0,13.0
282,mood_41.jpg,11.0,10.0
282,mood_42.jpg,8.0,7.0
282,mood_43.jpg,14.0,13.0
282,mood_44.jpg,8.0,7.0
282,mood_45.jpg,15.0,14.0
282,mood_46.jpg,12.0,11.0
282,noi_047.jpg,15.0,14.0
282,noi_048.jpg,14.0,13.0
282,noi_049.jpg,14.0,13.0
282,noi_050.jpg,13.0,12.0
282,noi_051.jpg,14.0,13.0
282,noi_052.jpg,13.0,12.0
282,noi_053.jpg,15.0,14.0
282,outman_054.jpg,20.0,19.0
282,outman_055.jpg,12.0,11.0
282,outman_056.jpg,14.0,13.0
282,outman_057.jpg,14.0,13.0
282,outman_058.jpg,13.0,12.0
282,outman_059.jpg,20.0,19.0
282,outman_060.jpg,12.0,11.0
282,outman_061.jpg,12.0,11.0
282,pat_066.jpg,14.0,13.0
282,pat_067.jpg,10.0,9.0
282,pat_068.jpg,11.0,10.0
282,pat_069.jpg,8.0,7.0
282,pat_070.jpg,7.0,6.0
282,patch_062.jpg,8.0,7.0
282,patch_063.jpg,10.0,9.0
282,patch_064.jpg,11.0,10.0
282,patch_065.jpg,4.0,3.0
282,por_071.jpg,13.0,12.0
282,por_072.jpg,12.0,11.0
282,por_073.jpg,13.0,12.0
282,por_074.jpg,9.0,8.0
282,rand_075.jpg,13.0,12.0
282,rand_076.jpg,10.0,9.0
282,rand_077.jpg,11.0,10.0
282,rand_078.jpg,11.0,10.0
282,rand_079.jpg,12.0,11.0
282,sat_080.jpg,11.0,10.0
282,sat_081.jpg,13.0,12.0
282,sat_082.jpg,9.0,8.0
282,sat_083.jpg,13.0,12.0
282,sat_084.jpg,12.0,11.0
282,sat_085.jpg,11.0,10.0
282,sat_086.jpg,11.0,10.0
282,sat_087.jpg,12.0,11.0
282,soc_088.jpg,10.0,9.0
282,soc_089.jpg,13.0,12.0
282,soc_090.jpg,11.0,10.0
282,soc_091.jpg,14.0,13.0
282,soc_092.jpg,12.0,11.0
282,soc_093.jpg,15.0,14.0
282,soc_094.jpg,13.0,12.0
282,soc_095.jpg,13.0,12.0
282,soc_096.jpg,16.0,15.0
282,soc_097.jpg,10.0,9.0
282,soc_098.jpg,12.0,11.0
282,soc_099.jpg,12.0,11.0
282,soc_100.jpg,12.0,11.0
283,act_001.jpg,16.0,15.0
283,act_002.jpg,16.0,15.0
283,act_003.jpg,15.0,14.0
283,act_004.jpg,15.0,14.0
283,act_005.jpg,12.0,11.0
283,art_006.jpg,18.0,17.0
283,art_007.jpg,15.0,14.0
283,art_008.jpg,11.0,10.0
283,art_009.jpg,16.0,15.0
283,art_010.jpg,12.0,11.0
283,art_011.jpg,14.0,13.0
283,cat_012.jpg,18.0,17.0
283,cat_013.jpg,14.0,13.0
283,cat_014.jpg,18.0,17.0
283,cat_015.jpg,20.0,19.0
283,ind_016.jpg,11.0,10.0
283,ind_017.jpg,15.0,14.0
283,ind_018.jpg,16.0,15.0
283,ind_019.jpg,14.0,13.0
283,ind_020.jpg,14.0,13.0
283,ind_021.jpg,12.0,11.0
283,ind_022.jpg,15.0,14.0
283,ind_023.jpg,11.0,10.0
283,ind_024.jpg,8.0,7.0
283,ind_025.jpg,13.0,12.0
283,land_026.jpg,15.0,14.0
283,land_027.jpg,17.0,16.0
283,land_028.jpg,14.0,13.0
283,land_029.jpg,9.0,8.0
283,land_030.jpg,1.0,0.0
283,low_031.jpg,8.0,7.0
283,low_032.jpg,12.0,11.0
283,low_033.jpg,15.0,14.0
283,low_034.jpg,8.0,7.0
283,low_035.jpg,8.0,7.0
283,low_036.jpg,10.0,9.0
283,mood_37.jpg,13.0,12.0
283,mood_38.jpg,15.0,14.0
283,mood_39.jpg,19.0,18.0
283,mood_40.jpg,15.0,14.0
283,mood_41.jpg,19.0,18.0
283,mood_42.jpg,16.0,15.0
283,mood_43.jpg,15.0,14.0
283,mood_44.jpg,21.0,20.0
283,mood_45.jpg,13.0,12.0
283,mood_46.jpg,15.0,14.0
283,noi_047.jpg,13.0,12.0
283,noi_048.jpg,14.0,13.0
283,noi_049.jpg,2.0,1.0
283,noi_050.jpg,7.0,6.0
283,noi_051.jpg,11.0,10.0
283,noi_052.jpg,14.0,13.0
283,noi_053.jpg,15.0,14.0
283,outman_054.jpg,18.0,17.0
283,outman_055.jpg,17.0,16.0
283,outman_056.jpg,13.0,12.0
283,outman_057.jpg,14.0,13.0
283,outman_058.jpg,17.0,16.0
283,outman_059.jpg,18.0,17.0
283,outman_060.jpg,12.0,11.0
283,outman_061.jpg,13.0,12.0
283,pat_066.jpg,3.0,2.0
283,pat_067.jpg,8.0,7.0
283,pat_068.jpg,9.0,8.0
283,pat_069.jpg,11.0,10.0
283,pat_070.jpg,1.0,0.0
283,patch_062.jpg,,
283,patch_063.jpg,15.0,14.0
283,patch_064.jpg,13.0,12.0
283,patch_065.jpg,13.0,12.0
283,por_071.jpg,14.0,13.0
283,por_072.jpg,14.0,13.0
283,por_073.jpg,16.0,15.0
283,por_074.jpg,15.0,14.0
283,rand_075.jpg,13.0,12.0
283,rand_076.jpg,13.0,12.0
283,rand_077.jpg,15.0,14.0
283,rand_078.jpg,14.0,13.0
283,rand_079.jpg,13.0,12.0
283,sat_080.jpg,18.0,17.0
283,sat_081.jpg,14.0,13.0
283,sat_082.jpg,20.0,19.0
283,sat_083.jpg,14.0,13.0
283,sat_084.jpg,12.0,11.0
283,sat_085.jpg,13.0,12.0
283,sat_086.jpg,12.0,11.0
283,sat_087.jpg,11.0,10.0
283,soc_088.jpg,9.0,8.0
283,soc_089.jpg,14.0,13.0
283,soc_090.jpg,12.0,11.0
283,soc_091.jpg,13.0,12.0
283,soc_092.jpg,14.0,13.0
283,soc_093.jpg,10.0,9.0
283,soc_094.jpg,1.0,0.0
283,soc_095.jpg,12.0,11.0
283,soc_096.jpg,21.0,20.0
283,soc_097.jpg,15.0,14.0
283,soc_098.jpg,14.0,13.0
283,soc_099.jpg,13.0,12.0
283,soc_100.jpg,7.0,6.0
284,act_001.jpg,17.0,16.0
284,act_002.jpg,11.0,10.0
284,act_003.jpg,16.0,15.0
284,act_004.jpg,19.0,18.0
284,act_005.jpg,13.0,12.0
284,art_006.jpg,14.0,13.0
284,art_007.jpg,18.0,17.0
284,art_008.jpg,19.0,18.0
284,art_009.jpg,19.0,18.0
284,art_010.jpg,13.0,12.0
284,art_011.jpg,11.0,10.0
284,cat_012.jpg,13.0,12.0
284,cat_013.jpg,12.0,11.0
284,cat_014.jpg,14.0,13.0
284,cat_015.jpg,15.0,14.0
284,ind_016.jpg,13.0,12.0
284,ind_017.jpg,25.0,24.0
284,ind_018.jpg,12.0,11.0
284,ind_019.jpg,22.0,21.0
284,ind_020.jpg,18.0,17.0
284,ind_021.jpg,23.0,22.0
284,ind_022.jpg,13.0,12.0
284,ind_023.jpg,15.0,14.0
284,ind_024.jpg,15.0,14.0
284,ind_025.jpg,29.0,28.0
284,land_026.jpg,11.0,10.0
284,land_027.jpg,18.0,17.0
284,land_028.jpg,12.0,11.0
284,land_029.jpg,19.0,18.0
284,land_030.jpg,14.0,13.0
284,low_031.jpg,11.0,10.0
284,low_032.jpg,24.0,23.0
284,low_033.jpg,10.0,9.0
284,low_034.jpg,11.0,10.0
284,low_035.jpg,14.0,13.0
284,low_036.jpg,9.0,8.0
284,mood_37.jpg,14.0,13.0
284,mood_38.jpg,14.0,13.0
284,mood_39.jpg,14.0,13.0
284,mood_40.jpg,14.0,13.0
284,mood_41.jpg,13.0,12.0
284,mood_42.jpg,14.0,13.0
284,mood_43.jpg,15.0,14.0
284,mood_44.jpg,15.0,14.0
284,mood_45.jpg,13.0,12.0
284,mood_46.jpg,13.0,12.0
284,noi_047.jpg,8.0,7.0
284,noi_048.jpg,9.0,8.0
284,noi_049.jpg,13.0,12.0
284,noi_050.jpg,12.0,11.0
284,noi_051.jpg,17.0,16.0
284,noi_052.jpg,24.0,23.0
284,noi_053.jpg,12.0,11.0
284,outman_054.jpg,20.0,19.0
284,outman_055.jpg,11.0,10.0
284,outman_056.jpg,21.0,20.0
284,outman_057.jpg,11.0,10.0
284,outman_058.jpg,10.0,9.0
284,outman_059.jpg,12.0,11.0
284,outman_060.jpg,11.0,10.0
284,outman_061.jpg,12.0,11.0
284,pat_066.jpg,11.0,10.0
284,pat_067.jpg,9.0,8.0
284,pat_068.jpg,13.0,12.0
284,pat_069.jpg,10.0,9.0
284,pat_070.jpg,11.0,10.0
284,patch_062.jpg,13.0,12.0
284,patch_063.jpg,14.0,13.0
284,patch_064.jpg,12.0,11.0
284,patch_065.jpg,9.0,8.0
284,por_071.jpg,12.0,11.0
284,por_072.jpg,12.0,11.0
284,por_073.jpg,15.0,14.0
284,por_074.jpg,14.0,13.0
284,rand_075.jpg,10.0,9.0
284,rand_076.jpg,11.0,10.0
284,rand_077.jpg,10.0,9.0
284,rand_078.jpg,11.0,10.0
284,rand_079.jpg,11.0,10.0
284,sat_080.jpg,10.0,9.0
284,sat_081.jpg,11.0,10.0
284,sat_082.jpg,10.0,9.0
284,sat_083.jpg,8.0,7.0
284,sat_084.jpg,12.0,11.0
284,sat_085.jpg,10.0,9.0
284,sat_086.jpg,12.0,11.0
284,sat_087.jpg,9.0,8.0
284,soc_088.jpg,12.0,11.0
284,soc_089.jpg,14.0,13.0
284,soc_090.jpg,11.0,10.0
284,soc_091.jpg,16.0,15.0
284,soc_092.jpg,13.0,12.0
284,soc_093.jpg,14.0,13.0
284,soc_094.jpg,13.0,12.0
284,soc_095.jpg,15.0,14.0
284,soc_096.jpg,13.0,12.0
284,soc_097.jpg,15.0,14.0
284,soc_098.jpg,14.0,13.0
284,soc_099.jpg,14.0,13.0
284,soc_100.jpg,15.0,14.0
285,act_001.jpg,10.0,9.0
285,act_002.jpg,14.0,13.0
285,act_003.jpg,15.0,14.0
285,act_004.jpg,9.0,8.0
285,act_005.jpg,14.0,13.0
285,art_006.jpg,11.0,10.0
285,art_007.jpg,17.0,16.0
285,art_008.jpg,6.0,5.0
285,art_009.jpg,10.0,9.0
285,art_010.jpg,7.0,6.0
285,art_011.jpg,7.0,6.0
285,cat_012.jpg,7.0,6.0
285,cat_013.jpg,4.0,3.0
285,cat_014.jpg,15.0,14.0
285,cat_015.jpg,8.0,7.0
285,ind_016.jpg,11.0,10.0
285,ind_017.jpg,13.0,12.0
285,ind_018.jpg,7.0,6.0
285,ind_019.jpg,9.0,8.0
285,ind_020.jpg,10.0,9.0
285,ind_021.jpg,9.0,8.0
285,ind_022.jpg,14.0,13.0
285,ind_023.jpg,12.0,11.0
285,ind_024.jpg,6.0,5.0
285,ind_025.jpg,3.0,2.0
285,land_026.jpg,17.0,16.0
285,land_027.jpg,11.0,10.0
285,land_028.jpg,11.0,10.0
285,land_029.jpg,13.0,12.0
285,land_030.jpg,6.0,5.0
285,low_031.jpg,13.0,12.0
285,low_032.jpg,5.0,4.0
285,low_033.jpg,10.0,9.0
285,low_034.jpg,10.0,9.0
285,low_035.jpg,7.0,6.0
285,low_036.jpg,5.0,4.0
285,mood_37.jpg,16.0,15.0
285,mood_38.jpg,17.0,16.0
285,mood_39.jpg,16.0,15.0
285,mood_40.jpg,13.0,12.0
285,mood_41.jpg,,
285,mood_42.jpg,16.0,15.0
285,mood_43.jpg,14.0,13.0
285,mood_44.jpg,15.0,14.0
285,mood_45.jpg,18.0,17.0
285,mood_46.jpg,13.0,12.0
285,noi_047.jpg,10.0,9.0
285,noi_048.jpg,14.0,13.0
285,noi_049.jpg,17.0,16.0
285,noi_050.jpg,4.0,3.0
285,noi_051.jpg,14.0,13.0
285,noi_052.jpg,12.0,11.0
285,noi_053.jpg,8.0,7.0
285,outman_054.jpg,11.0,10.0
285,outman_055.jpg,16.0,15.0
285,outman_056.jpg,6.0,5.0
285,outman_057.jpg,4.0,3.0
285,outman_058.jpg,6.0,5.0
285,outman_059.jpg,13.0,12.0
285,outman_060.jpg,1.0,0.0
285,outman_061.jpg,8.0,7.0
285,pat_066.jpg,9.0,8.0
285,pat_067.jpg,12.0,11.0
285,pat_068.jpg,9.0,8.0
285,pat_069.jpg,13.0,12.0
285,pat_070.jpg,14.0,13.0
285,patch_062.jpg,8.0,7.0
285,patch_063.jpg,10.0,9.0
285,patch_064.jpg,7.0,6.0
285,patch_065.jpg,5.0,4.0
285,por_071.jpg,12.0,11.0
285,por_072.jpg,13.0,12.0
285,por_073.jpg,4.0,3.0
285,por_074.jpg,3.0,2.0
285,rand_075.jpg,10.0,9.0
285,rand_076.jpg,13.0,12.0
285,rand_077.jpg,4.0,3.0
285,rand_078.jpg,1.0,0.0
285,rand_079.jpg,8.0,7.0
285,sat_080.jpg,,
285,sat_081.jpg,7.0,6.0
285,sat_082.jpg,4.0,3.0
285,sat_083.jpg,13.0,12.0
285,sat_084.jpg,14.0,13.0
285,sat_085.jpg,15.0,14.0
285,sat_086.jpg,11.0,10.0
285,sat_087.jpg,4.0,3.0
285,soc_088.jpg,10.0,9.0
285,soc_089.jpg,12.0,11.0
285,soc_090.jpg,11.0,10.0
285,soc_091.jpg,17.0,16.0
285,soc_092.jpg,8.0,7.0
285,soc_093.jpg,9.0,8.0
285,soc_094.jpg,14.0,13.0
285,soc_095.jpg,12.0,11.0
285,soc_096.jpg,14.0,13.0
285,soc_097.jpg,15.0,14.0
285,soc_098.jpg,2.0,1.0
285,soc_099.jpg,13.0,12.0
285,soc_100.jpg,11.0,10.0
287,act_001.jpg,12.0,11.0
287,act_002.jpg,11.0,10.0
287,act_003.jpg,8.0,7.0
287,act_004.jpg,13.0,12.0
287,act_005.jpg,8.0,7.0
287,art_006.jpg,14.0,13.0
287,art_007.jpg,8.0,7.0
287,art_008.jpg,13.0,12.0
287,art_009.jpg,9.0,8.0
287,art_010.jpg,10.0,9.0
287,art_011.jpg,7.0,6.0
287,cat_012.jpg,13.0,12.0
287,cat_013.jpg,10.0,9.0
287,cat_014.jpg,12.0,11.0
287,cat_015.jpg,12.0,11.0
287,ind_016.jpg,11.0,10.0
287,ind_017.jpg,12.0,11.0
287,ind_018.jpg,15.0,14.0
287,ind_019.jpg,11.0,10.0
287,ind_020.jpg,14.0,13.0
287,ind_021.jpg,16.0,15.0
287,ind_022.jpg,11.0,10.0
287,ind_023.jpg,13.0,12.0
287,ind_024.jpg,17.0,16.0
287,ind_025.jpg,14.0,13.0
287,land_026.jpg,11.0,10.0
287,land_027.jpg,6.0,5.0
287,land_028.jpg,5.0,4.0
287,land_029.jpg,12.0,11.0
287,land_030.jpg,11.0,10.0
287,low_031.jpg,7.0,6.0
287,low_032.jpg,9.0,8.0
287,low_033.jpg,11.0,10.0
287,low_034.jpg,10.0,9.0
287,low_035.jpg,11.0,10.0
287,low_036.jpg,5.0,4.0
287,mood_37.jpg,14.0,13.0
287,mood_38.jpg,14.0,13.0
287,mood_39.jpg,12.0,11.0
287,mood_40.jpg,10.0,9.0
287,mood_41.jpg,12.0,11.0
287,mood_42.jpg,12.0,11.0
287,mood_43.jpg,10.0,9.0
287,mood_44.jpg,13.0,12.0
287,mood_45.jpg,14.0,13.0
287,mood_46.jpg,15.0,14.0
287,noi_047.jpg,12.0,11.0
287,noi_048.jpg,14.0,13.0
287,noi_049.jpg,14.0,13.0
287,noi_050.jpg,12.0,11.0
287,noi_051.jpg,11.0,10.0
287,noi_052.jpg,12.0,11.0
287,noi_053.jpg,12.0,11.0
287,outman_054.jpg,12.0,11.0
287,outman_055.jpg,15.0,14.0
287,outman_056.jpg,9.0,8.0
287,outman_057.jpg,10.0,9.0
287,outman_058.jpg,15.0,14.0
287,outman_059.jpg,6.0,5.0
287,outman_060.jpg,13.0,12.0
287,outman_061.jpg,13.0,12.0
287,pat_066.jpg,9.0,8.0
287,pat_067.jpg,13.0,12.0
287,pat_068.jpg,11.0,10.0
287,pat_069.jpg,7.0,6.0
287,pat_070.jpg,8.0,7.0
287,patch_062.jpg,12.0,11.0
287,patch_063.jpg,11.0,10.0
287,patch_064.jpg,14.0,13.0
287,patch_065.jpg,9.0,8.0
287,por_071.jpg,10.0,9.0
287,por_072.jpg,6.0,5.0
287,por_073.jpg,6.0,5.0
287,por_074.jpg,9.0,8.0
287,rand_075.jpg,10.0,9.0
287,rand_076.jpg,11.0,10.0
287,rand_077.jpg,7.0,6.0
287,rand_078.jpg,9.0,8.0
287,rand_079.jpg,13.0,12.0
287,sat_080.jpg,11.0,10.0
287,sat_081.jpg,9.0,8.0
287,sat_082.jpg,9.0,8.0
287,sat_083.jpg,13.0,12.0
287,sat_084.jpg,8.0,7.0
287,sat_085.jpg,10.0,9.0
287,sat_086.jpg,11.0,10.0
287,sat_087.jpg,12.0,11.0
287,soc_088.jpg,13.0,12.0
287,soc_089.jpg,8.0,7.0
287,soc_090.jpg,9.0,8.0
287,soc_091.jpg,10.0,9.0
287,soc_092.jpg,7.0,6.0
287,soc_093.jpg,10.0,9.0
287,soc_094.jpg,11.0,10.0
287,soc_095.jpg,12.0,11.0
287,soc_096.jpg,14.0,13.0
287,soc_097.jpg,10.0,9.0
287,soc_098.jpg,10.0,9.0
287,soc_099.jpg,12.0,11.0
287,soc_100.jpg,10.0,9.0
290,act_001.jpg,10.0,9.0
290,act_002.jpg,14.0,13.0
290,act_003.jpg,13.0,12.0
290,act_004.jpg,11.0,10.0
290,act_005.jpg,12.0,11.0
290,art_006.jpg,13.0,12.0
290,art_007.jpg,7.0,6.0
290,art_008.jpg,13.0,12.0
290,art_009.jpg,12.0,11.0
290,art_010.jpg,9.0,8.0
290,art_011.jpg,9.0,8.0
290,cat_012.jpg,12.0,11.0
290,cat_013.jpg,13.0,12.0
290,cat_014.jpg,12.0,11.0
290,cat_015.jpg,12.0,11.0
290,ind_016.jpg,15.0,14.0
290,ind_017.jpg,11.0,10.0
290,ind_018.jpg,11.0,10.0
290,ind_019.jpg,15.0,14.0
290,ind_020.jpg,3.0,2.0
290,ind_021.jpg,9.0,8.0
290,ind_022.jpg,13.0,12.0
290,ind_023.jpg,9.0,8.0
290,ind_024.jpg,8.0,7.0
290,ind_025.jpg,11.0,10.0
290,land_026.jpg,13.0,12.0
290,land_027.jpg,13.0,12.0
290,land_028.jpg,12.0,11.0
290,land_029.jpg,12.0,11.0
290,land_030.jpg,11.0,10.0
290,low_031.jpg,7.0,6.0
290,low_032.jpg,8.0,7.0
290,low_033.jpg,14.0,13.0
290,low_034.jpg,8.0,7.0
290,low_035.jpg,11.0,10.0
290,low_036.jpg,10.0,9.0
290,mood_37.jpg,13.0,12.0
290,mood_38.jpg,12.0,11.0
290,mood_39.jpg,12.0,11.0
290,mood_40.jpg,14.0,13.0
290,mood_41.jpg,11.0,10.0
290,mood_42.jpg,15.0,14.0
290,mood_43.jpg,15.0,14.0
290,mood_44.jpg,14.0,13.0
290,mood_45.jpg,15.0,14.0
290,mood_46.jpg,14.0,13.0
290,noi_047.jpg,15.0,14.0
290,noi_048.jpg,10.0,9.0
290,noi_049.jpg,8.0,7.0
290,noi_050.jpg,11.0,10.0
290,noi_051.jpg,12.0,11.0
290,noi_052.jpg,3.0,2.0
290,noi_053.jpg,8.0,7.0
290,outman_054.jpg,9.0,8.0
290,outman_055.jpg,11.0,10.0
290,outman_056.jpg,12.0,11.0
290,outman_057.jpg,13.0,12.0
290,outman_058.jpg,12.0,11.0
290,outman_059.jpg,6.0,5.0
290,outman_060.jpg,11.0,10.0
290,outman_061.jpg,15.0,14.0
290,pat_066.jpg,16.0,15.0
290,pat_067.jpg,9.0,8.0
290,pat_068.jpg,11.0,10.0
290,pat_069.jpg,13.0,12.0
290,pat_070.jpg,15.0,14.0
290,patch_062.jpg,13.0,12.0
290,patch_063.jpg,12.0,11.0
290,patch_064.jpg,10.0,9.0
290,patch_065.jpg,13.0,12.0
290,por_071.jpg,14.0,13.0
290,por_072.jpg,12.0,11.0
290,por_073.jpg,16.0,15.0
290,por_074.jpg,13.0,12.0
290,rand_075.jpg,14.0,13.0
290,rand_076.jpg,15.0,14.0
290,rand_077.jpg,9.0,8.0
290,rand_078.jpg,11.0,10.0
290,rand_079.jpg,10.0,9.0
290,sat_080.jpg,13.0,12.0
290,sat_081.jpg,12.0,11.0
290,sat_082.jpg,14.0,13.0
290,sat_083.jpg,12.0,11.0
290,sat_084.jpg,13.0,12.0
290,sat_085.jpg,11.0,10.0
290,sat_086.jpg,10.0,9.0
290,sat_087.jpg,13.0,12.0
290,soc_088.jpg,11.0,10.0
290,soc_089.jpg,12.0,11.0
290,soc_090.jpg,12.0,11.0
290,soc_091.jpg,14.0,13.0
290,soc_092.jpg,11.0,10.0
290,soc_093.jpg,15.0,14.0
290,soc_094.jpg,11.0,10.0
290,soc_095.jpg,14.0,13.0
290,soc_096.jpg,11.0,10.0
290,soc_097.jpg,14.0,13.0
290,soc_098.jpg,15.0,14.0
290,soc_099.jpg,10.0,9.0
290,soc_100.jpg,13.0,12.0
291,act_001.jpg,11.0,10.0
291,act_002.jpg,8.0,7.0
291,act_003.jpg,9.0,8.0
291,act_004.jpg,9.0,8.0
291,act_005.jpg,3.0,2.0
291,art_006.jpg,6.0,5.0
291,art_007.jpg,9.0,8.0
291,art_008.jpg,7.0,6.0
291,art_009.jpg,10.0,9.0
291,art_010.jpg,11.0,10.0
291,art_011.jpg,11.0,10.0
291,cat_012.jpg,8.0,7.0
291,cat_013.jpg,10.0,9.0
291,cat_014.jpg,5.0,4.0
291,cat_015.jpg,5.0,4.0
291,ind_016.jpg,7.0,6.0
291,ind_017.jpg,4.0,3.0
291,ind_018.jpg,7.0,6.0
291,ind_019.jpg,10.0,9.0
291,ind_020.jpg,5.0,4.0
291,ind_021.jpg,8.0,7.0
291,ind_022.jpg,4.0,3.0
291,ind_023.jpg,5.0,4.0
291,ind_024.jpg,8.0,7.0
291,ind_025.jpg,6.0,5.0
291,land_026.jpg,6.0,5.0
291,land_027.jpg,5.0,4.0
291,land_028.jpg,9.0,8.0
291,land_029.jpg,8.0,7.0
291,land_030.jpg,8.0,7.0
291,low_031.jpg,6.0,5.0
291,low_032.jpg,8.0,7.0
291,low_033.jpg,8.0,7.0
291,low_034.jpg,1.0,0.0
291,low_035.jpg,8.0,7.0
291,low_036.jpg,6.0,5.0
291,mood_37.jpg,10.0,9.0
291,mood_38.jpg,10.0,9.0
291,mood_39.jpg,5.0,4.0
291,mood_40.jpg,9.0,8.0
291,mood_41.jpg,6.0,5.0
291,mood_42.jpg,13.0,12.0
291,mood_43.jpg,11.0,10.0
291,mood_44.jpg,11.0,10.0
291,mood_45.jpg,14.0,13.0
291,mood_46.jpg,13.0,12.0
291,noi_047.jpg,9.0,8.0
291,noi_048.jpg,9.0,8.0
291,noi_049.jpg,6.0,5.0
291,noi_050.jpg,6.0,5.0
291,noi_051.jpg,4.0,3.0
291,noi_052.jpg,7.0,6.0
291,noi_053.jpg,6.0,5.0
291,outman_054.jpg,10.0,9.0
291,outman_055.jpg,6.0,5.0
291,outman_056.jpg,6.0,5.0
291,outman_057.jpg,7.0,6.0
291,outman_058.jpg,7.0,6.0
291,outman_059.jpg,4.0,3.0
291,outman_060.jpg,8.0,7.0
291,outman_061.jpg,13.0,12.0
291,pat_066.jpg,11.0,10.0
291,pat_067.jpg,11.0,10.0
291,pat_068.jpg,12.0,11.0
291,pat_069.jpg,11.0,10.0
291,pat_070.jpg,5.0,4.0
291,patch_062.jpg,8.0,7.0
291,patch_063.jpg,6.0,5.0
291,patch_064.jpg,2.0,1.0
291,patch_065.jpg,10.0,9.0
291,por_071.jpg,15.0,14.0
291,por_072.jpg,15.0,14.0
291,por_073.jpg,11.0,10.0
291,por_074.jpg,12.0,11.0
291,rand_075.jpg,11.0,10.0
291,rand_076.jpg,9.0,8.0
291,rand_077.jpg,10.0,9.0
291,rand_078.jpg,3.0,2.0
291,rand_079.jpg,5.0,4.0
291,sat_080.jpg,3.0,2.0
291,sat_081.jpg,7.0,6.0
291,sat_082.jpg,11.0,10.0
291,sat_083.jpg,8.0,7.0
291,sat_084.jpg,8.0,7.0
291,sat_085.jpg,11.0,10.0
291,sat_086.jpg,6.0,5.0
291,sat_087.jpg,9.0,8.0
291,soc_088.jpg,8.0,7.0
291,soc_089.jpg,8.0,7.0
291,soc_090.jpg,9.0,8.0
291,soc_091.jpg,5.0,4.0
291,soc_092.jpg,9.0,8.0
291,soc_093.jpg,8.0,7.0
291,soc_094.jpg,13.0,12.0
291,soc_095.jpg,5.0,4.0
291,soc_096.jpg,6.0,5.0
291,soc_097.jpg,5.0,4.0
291,soc_098.jpg,10.0,9.0
291,soc_099.jpg,5.0,4.0
291,soc_100.jpg,11.0,10.0
292,act_001.jpg,13.0,12.0
292,act_002.jpg,10.0,9.0
292,act_003.jpg,12.0,11.0
292,act_004.jpg,10.0,9.0
292,act_005.jpg,15.0,14.0
292,art_006.jpg,11.0,10.0
292,art_007.jpg,5.0,4.0
292,art_008.jpg,7.0,6.0
292,art_009.jpg,14.0,13.0
292,art_010.jpg,16.0,15.0
292,art_011.jpg,14.0,13.0
292,cat_012.jpg,16.0,15.0
292,cat_013.jpg,15.0,14.0
292,cat_014.jpg,16.0,15.0
292,cat_015.jpg,4.0,3.0
292,ind_016.jpg,14.0,13.0
292,ind_017.jpg,17.0,16.0
292,ind_018.jpg,16.0,15.0
292,ind_019.jpg,10.0,9.0
292,ind_020.jpg,12.0,11.0
292,ind_021.jpg,6.0,5.0
292,ind_022.jpg,12.0,11.0
292,ind_023.jpg,14.0,13.0
292,ind_024.jpg,3.0,2.0
292,ind_025.jpg,14.0,13.0
292,land_026.jpg,16.0,15.0
292,land_027.jpg,10.0,9.0
292,land_028.jpg,16.0,15.0
292,land_029.jpg,15.0,14.0
292,land_030.jpg,17.0,16.0
292,low_031.jpg,11.0,10.0
292,low_032.jpg,13.0,12.0
292,low_033.jpg,14.0,13.0
292,low_034.jpg,9.0,8.0
292,low_035.jpg,9.0,8.0
292,low_036.jpg,12.0,11.0
292,mood_37.jpg,14.0,13.0
292,mood_38.jpg,17.0,16.0
292,mood_39.jpg,17.0,16.0
292,mood_40.jpg,19.0,18.0
292,mood_41.jpg,17.0,16.0
292,mood_42.jpg,17.0,16.0
292,mood_43.jpg,17.0,16.0
292,mood_44.jpg,20.0,19.0
292,mood_45.jpg,17.0,16.0
292,mood_46.jpg,13.0,12.0
292,noi_047.jpg,12.0,11.0
292,noi_048.jpg,16.0,15.0
292,noi_049.jpg,8.0,7.0
292,noi_050.jpg,15.0,14.0
292,noi_051.jpg,12.0,11.0
292,noi_052.jpg,3.0,2.0
292,noi_053.jpg,13.0,12.0
292,outman_054.jpg,12.0,11.0
292,outman_055.jpg,12.0,11.0
292,outman_056.jpg,17.0,16.0
292,outman_057.jpg,13.0,12.0
292,outman_058.jpg,9.0,8.0
292,outman_059.jpg,12.0,11.0
292,outman_060.jpg,12.0,11.0
292,outman_061.jpg,13.0,12.0
292,pat_066.jpg,12.0,11.0
292,pat_067.jpg,13.0,12.0
292,pat_068.jpg,14.0,13.0
292,pat_069.jpg,17.0,16.0
292,pat_070.jpg,10.0,9.0
292,patch_062.jpg,17.0,16.0
292,patch_063.jpg,13.0,12.0
292,patch_064.jpg,13.0,12.0
292,patch_065.jpg,14.0,13.0
292,por_071.jpg,16.0,15.0
292,por_072.jpg,11.0,10.0
292,por_073.jpg,11.0,10.0
292,por_074.jpg,13.0,12.0
292,rand_075.jpg,13.0,12.0
292,rand_076.jpg,14.0,13.0
292,rand_077.jpg,13.0,12.0
292,rand_078.jpg,10.0,9.0
292,rand_079.jpg,10.0,9.0
292,sat_080.jpg,14.0,13.0
292,sat_081.jpg,15.0,14.0
292,sat_082.jpg,7.0,6.0
292,sat_083.jpg,14.0,13.0
292,sat_084.jpg,11.0,10.0
292,sat_085.jpg,16.0,15.0
292,sat_086.jpg,14.0,13.0
292,sat_087.jpg,10.0,9.0
292,soc_088.jpg,13.0,12.0
292,soc_089.jpg,11.0,10.0
292,soc_090.jpg,12.0,11.0
292,soc_091.jpg,14.0,13.0
292,soc_092.jpg,13.0,12.0
292,soc_093.jpg,13.0,12.0
292,soc_094.jpg,14.0,13.0
292,soc_095.jpg,12.0,11.0
292,soc_096.jpg,17.0,16.0
292,soc_097.jpg,15.0,14.0
292,soc_098.jpg,15.0,14.0
292,soc_099.jpg,11.0,10.0
292,soc_100.jpg,11.0,10.0
293,act_001.jpg,15.0,14.0
293,act_002.jpg,16.0,15.0
293,act_003.jpg,15.0,14.0
293,act_004.jpg,13.0,12.0
293,act_005.jpg,16.0,15.0
293,art_006.jpg,14.0,13.0
293,art_007.jpg,16.0,15.0
293,art_008.jpg,15.0,14.0
293,art_009.jpg,16.0,15.0
293,art_010.jpg,11.0,10.0
293,art_011.jpg,14.0,13.0
293,cat_012.jpg,15.0,14.0
293,cat_013.jpg,14.0,13.0
293,cat_014.jpg,18.0,17.0
293,cat_015.jpg,15.0,14.0
293,ind_016.jpg,13.0,12.0
293,ind_017.jpg,16.0,15.0
293,ind_018.jpg,14.0,13.0
293,ind_019.jpg,14.0,13.0
293,ind_020.jpg,15.0,14.0
293,ind_021.jpg,17.0,16.0
293,ind_022.jpg,17.0,16.0
293,ind_023.jpg,16.0,15.0
293,ind_024.jpg,14.0,13.0
293,ind_025.jpg,17.0,16.0
293,land_026.jpg,12.0,11.0
293,land_027.jpg,16.0,15.0
293,land_028.jpg,14.0,13.0
293,land_029.jpg,12.0,11.0
293,land_030.jpg,12.0,11.0
293,low_031.jpg,9.0,8.0
293,low_032.jpg,14.0,13.0
293,low_033.jpg,16.0,15.0
293,low_034.jpg,12.0,11.0
293,low_035.jpg,13.0,12.0
293,low_036.jpg,8.0,7.0
293,mood_37.jpg,16.0,15.0
293,mood_38.jpg,18.0,17.0
293,mood_39.jpg,15.0,14.0
293,mood_40.jpg,17.0,16.0
293,mood_41.jpg,15.0,14.0
293,mood_42.jpg,16.0,15.0
293,mood_43.jpg,15.0,14.0
293,mood_44.jpg,18.0,17.0
293,mood_45.jpg,14.0,13.0
293,mood_46.jpg,14.0,13.0
293,noi_047.jpg,14.0,13.0
293,noi_048.jpg,13.0,12.0
293,noi_049.jpg,16.0,15.0
293,noi_050.jpg,11.0,10.0
293,noi_051.jpg,12.0,11.0
293,noi_052.jpg,16.0,15.0
293,noi_053.jpg,14.0,13.0
293,outman_054.jpg,17.0,16.0
293,outman_055.jpg,13.0,12.0
293,outman_056.jpg,12.0,11.0
293,outman_057.jpg,15.0,14.0
293,outman_058.jpg,14.0,13.0
293,outman_059.jpg,13.0,12.0
293,outman_060.jpg,13.0,12.0
293,outman_061.jpg,12.0,11.0
293,pat_066.jpg,10.0,9.0
293,pat_067.jpg,12.0,11.0
293,pat_068.jpg,16.0,15.0
293,pat_069.jpg,15.0,14.0
293,pat_070.jpg,10.0,9.0
293,patch_062.jpg,13.0,12.0
293,patch_063.jpg,13.0,12.0
293,patch_064.jpg,15.0,14.0
293,patch_065.jpg,16.0,15.0
293,por_071.jpg,14.0,13.0
293,por_072.jpg,17.0,16.0
293,por_073.jpg,14.0,13.0
293,por_074.jpg,13.0,12.0
293,rand_075.jpg,15.0,14.0
293,rand_076.jpg,12.0,11.0
293,rand_077.jpg,6.0,5.0
293,rand_078.jpg,14.0,13.0
293,rand_079.jpg,13.0,12.0
293,sat_080.jpg,14.0,13.0
293,sat_081.jpg,15.0,14.0
293,sat_082.jpg,16.0,15.0
293,sat_083.jpg,16.0,15.0
293,sat_084.jpg,13.0,12.0
293,sat_085.jpg,12.0,11.0
293,sat_086.jpg,15.0,14.0
293,sat_087.jpg,10.0,9.0
293,soc_088.jpg,16.0,15.0
293,soc_089.jpg,14.0,13.0
293,soc_090.jpg,16.0,15.0
293,soc_091.jpg,15.0,14.0
293,soc_092.jpg,15.0,14.0
293,soc_093.jpg,17.0,16.0
293,soc_094.jpg,14.0,13.0
293,soc_095.jpg,12.0,11.0
293,soc_096.jpg,14.0,13.0
293,soc_097.jpg,15.0,14.0
293,soc_098.jpg,16.0,15.0
293,soc_099.jpg,19.0,18.0
293,soc_100.jpg,18.0,17.0
297,act_001.jpg,19.0,18.0
297,act_002.jpg,12.0,11.0
297,act_003.jpg,16.0,15.0
297,act_004.jpg,5.0,4.0
297,act_005.jpg,18.0,17.0
297,art_006.jpg,13.0,12.0
297,art_007.jpg,14.0,13.0
297,art_008.jpg,16.0,15.0
297,art_009.jpg,14.0,13.0
297,art_010.jpg,16.0,15.0
297,art_011.jpg,16.0,15.0
297,cat_012.jpg,9.0,8.0
297,cat_013.jpg,12.0,11.0
297,cat_014.jpg,,
297,cat_015.jpg,13.0,12.0
297,ind_016.jpg,15.0,14.0
297,ind_017.jpg,18.0,17.0
297,ind_018.jpg,11.0,10.0
297,ind_019.jpg,15.0,14.0
297,ind_020.jpg,20.0,19.0
297,ind_021.jpg,,
297,ind_022.jpg,16.0,15.0
297,ind_023.jpg,14.0,13.0
297,ind_024.jpg,13.0,12.0
297,ind_025.jpg,17.0,16.0
297,land_026.jpg,17.0,16.0
297,land_027.jpg,9.0,8.0
297,land_028.jpg,,
297,land_029.jpg,12.0,11.0
297,land_030.jpg,,
297,low_031.jpg,15.0,14.0
297,low_032.jpg,11.0,10.0
297,low_033.jpg,11.0,10.0
297,low_034.jpg,15.0,14.0
297,low_035.jpg,14.0,13.0
297,low_036.jpg,16.0,15.0
297,mood_37.jpg,13.0,12.0
297,mood_38.jpg,17.0,16.0
297,mood_39.jpg,17.0,16.0
297,mood_40.jpg,16.0,15.0
297,mood_41.jpg,21.0,20.0
297,mood_42.jpg,21.0,20.0
297,mood_43.jpg,19.0,18.0
297,mood_44.jpg,17.0,16.0
297,mood_45.jpg,13.0,12.0
297,mood_46.jpg,16.0,15.0
297,noi_047.jpg,16.0,15.0
297,noi_048.jpg,9.0,8.0
297,noi_049.jpg,15.0,14.0
297,noi_050.jpg,6.0,5.0
297,noi_051.jpg,13.0,12.0
297,noi_052.jpg,7.0,6.0
297,noi_053.jpg,13.0,12.0
297,outman_054.jpg,10.0,9.0
297,outman_055.jpg,14.0,13.0
297,outman_056.jpg,12.0,11.0
297,outman_057.jpg,13.0,12.0
297,outman_058.jpg,15.0,14.0
297,outman_059.jpg,17.0,16.0
297,outman_060.jpg,11.0,10.0
297,outman_061.jpg,11.0,10.0
297,pat_066.jpg,14.0,13.0
297,pat_067.jpg,27.0,26.0
297,pat_068.jpg,4.0,3.0
297,pat_069.jpg,8.0,7.0
297,pat_070.jpg,13.0,12.0
297,patch_062.jpg,18.0,17.0
297,patch_063.jpg,18.0,17.0
297,patch_064.jpg,14.0,13.0
297,patch_065.jpg,13.0,12.0
297,por_071.jpg,18.0,17.0
297,por_072.jpg,17.0,16.0
297,por_073.jpg,18.0,17.0
297,por_074.jpg,18.0,17.0
297,rand_075.jpg,15.0,14.0
297,rand_076.jpg,12.0,11.0
297,rand_077.jpg,15.0,14.0
297,rand_078.jpg,14.0,13.0
297,rand_079.jpg,15.0,14.0
297,sat_080.jpg,11.0,10.0
297,sat_081.jpg,16.0,15.0
297,sat_082.jpg,14.0,13.0
297,sat_083.jpg,13.0,12.0
297,sat_084.jpg,14.0,13.0
297,sat_085.jpg,14.0,13.0
297,sat_086.jpg,17.0,16.0
297,sat_087.jpg,13.0,12.0
297,soc_088.jpg,9.0,8.0
297,soc_089.jpg,15.0,14.0
297,soc_090.jpg,16.0,15.0
297,soc_091.jpg,16.0,15.0
297,soc_092.jpg,14.0,13.0
297,soc_093.jpg,13.0,12.0
297,soc_094.jpg,16.0,15.0
297,soc_095.jpg,17.0,16.0
297,soc_096.jpg,16.0,15.0
297,soc_097.jpg,12.0,11.0
297,soc_098.jpg,10.0,9.0
297,soc_099.jpg,12.0,11.0
297,soc_100.jpg,14.0,13.0
298,act_001.jpg,11.0,10.0
298,act_002.jpg,14.0,13.0
298,act_003.jpg,16.0,15.0
298,act_004.jpg,14.0,13.0
298,act_005.jpg,15.0,14.0
298,art_006.jpg,16.0,15.0
298,art_007.jpg,18.0,17.0
298,art_008.jpg,13.0,12.0
298,art_009.jpg,18.0,17.0
298,art_010.jpg,17.0,16.0
298,art_011.jpg,18.0,17.0
298,cat_012.jpg,15.0,14.0
298,cat_013.jpg,13.0,12.0
298,cat_014.jpg,16.0,15.0
298,cat_015.jpg,14.0,13.0
298,ind_016.jpg,14.0,13.0
298,ind_017.jpg,17.0,16.0
298,ind_018.jpg,14.0,13.0
298,ind_019.jpg,14.0,13.0
298,ind_020.jpg,12.0,11.0
298,ind_021.jpg,15.0,14.0
298,ind_022.jpg,14.0,13.0
298,ind_023.jpg,13.0,12.0
298,ind_024.jpg,17.0,16.0
298,ind_025.jpg,17.0,16.0
298,land_026.jpg,15.0,14.0
298,land_027.jpg,17.0,16.0
298,land_028.jpg,17.0,16.0
298,land_029.jpg,14.0,13.0
298,land_030.jpg,14.0,13.0
298,low_031.jpg,11.0,10.0
298,low_032.jpg,9.0,8.0
298,low_033.jpg,9.0,8.0
298,low_034.jpg,9.0,8.0
298,low_035.jpg,11.0,10.0
298,low_036.jpg,10.0,9.0
298,mood_37.jpg,15.0,14.0
298,mood_38.jpg,14.0,13.0
298,mood_39.jpg,17.0,16.0
298,mood_40.jpg,15.0,14.0
298,mood_41.jpg,18.0,17.0
298,mood_42.jpg,15.0,14.0
298,mood_43.jpg,15.0,14.0
298,mood_44.jpg,19.0,18.0
298,mood_45.jpg,15.0,14.0
298,mood_46.jpg,17.0,16.0
298,noi_047.jpg,14.0,13.0
298,noi_048.jpg,15.0,14.0
298,noi_049.jpg,13.0,12.0
298,noi_050.jpg,14.0,13.0
298,noi_051.jpg,14.0,13.0
298,noi_052.jpg,13.0,12.0
298,noi_053.jpg,15.0,14.0
298,outman_054.jpg,13.0,12.0
298,outman_055.jpg,13.0,12.0
298,outman_056.jpg,18.0,17.0
298,outman_057.jpg,14.0,13.0
298,outman_058.jpg,18.0,17.0
298,outman_059.jpg,17.0,16.0
298,outman_060.jpg,14.0,13.0
298,outman_061.jpg,17.0,16.0
298,pat_066.jpg,9.0,8.0
298,pat_067.jpg,15.0,14.0
298,pat_068.jpg,12.0,11.0
298,pat_069.jpg,11.0,10.0
298,pat_070.jpg,14.0,13.0
298,patch_062.jpg,18.0,17.0
298,patch_063.jpg,14.0,13.0
298,patch_064.jpg,12.0,11.0
298,patch_065.jpg,15.0,14.0
298,por_071.jpg,14.0,13.0
298,por_072.jpg,19.0,18.0
298,por_073.jpg,14.0,13.0
298,por_074.jpg,13.0,12.0
298,rand_075.jpg,16.0,15.0
298,rand_076.jpg,14.0,13.0
298,rand_077.jpg,11.0,10.0
298,rand_078.jpg,10.0,9.0
298,rand_079.jpg,12.0,11.0
298,sat_080.jpg,18.0,17.0
298,sat_081.jpg,14.0,13.0
298,sat_082.jpg,14.0,13.0
298,sat_083.jpg,12.0,11.0
298,sat_084.jpg,14.0,13.0
298,sat_085.jpg,14.0,13.0
298,sat_086.jpg,17.0,16.0
298,sat_087.jpg,11.0,10.0
298,soc_088.jpg,15.0,14.0
298,soc_089.jpg,15.0,14.0
298,soc_090.jpg,15.0,14.0
298,soc_091.jpg,14.0,13.0
298,soc_092.jpg,12.0,11.0
298,soc_093.jpg,15.0,14.0
298,soc_094.jpg,13.0,12.0
298,soc_095.jpg,18.0,17.0
298,soc_096.jpg,15.0,14.0
298,soc_097.jpg,15.0,14.0
298,soc_098.jpg,17.0,16.0
298,soc_099.jpg,16.0,15.0
298,soc_100.jpg,9.0,8.0
299,act_001.jpg,14.0,13.0
299,act_002.jpg,12.0,11.0
299,act_003.jpg,16.0,15.0
299,act_004.jpg,14.0,13.0
299,act_005.jpg,16.0,15.0
299,art_006.jpg,15.0,14.0
299,art_007.jpg,19.0,18.0
299,art_008.jpg,12.0,11.0
299,art_009.jpg,13.0,12.0
299,art_010.jpg,15.0,14.0
299,art_011.jpg,14.0,13.0
299,cat_012.jpg,15.0,14.0
299,cat_013.jpg,16.0,15.0
299,cat_014.jpg,17.0,16.0
299,cat_015.jpg,15.0,14.0
299,ind_016.jpg,13.0,12.0
299,ind_017.jpg,13.0,12.0
299,ind_018.jpg,12.0,11.0
299,ind_019.jpg,14.0,13.0
299,ind_020.jpg,17.0,16.0
299,ind_021.jpg,15.0,14.0
299,ind_022.jpg,13.0,12.0
299,ind_023.jpg,17.0,16.0
299,ind_024.jpg,17.0,16.0
299,ind_025.jpg,14.0,13.0
299,land_026.jpg,14.0,13.0
299,land_027.jpg,14.0,13.0
299,land_028.jpg,13.0,12.0
299,land_029.jpg,14.0,13.0
299,land_030.jpg,14.0,13.0
299,low_031.jpg,12.0,11.0
299,low_032.jpg,16.0,15.0
299,low_033.jpg,14.0,13.0
299,low_034.jpg,13.0,12.0
299,low_035.jpg,14.0,13.0
299,low_036.jpg,13.0,12.0
299,mood_37.jpg,16.0,15.0
299,mood_38.jpg,15.0,14.0
299,mood_39.jpg,17.0,16.0
299,mood_40.jpg,18.0,17.0
299,mood_41.jpg,20.0,19.0
299,mood_42.jpg,15.0,14.0
299,mood_43.jpg,16.0,15.0
299,mood_44.jpg,15.0,14.0
299,mood_45.jpg,17.0,16.0
299,mood_46.jpg,17.0,16.0
299,noi_047.jpg,17.0,16.0
299,noi_048.jpg,13.0,12.0
299,noi_049.jpg,19.0,18.0
299,noi_050.jpg,13.0,12.0
299,noi_051.jpg,10.0,9.0
299,noi_052.jpg,12.0,11.0
299,noi_053.jpg,11.0,10.0
299,outman_054.jpg,13.0,12.0
299,outman_055.jpg,15.0,14.0
299,outman_056.jpg,16.0,15.0
299,outman_057.jpg,14.0,13.0
299,outman_058.jpg,15.0,14.0
299,outman_059.jpg,13.0,12.0
299,outman_060.jpg,13.0,12.0
299,outman_061.jpg,17.0,16.0
299,pat_066.jpg,11.0,10.0
299,pat_067.jpg,13.0,12.0
299,pat_068.jpg,14.0,13.0
299,pat_069.jpg,13.0,12.0
299,pat_070.jpg,16.0,15.0
299,patch_062.jpg,15.0,14.0
299,patch_063.jpg,18.0,17.0
299,patch_064.jpg,17.0,16.0
299,patch_065.jpg,15.0,14.0
299,por_071.jpg,16.0,15.0
299,por_072.jpg,14.0,13.0
299,por_073.jpg,17.0,16.0
299,por_074.jpg,17.0,16.0
299,rand_075.jpg,12.0,11.0
299,rand_076.jpg,21.0,20.0
299,rand_077.jpg,13.0,12.0
299,rand_078.jpg,14.0,13.0
299,rand_079.jpg,15.0,14.0
299,sat_080.jpg,13.0,12.0
299,sat_081.jpg,14.0,13.0
299,sat_082.jpg,18.0,17.0
299,sat_083.jpg,17.0,16.0
299,sat_084.jpg,15.0,14.0
299,sat_085.jpg,15.0,14.0
299,sat_086.jpg,14.0,13.0
299,sat_087.jpg,16.0,15.0
299,soc_088.jpg,16.0,15.0
299,soc_089.jpg,16.0,15.0
299,soc_090.jpg,16.0,15.0
299,soc_091.jpg,13.0,12.0
299,soc_092.jpg,14.0,13.0
299,soc_093.jpg,16.0,15.0
299,soc_094.jpg,16.0,15.0
299,soc_095.jpg,12.0,11.0
299,soc_096.jpg,18.0,17.0
299,soc_097.jpg,14.0,13.0
299,soc_098.jpg,19.0,18.0
299,soc_099.jpg,16.0,15.0
299,soc_100.jpg,17.0,16.0
301,act_001.jpg,13.0,12.0
301,act_002.jpg,9.0,8.0
301,act_003.jpg,10.0,9.0
301,act_004.jpg,8.0,7.0
301,act_005.jpg,12.0,11.0
301,art_006.jpg,9.0,8.0
301,art_007.jpg,7.0,6.0
301,art_008.jpg,11.0,10.0
301,art_009.jpg,9.0,8.0
301,art_010.jpg,8.0,7.0
301,art_011.jpg,8.0,7.0
301,cat_012.jpg,9.0,8.0
301,cat_013.jpg,8.0,7.0
301,cat_014.jpg,11.0,10.0
301,cat_015.jpg,11.0,10.0
301,ind_016.jpg,8.0,7.0
301,ind_017.jpg,12.0,11.0
301,ind_018.jpg,6.0,5.0
301,ind_019.jpg,9.0,8.0
301,ind_020.jpg,10.0,9.0
301,ind_021.jpg,11.0,10.0
301,ind_022.jpg,4.0,3.0
301,ind_023.jpg,10.0,9.0
301,ind_024.jpg,10.0,9.0
301,ind_025.jpg,11.0,10.0
301,land_026.jpg,9.0,8.0
301,land_027.jpg,11.0,10.0
301,land_028.jpg,10.0,9.0
301,land_029.jpg,8.0,7.0
301,land_030.jpg,10.0,9.0
301,low_031.jpg,8.0,7.0
301,low_032.jpg,8.0,7.0
301,low_033.jpg,8.0,7.0
301,low_034.jpg,4.0,3.0
301,low_035.jpg,6.0,5.0
301,low_036.jpg,9.0,8.0
301,mood_37.jpg,11.0,10.0
301,mood_38.jpg,10.0,9.0
301,mood_39.jpg,12.0,11.0
301,mood_40.jpg,11.0,10.0
301,mood_41.jpg,13.0,12.0
301,mood_42.jpg,6.0,5.0
301,mood_43.jpg,16.0,15.0
301,mood_44.jpg,12.0,11.0
301,mood_45.jpg,10.0,9.0
301,mood_46.jpg,13.0,12.0
301,noi_047.jpg,12.0,11.0
301,noi_048.jpg,11.0,10.0
301,noi_049.jpg,7.0,6.0
301,noi_050.jpg,6.0,5.0
301,noi_051.jpg,9.0,8.0
301,noi_052.jpg,9.0,8.0
301,noi_053.jpg,8.0,7.0
301,outman_054.jpg,11.0,10.0
301,outman_055.jpg,10.0,9.0
301,outman_056.jpg,10.0,9.0
301,outman_057.jpg,11.0,10.0
301,outman_058.jpg,9.0,8.0
301,outman_059.jpg,10.0,9.0
301,outman_060.jpg,14.0,13.0
301,outman_061.jpg,13.0,12.0
301,pat_066.jpg,5.0,4.0
301,pat_067.jpg,8.0,7.0
301,pat_068.jpg,9.0,8.0
301,pat_069.jpg,9.0,8.0
301,pat_070.jpg,11.0,10.0
301,patch_062.jpg,8.0,7.0
301,patch_063.jpg,12.0,11.0
301,patch_064.jpg,9.0,8.0
301,patch_065.jpg,1.0,0.0
301,por_071.jpg,11.0,10.0
301,por_072.jpg,12.0,11.0
301,por_073.jpg,9.0,8.0
301,por_074.jpg,9.0,8.0
301,rand_075.jpg,11.0,10.0
301,rand_076.jpg,11.0,10.0
301,rand_077.jpg,10.0,9.0
301,rand_078.jpg,7.0,6.0
301,rand_079.jpg,9.0,8.0
301,sat_080.jpg,,
301,sat_081.jpg,11.0,10.0
301,sat_082.jpg,10.0,9.0
301,sat_083.jpg,11.0,10.0
301,sat_084.jpg,12.0,11.0
301,sat_085.jpg,9.0,8.0
301,sat_086.jpg,10.0,9.0
301,sat_087.jpg,13.0,12.0
301,soc_088.jpg,9.0,8.0
301,soc_089.jpg,12.0,11.0
301,soc_090.jpg,10.0,9.0
301,soc_091.jpg,11.0,10.0
301,soc_092.jpg,11.0,10.0
301,soc_093.jpg,10.0,9.0
301,soc_094.jpg,11.0,10.0
301,soc_095.jpg,9.0,8.0
301,soc_096.jpg,11.0,10.0
301,soc_097.jpg,10.0,9.0
301,soc_098.jpg,6.0,5.0
301,soc_099.jpg,8.0,7.0
301,soc_100.jpg,10.0,9.0
302,act_001.jpg,13.0,12.0
302,act_002.jpg,15.0,14.0
302,act_003.jpg,11.0,10.0
302,act_004.jpg,13.0,12.0
302,act_005.jpg,12.0,11.0
302,art_006.jpg,8.0,7.0
302,art_007.jpg,16.0,15.0
302,art_008.jpg,12.0,11.0
302,art_009.jpg,15.0,14.0
302,art_010.jpg,13.0,12.0
302,art_011.jpg,10.0,9.0
302,cat_012.jpg,13.0,12.0
302,cat_013.jpg,11.0,10.0
302,cat_014.jpg,9.0,8.0
302,cat_015.jpg,11.0,10.0
302,ind_016.jpg,14.0,13.0
302,ind_017.jpg,14.0,13.0
302,ind_018.jpg,13.0,12.0
302,ind_019.jpg,10.0,9.0
302,ind_020.jpg,14.0,13.0
302,ind_021.jpg,10.0,9.0
302,ind_022.jpg,12.0,11.0
302,ind_023.jpg,13.0,12.0
302,ind_024.jpg,15.0,14.0
302,ind_025.jpg,13.0,12.0
302,land_026.jpg,10.0,9.0
302,land_027.jpg,16.0,15.0
302,land_028.jpg,8.0,7.0
302,land_029.jpg,9.0,8.0
302,land_030.jpg,12.0,11.0
302,low_031.jpg,8.0,7.0
302,low_032.jpg,11.0,10.0
302,low_033.jpg,14.0,13.0
302,low_034.jpg,7.0,6.0
302,low_035.jpg,14.0,13.0
302,low_036.jpg,11.0,10.0
302,mood_37.jpg,13.0,12.0
302,mood_38.jpg,17.0,16.0
302,mood_39.jpg,16.0,15.0
302,mood_40.jpg,9.0,8.0
302,mood_41.jpg,8.0,7.0
302,mood_42.jpg,13.0,12.0
302,mood_43.jpg,14.0,13.0
302,mood_44.jpg,11.0,10.0
302,mood_45.jpg,15.0,14.0
302,mood_46.jpg,10.0,9.0
302,noi_047.jpg,14.0,13.0
302,noi_048.jpg,9.0,8.0
302,noi_049.jpg,11.0,10.0
302,noi_050.jpg,10.0,9.0
302,noi_051.jpg,11.0,10.0
302,noi_052.jpg,12.0,11.0
302,noi_053.jpg,8.0,7.0
302,outman_054.jpg,13.0,12.0
302,outman_055.jpg,10.0,9.0
302,outman_056.jpg,4.0,3.0
302,outman_057.jpg,16.0,15.0
302,outman_058.jpg,10.0,9.0
302,outman_059.jpg,13.0,12.0
302,outman_060.jpg,9.0,8.0
302,outman_061.jpg,10.0,9.0
302,pat_066.jpg,10.0,9.0
302,pat_067.jpg,12.0,11.0
302,pat_068.jpg,14.0,13.0
302,pat_069.jpg,8.0,7.0
302,pat_070.jpg,14.0,13.0
302,patch_062.jpg,9.0,8.0
302,patch_063.jpg,9.0,8.0
302,patch_064.jpg,13.0,12.0
302,patch_065.jpg,12.0,11.0
302,por_071.jpg,12.0,11.0
302,por_072.jpg,15.0,14.0
302,por_073.jpg,12.0,11.0
302,por_074.jpg,11.0,10.0
302,rand_075.jpg,11.0,10.0
302,rand_076.jpg,9.0,8.0
302,rand_077.jpg,9.0,8.0
302,rand_078.jpg,13.0,12.0
302,rand_079.jpg,8.0,7.0
302,sat_080.jpg,12.0,11.0
302,sat_081.jpg,16.0,15.0
302,sat_082.jpg,13.0,12.0
302,sat_083.jpg,14.0,13.0
302,sat_084.jpg,8.0,7.0
302,sat_085.jpg,11.0,10.0
302,sat_086.jpg,2.0,1.0
302,sat_087.jpg,16.0,15.0
302,soc_088.jpg,13.0,12.0
302,soc_089.jpg,12.0,11.0
302,soc_090.jpg,13.0,12.0
302,soc_091.jpg,15.0,14.0
302,soc_092.jpg,13.0,12.0
302,soc_093.jpg,16.0,15.0
302,soc_094.jpg,11.0,10.0
302,soc_095.jpg,15.0,14.0
302,soc_096.jpg,7.0,6.0
302,soc_097.jpg,13.0,12.0
302,soc_098.jpg,15.0,14.0
302,soc_099.jpg,11.0,10.0
302,soc_100.jpg,15.0,14.0
303,act_001.jpg,16.0,15.0
303,act_002.jpg,17.0,16.0
303,act_003.jpg,15.0,14.0
303,act_004.jpg,15.0,14.0
303,act_005.jpg,11.0,10.0
303,art_006.jpg,15.0,14.0
303,art_007.jpg,15.0,14.0
303,art_008.jpg,15.0,14.0
303,art_009.jpg,14.0,13.0
303,art_010.jpg,18.0,17.0
303,art_011.jpg,11.0,10.0
303,cat_012.jpg,17.0,16.0
303,cat_013.jpg,14.0,13.0
303,cat_014.jpg,15.0,14.0
303,cat_015.jpg,20.0,19.0
303,ind_016.jpg,14.0,13.0
303,ind_017.jpg,16.0,15.0
303,ind_018.jpg,16.0,15.0
303,ind_019.jpg,11.0,10.0
303,ind_020.jpg,13.0,12.0
303,ind_021.jpg,17.0,16.0
303,ind_022.jpg,17.0,16.0
303,ind_023.jpg,17.0,16.0
303,ind_024.jpg,19.0,18.0
303,ind_025.jpg,16.0,15.0
303,land_026.jpg,15.0,14.0
303,land_027.jpg,16.0,15.0
303,land_028.jpg,15.0,14.0
303,land_029.jpg,9.0,8.0
303,land_030.jpg,14.0,13.0
303,low_031.jpg,12.0,11.0
303,low_032.jpg,12.0,11.0
303,low_033.jpg,17.0,16.0
303,low_034.jpg,13.0,12.0
303,low_035.jpg,12.0,11.0
303,low_036.jpg,10.0,9.0
303,mood_37.jpg,14.0,13.0
303,mood_38.jpg,16.0,15.0
303,mood_39.jpg,13.0,12.0
303,mood_40.jpg,14.0,13.0
303,mood_41.jpg,16.0,15.0
303,mood_42.jpg,17.0,16.0
303,mood_43.jpg,16.0,15.0
303,mood_44.jpg,17.0,16.0
303,mood_45.jpg,18.0,17.0
303,mood_46.jpg,12.0,11.0
303,noi_047.jpg,17.0,16.0
303,noi_048.jpg,15.0,14.0
303,noi_049.jpg,14.0,13.0
303,noi_050.jpg,15.0,14.0
303,noi_051.jpg,15.0,14.0
303,noi_052.jpg,12.0,11.0
303,noi_053.jpg,17.0,16.0
303,outman_054.jpg,13.0,12.0
303,outman_055.jpg,15.0,14.0
303,outman_056.jpg,16.0,15.0
303,outman_057.jpg,17.0,16.0
303,outman_058.jpg,9.0,8.0
303,outman_059.jpg,14.0,13.0
303,outman_060.jpg,16.0,15.0
303,outman_061.jpg,7.0,6.0
303,pat_066.jpg,5.0,4.0
303,pat_067.jpg,13.0,12.0
303,pat_068.jpg,15.0,14.0
303,pat_069.jpg,13.0,12.0
303,pat_070.jpg,16.0,15.0
303,patch_062.jpg,8.0,7.0
303,patch_063.jpg,16.0,15.0
303,patch_064.jpg,16.0,15.0
303,patch_065.jpg,7.0,6.0
303,por_071.jpg,11.0,10.0
303,por_072.jpg,15.0,14.0
303,por_073.jpg,13.0,12.0
303,por_074.jpg,15.0,14.0
303,rand_075.jpg,11.0,10.0
303,rand_076.jpg,14.0,13.0
303,rand_077.jpg,9.0,8.0
303,rand_078.jpg,5.0,4.0
303,rand_079.jpg,17.0,16.0
303,sat_080.jpg,9.0,8.0
303,sat_081.jpg,16.0,15.0
303,sat_082.jpg,1.0,0.0
303,sat_083.jpg,14.0,13.0
303,sat_084.jpg,12.0,11.0
303,sat_085.jpg,16.0,15.0
303,sat_086.jpg,8.0,7.0
303,sat_087.jpg,14.0,13.0
303,soc_088.jpg,15.0,14.0
303,soc_089.jpg,13.0,12.0
303,soc_090.jpg,10.0,9.0
303,soc_091.jpg,15.0,14.0
303,soc_092.jpg,13.0,12.0
303,soc_093.jpg,5.0,4.0
303,soc_094.jpg,8.0,7.0
303,soc_095.jpg,18.0,17.0
303,soc_096.jpg,14.0,13.0
303,soc_097.jpg,19.0,18.0
303,soc_098.jpg,17.0,16.0
303,soc_099.jpg,13.0,12.0
303,soc_100.jpg,17.0,16.0
